Country,Year,GDP (total)
Afghanistan,2000,3521418059.92345
Afghanistan,2001,2813571753.87253
Afghanistan,2002,3825701438.99963
Afghanistan,2003,4520946818.54581
Afghanistan,2004,5224896718.67782
Afghanistan,2005,6203256538.70967
Afghanistan,2006,6971758282.29351
Afghanistan,2007,9747886187.39393
Afghanistan,2008,10109297047.5432
Afghanistan,2009,12416152732.0567
Afghanistan,2010,15856668555.8336
Afghanistan,2011,17805098206.3141
Afghanistan,2012,19907329777.5872
Afghanistan,2013,20146416757.5987
Afghanistan,2014,20497128555.6972
Afghanistan,2015,19134221644.7325
Afghanistan,2016,18116572395.0772
Afghanistan,2017,18753456497.8159
Afghanistan,2018,18053222687.4126
Afghanistan,2019,18799444490.1128
Afghanistan,2020,19955929052.1496
Afghanistan,2021,14259995441.0759
Afghanistan,2022,14497243872.1337
Afghanistan,2023,17233051620.1117
Albania,2000,3480355258.04122
Albania,2001,3922100793.5403
Albania,2002,4348068242.19512
Albania,2003,5611496257.14231
Albania,2004,7184685781.51876
Albania,2005,8052077248.14638
Albania,2006,8896075004.63516
Albania,2007,10677324852.8822
Albania,2008,12881352893.6855
Albania,2009,12044205549.6571
Albania,2010,11926926615.8015
Albania,2011,12890760315.146
Albania,2012,12319834195.331
Albania,2013,12776224496.9718
Albania,2014,13228147516.1168
Albania,2015,11386853113.0189
Albania,2016,11861199830.8396
Albania,2017,13019726211.7369
Albania,2018,15379509891.7196
Albania,2019,15585105131.0644
Albania,2020,15241458744.8688
Albania,2021,18032010563.7558
Albania,2022,19017242585.7803
Albania,2023,23547179830.4413
Algeria,2000,54790398570.3282
Algeria,2001,59413400923.6364
Algeria,2002,61516103406.1688
Algeria,2003,73482264190.9245
Algeria,2004,91913680985.1708
Algeria,2005,107046618669.707
Algeria,2006,123084258693.01
Algeria,2007,142482739809.849
Algeria,2008,180383848331.135
Algeria,2009,150317292079.359
Algeria,2010,177785053939.531
Algeria,2011,218331946925.304
Algeria,2012,227143746075.934
Algeria,2013,229701430292.157
Algeria,2014,238942664192.59
Algeria,2015,187493855609.345
Algeria,2016,180763839522.151
Algeria,2017,189880896903.073
Algeria,2018,194554483655.528
Algeria,2019,193459662090.677
Algeria,2020,164873415325.201
Algeria,2021,186231205262.082
Algeria,2022,225638456572.143
Algeria,2023,247626161016.414
Argentina,2000,284203750000
Argentina,2001,268696750000
Argentina,2002,97724004251.8602
Argentina,2003,127586973492.177
Argentina,2004,164657930452.787
Argentina,2005,198737095012.282
Argentina,2006,232557260817.308
Argentina,2007,287530508430.568
Argentina,2008,361558037110.419
Argentina,2009,332976484577.619
Argentina,2010,423627422092.49
Argentina,2011,530158122010.442
Argentina,2012,545982375701.128
Argentina,2013,552025140252.246
Argentina,2014,526319673731.638
Argentina,2015,594749285413.212
Argentina,2016,557532320662.955
Argentina,2017,643628393281.364
Argentina,2018,524819892360.176
Argentina,2019,447754683615.225
Argentina,2020,385740508436.965
Argentina,2021,486564085480.036
Argentina,2022,632790070063.124
Argentina,2023,646075277525.125
Armenia,2000,1911563668.85006
Armenia,2001,2118467913.37873
Armenia,2002,2376335048.39976
Armenia,2003,2807061008.69084
Armenia,2004,3576615240.41616
Armenia,2005,4900469511.10191
Armenia,2006,6384452066.5146
Armenia,2007,9206301269.79164
Armenia,2008,11662040713.8753
Armenia,2009,8647937081.2562
Armenia,2010,9260285755.62424
Armenia,2011,10142111824.5835
Armenia,2012,10619320682.9474
Armenia,2013,11121464437.0415
Armenia,2014,11609513246.7958
Armenia,2015,10553337518.414
Armenia,2016,10546136235.5219
Armenia,2017,11527458709.0158
Armenia,2018,12457940694.7395
Armenia,2019,13619290539.2116
Armenia,2020,12641698583.2152
Armenia,2021,13878908628.9378
Armenia,2022,19513506553.1251
Armenia,2023,24085749592.3359
Australia,2000,416167815092.908
Australia,2001,379629301675.108
Australia,2002,395788696012.059
Australia,2003,467739079790.332
Australia,2004,614659980082.515
Australia,2005,695692898676.56
Australia,2006,748417562769.636
Australia,2007,855007458585.224
Australia,2008,1056112427190.38
Australia,2009,928762122698.05
Australia,2010,1148838233480.72
Australia,2011,1398610616772.97
Australia,2012,1547532281116.4
Australia,2013,1577123329410.88
Australia,2014,1468265356427.76
Australia,2015,1351296372254.31
Australia,2016,1206836962281.84
Australia,2017,1325582658156.54
Australia,2018,1427809041019.44
Australia,2019,1392723834562.64
Australia,2020,1328414058378.38
Australia,2021,1556735770437.26
Australia,2022,1690858246994.43
Australia,2023,1728057316695.61
Austria,2000,196181599831.287
Austria,2001,196477206829.33
Austria,2002,212837224022.813
Austria,2003,260779834340.097
Austria,2004,299210411454.823
Austria,2005,313952317330.776
Austria,2006,333905979332.481
Austria,2007,386760177589.497
Austria,2008,429234399096.173
Austria,2009,399290118782.429
Austria,2010,389827789217.634
Austria,2011,428954737064.057
Austria,2012,406750487603.59
Austria,2013,426580502769.417
Austria,2014,438556021078.034
Austria,2015,379546097300.633
Austria,2016,393687359770.273
Austria,2017,414926138132.691
Austria,2018,452582294972.775
Austria,2019,442983642371.842
Austria,2020,434397601557.696
Austria,2021,480467037338.783
Austria,2022,471773629830.381
Austria,2023,511685203845.001
Azerbaijan,2000,5272615722.96892
Azerbaijan,2001,5707616203.72011
Azerbaijan,2002,6236087738.28284
Azerbaijan,2003,7276413079.11451
Azerbaijan,2004,8680405740.94125
Azerbaijan,2005,13245421880.834
Azerbaijan,2006,20981929497.6188
Azerbaijan,2007,33049419431.2244
Azerbaijan,2008,48851293785.4483
Azerbaijan,2009,44292427184.9492
Azerbaijan,2010,52909294791.9262
Azerbaijan,2011,65952796427.9473
Azerbaijan,2012,69679944504.1972
Azerbaijan,2013,74160560123.6902
Azerbaijan,2014,75239785452.1022
Azerbaijan,2015,53076235354.746
Azerbaijan,2016,37866996882.9157
Azerbaijan,2017,40866627351.9817
Azerbaijan,2018,47112470051.7701
Azerbaijan,2019,48174235294.1176
Azerbaijan,2020,42693000000
Azerbaijan,2021,54825411764.7059
Azerbaijan,2022,78807470588.2353
Azerbaijan,2023,72356176470.5882
"Bahamas, The",2000,8076470000
"Bahamas, The",2001,8317830000
"Bahamas, The",2002,8881160000
"Bahamas, The",2003,8870090000
"Bahamas, The",2004,9055290000
"Bahamas, The",2005,9836200000
"Bahamas, The",2006,10167250000
"Bahamas, The",2007,10618340000
"Bahamas, The",2008,10526000000
"Bahamas, The",2009,9981960000
"Bahamas, The",2010,10095760000
"Bahamas, The",2011,10070450000
"Bahamas, The",2012,10720400000
"Bahamas, The",2013,10395800000
"Bahamas, The",2014,10974100000
"Bahamas, The",2015,11671900000
"Bahamas, The",2016,11745100000
"Bahamas, The",2017,12236700000
"Bahamas, The",2018,12615800000
"Bahamas, The",2019,13016200000
"Bahamas, The",2020,9958200000
"Bahamas, The",2021,11368900000
"Bahamas, The",2022,13136400000
"Bahamas, The",2023,14338500000
Bahrain,2000,9062898936.17021
Bahrain,2001,8976196808.51064
Bahrain,2002,9593510638.29787
Bahrain,2003,11074813829.7872
Bahrain,2004,13150159574.4681
Bahrain,2005,15968723404.2553
Bahrain,2006,18504760638.2979
Bahrain,2007,21730000000
Bahrain,2008,25710904255.3191
Bahrain,2009,22938218085.1064
Bahrain,2010,26805984042.5532
Bahrain,2011,29914680851.0638
Bahrain,2012,31963404255.3191
Bahrain,2013,33823324468.0851
Bahrain,2014,34772526595.7447
Bahrain,2015,32523297872.3404
Bahrain,2016,33884680851.0638
Bahrain,2017,37204813829.7872
Bahrain,2018,39567978723.4043
Bahrain,2019,40446808510.6383
Bahrain,2020,35837632978.7234
Bahrain,2021,40840212765.9574
Bahrain,2022,46680398936.1702
Bahrain,2023,46079867021.2766
Barbados,2000,3059500000
Barbados,2001,3054500000
Barbados,2002,3106500000
Barbados,2003,3209500000
Barbados,2004,3444500000
Barbados,2005,3819500000
Barbados,2006,4217323400
Barbados,2007,4675767950
Barbados,2008,4790410400
Barbados,2009,4466809600
Barbados,2010,5191188500
Barbados,2011,5342183800
Barbados,2012,5271257500
Barbados,2013,5361158350
Barbados,2014,5365976700
Barbados,2015,5288057750
Barbados,2016,5330761500
Barbados,2017,5517340450
Barbados,2018,5629916200
Barbados,2019,5788288000
Barbados,2020,5168344450
Barbados,2021,5275242050
Barbados,2022,6257303500
Barbados,2023,6720733200
Belarus,2000,12736780455.1539
Belarus,2001,12354820143.8849
Belarus,2002,14594900944.7658
Belarus,2003,17825444724.4878
Belarus,2004,23141566292.9462
Belarus,2005,30210091836.8294
Belarus,2006,36961894281.3444
Belarus,2007,45275711995.825
Belarus,2008,60752106347.126
Belarus,2009,50873167326.0414
Belarus,2010,57231904542.8755
Belarus,2011,61762382327.9319
Belarus,2012,65685890438.8922
Belarus,2013,75527558966.4473
Belarus,2014,78812805039.0743
Belarus,2015,56454889146.6088
Belarus,2016,47723545321.259
Belarus,2017,54725302249.8088
Belarus,2018,60031173807.7196
Belarus,2019,64410122847.3508
Belarus,2020,61371755326.2351
Belarus,2021,69673747131.87
Belarus,2022,73775179924.603
Belarus,2023,71857382745.6066
Belgium,2000,236792460312.471
Belgium,2001,236746141604.37
Belgium,2002,258383599375.177
Belgium,2003,318082528506.588
Belgium,2004,369214712443.206
Belgium,2005,385714762230.039
Belgium,2006,408259840868.823
Belgium,2007,470922156309.453
Belgium,2008,517328087920.078
Belgium,2009,485014525992.461
Belgium,2010,481556503720.001
Belgium,2011,527196649048.639
Belgium,2012,498414364944.961
Belgium,2013,524097026598.55
Belgium,2014,537987419164.351
Belgium,2015,461044767544.531
Belgium,2016,474271566739.729
Belgium,2017,500908767351.53
Belgium,2018,542638913427.921
Belgium,2019,536726344405.489
Belgium,2020,529694473501.791
Belgium,2021,598494036474.409
Belgium,2022,593438820508.173
Belgium,2023,644782756682.756
Bermuda,2000,3480219000
Bermuda,2001,3680483000
Bermuda,2002,3937228000
Bermuda,2003,4186525000
Bermuda,2004,4484703000
Bermuda,2005,4868136000
Bermuda,2006,6144000000
Bermuda,2007,6767000000
Bermuda,2008,6980000000
Bermuda,2009,6656000000
Bermuda,2010,6634526000
Bermuda,2011,6312691000
Bermuda,2012,6378188000
Bermuda,2013,6465756000
Bermuda,2014,6413988000
Bermuda,2015,6654541000
Bermuda,2016,6899911000
Bermuda,2017,7142316000
Bermuda,2018,7225977000
Bermuda,2019,7423465000
Bermuda,2020,6887147000
Bermuda,2021,7286607000
Bermuda,2022,7827980000
Bermuda,2023,8141700000
Botswana,2000,5788329609.15755
Botswana,2001,5489608299.66445
Botswana,2002,5438863982.88692
Botswana,2003,7511582173.37724
Botswana,2004,8957467706.5354
Botswana,2005,9918907108.09702
Botswana,2006,9919158482.41085
Botswana,2007,10567270655.5027
Botswana,2008,10730829116.4105
Botswana,2009,10118459242.3183
Botswana,2010,12637273429.1339
Botswana,2011,15110643612.1729
Botswana,2012,13907464500.1489
Botswana,2013,14271738933.2042
Botswana,2014,15470088500.7414
Botswana,2015,13530748844.505
Botswana,2016,15082637184.0496
Botswana,2017,16105155856.7708
Botswana,2018,17031943186.1353
Botswana,2019,16725908148.5481
Botswana,2020,14960291105.9316
Botswana,2021,18750946600.1423
Botswana,2022,20321958850.0363
Botswana,2023,19396084498.0084
Brazil,2000,655448231983.527
Brazil,2001,559983634798.981
Brazil,2002,509795273806.715
Brazil,2003,558233745651.874
Brazil,2004,669289424806.307
Brazil,2005,891633839853.105
Brazil,2006,1107626541710.74
Brazil,2007,1397114486471.38
Brazil,2008,1695855083552.05
Brazil,2009,1666996438681.46
Brazil,2010,2208837745214.23
Brazil,2011,2616156223977.47
Brazil,2012,2465227803011.57
Brazil,2013,2472819535742.73
Brazil,2014,2456043727198.85
Brazil,2015,1802212206904.68
Brazil,2016,1795693482652.52
Brazil,2017,2063514977334.32
Brazil,2018,1916933898038.36
Brazil,2019,1873288205186.45
Brazil,2020,1476107231194.11
Brazil,2021,1670647399034.67
Brazil,2022,1951923942083.32
Brazil,2023,2173665655937.27
Bulgaria,2000,13245990274.4581
Bulgaria,2001,14183446025.7389
Bulgaria,2002,16403043849.8297
Bulgaria,2003,21144957990.4681
Bulgaria,2004,26157743368.8716
Bulgaria,2005,29868657858.0082
Bulgaria,2006,34380536495.6739
Bulgaria,2007,44432811756.4731
Bulgaria,2008,54480684188.4442
Bulgaria,2009,52023801230.12
Bulgaria,2010,50760929302.5147
Bulgaria,2011,57737040780.0157
Bulgaria,2012,54288135058.7926
Bulgaria,2013,55852123989.9504
Bulgaria,2014,57157782909.9307
Bulgaria,2015,50811995688.6771
Bulgaria,2016,53964253211.84
Bulgaria,2017,59309748166.1179
Bulgaria,2018,66289266348.6504
Bulgaria,2019,68631726289.2794
Bulgaria,2020,70716821234.5967
Bulgaria,2021,84417951260.8091
Bulgaria,2022,90642851835.8996
Bulgaria,2023,102407653020.606
Burkina Faso,2000,2968370087.59759
Burkina Faso,2001,3190371080.94768
Burkina Faso,2002,3622350062.96053
Burkina Faso,2003,4740768142.67494
Burkina Faso,2004,5451688537.60959
Burkina Faso,2005,6146353173.34929
Burkina Faso,2006,6547419820.38113
Burkina Faso,2007,7625722836.76847
Burkina Faso,2008,9451435490.11467
Burkina Faso,2009,9450696873.34326
Burkina Faso,2010,10109619740.6994
Burkina Faso,2011,12080295977.5632
Burkina Faso,2012,12561015156.5683
Burkina Faso,2013,13444300485.8412
Burkina Faso,2014,13943016076.7436
Burkina Faso,2015,11832159315.6298
Burkina Faso,2016,12833363045.3367
Burkina Faso,2017,14106955615.3442
Burkina Faso,2018,15890066221.2882
Burkina Faso,2019,16032813503.3707
Burkina Faso,2020,17725010532.5268
Burkina Faso,2021,19697516284.3787
Burkina Faso,2022,18820218690.5948
Burkina Faso,2023,20324617844.5265
Burundi,2000,870486065.883137
Burundi,2001,876794723.068586
Burundi,2002,825394519.423728
Burundi,2003,784654423.620476
Burundi,2004,915257323.3961
Burundi,2005,1117113079.73645
Burundi,2006,1273375078.44844
Burundi,2007,1356199387.42308
Burundi,2008,1611835857.04588
Burundi,2009,1781455139.85931
Burundi,2010,2032135192.01248
Burundi,2011,2235820809.32006
Burundi,2012,2333341334.45753
Burundi,2013,2451606632.29246
Burundi,2014,2705783329.80483
Burundi,2015,3104003546.26497
Burundi,2016,2644487776.50077
Burundi,2017,2723586962.84034
Burundi,2018,2667182199.51333
Burundi,2019,2576518879.82353
Burundi,2020,2649680261.44299
Burundi,2021,2775798697.46022
Burundi,2022,3338722827.65691
Burundi,2023,2642161668.85211
Cabo Verde,2000,539227277.626411
Cabo Verde,2001,563090490.377368
Cabo Verde,2002,620507387.466174
Cabo Verde,2003,813260468.873834
Cabo Verde,2004,924940011.836897
Cabo Verde,2005,972241676.907662
Cabo Verde,2006,1107571457.90614
Cabo Verde,2007,1649621738.63689
Cabo Verde,2008,1959620648.31578
Cabo Verde,2009,1852334575.17521
Cabo Verde,2010,1824751467.92957
Cabo Verde,2011,2046817987.20109
Cabo Verde,2012,1913081210.41411
Cabo Verde,2013,2028910915.16446
Cabo Verde,2014,2041930125.42979
Cabo Verde,2015,1749857620.35329
Cabo Verde,2016,1849789992.7426
Cabo Verde,2017,1996741544.61574
Cabo Verde,2018,2205099509.15987
Cabo Verde,2019,2252177133.74705
Cabo Verde,2020,1821565617.6945
Cabo Verde,2021,2051842609.64558
Cabo Verde,2022,2247003347.63376
Cabo Verde,2023,2533819406.4916
Cameroon,2000,10566579294.9831
Cameroon,2001,10953485349.1135
Cameroon,2002,12417251350.4882
Cameroon,2003,15970315034.9903
Cameroon,2004,18826214135.6419
Cameroon,2005,19509852206.9341
Cameroon,2006,20910512974.933
Cameroon,2007,23928250433.0378
Cameroon,2008,27715142032.913
Cameroon,2009,27932970317.129
Cameroon,2010,27507501821.0296
Cameroon,2011,30630910495.217
Cameroon,2012,30155062329.2821
Cameroon,2013,33728621180.3231
Cameroon,2014,36386544706.0806
Cameroon,2015,32210233020.4569
Cameroon,2016,33814337044.3765
Cameroon,2017,36098547033.1655
Cameroon,2018,39955552189.795
Cameroon,2019,39667757527.6578
Cameroon,2020,40773241177.0505
Cameroon,2021,45011937346.8384
Cameroon,2022,44347206072.5513
Cameroon,2023,49279410982.826
Canada,2000,744773415931.587
Canada,2001,738981792355.372
Canada,2002,760649334098.005
Canada,2003,895540646634.787
Canada,2004,1026690238278.25
Canada,2005,1173108598778.68
Canada,2006,1319264809590.97
Canada,2007,1468820407783.26
Canada,2008,1552989690721.65
Canada,2009,1374625142157.29
Canada,2010,1617343367486.26
Canada,2011,1793326630174.52
Canada,2012,1828366481521.6
Canada,2013,1846597421834.98
Canada,2014,1805749878439.94
Canada,2015,1556508816217.14
Canada,2016,1527994741907.43
Canada,2017,1649265644244.09
Canada,2018,1725329192783.02
Canada,2019,1743725183672.52
Canada,2020,1655684730000.19
Canada,2021,2007472181464.15
Canada,2022,2161483369422.01
Canada,2023,2142470914401.36
Chile,2000,78339750721.7352
Chile,2001,71574739561.4329
Chile,2002,70264045939.1322
Chile,2003,76492579644.0605
Chile,2004,99075985773.176
Chile,2005,122294145162.835
Chile,2006,153843518171.43
Chile,2007,172491076033.863
Chile,2008,179894594475.98
Chile,2009,171777900623.177
Chile,2010,217051209240.298
Chile,2011,251382573885.594
Chile,2012,267024782480.28
Chile,2013,277395018837.366
Chile,2014,259560978231.552
Chile,2015,242450355827.827
Chile,2016,249344863933.461
Chile,2017,276154259987.103
Chile,2018,295857562991.709
Chile,2019,278285058719.466
Chile,2020,254042159309.311
Chile,2021,315515014838.539
Chile,2022,302116539409.03
Chile,2023,335533331669.219
China,2000,1211331651866.09
China,2001,1339400897105.11
China,2002,1470557654799.95
China,2003,1660280543846.79
China,2004,1955346768721.39
China,2005,2285961149879.85
China,2006,2752118657184.02
China,2007,3550327802998.4
China,2008,4594336785737.67
China,2009,5101691124285.21
China,2010,6087191746679.49
China,2011,7551545703440.75
China,2012,8532185381680.59
China,2013,9570471111831.68
China,2014,10475624944355.2
China,2015,11061572618578.7
China,2016,11233313730348.7
China,2017,12310491333980.9
China,2018,13894907857880.6
China,2019,14279968506271.7
China,2020,14687744162801
China,2021,17820459508852.2
China,2022,17881782683707.3
China,2023,17794783039552
Colombia,2000,99875074951.0278
Colombia,2001,98200641203.3892
Colombia,2002,97945812802.8882
Colombia,2003,94644969157.0987
Colombia,2004,117092416666.245
Colombia,2005,145600529605.803
Colombia,2006,161792958904.864
Colombia,2007,206229540926.312
Colombia,2008,242504150472.931
Colombia,2009,232468663109.595
Colombia,2010,286498534094.963
Colombia,2011,334966134804.887
Colombia,2012,370691143018.039
Colombia,2013,382093697077.685
Colombia,2014,381240864422.407
Colombia,2015,293492370193.166
Colombia,2016,282720100286.228
Colombia,2017,311866875156.879
Colombia,2018,334198218098.276
Colombia,2019,323031701192.84
Colombia,2020,270348342541.465
Colombia,2021,318524633225.395
Colombia,2022,345329875078.512
Colombia,2023,363493841244.303
Costa Rica,2000,15013629661.8969
Costa Rica,2001,15976174336.9721
Costa Rica,2002,16578820687.2881
Costa Rica,2003,17271760506.9483
Costa Rica,2004,18610594846.2083
Costa Rica,2005,20040642476.9817
Costa Rica,2006,22715540324.3032
Costa Rica,2007,26884700709.3146
Costa Rica,2008,30801745700.4514
Costa Rica,2009,30745714312.6417
Costa Rica,2010,37658616951.8038
Costa Rica,2011,42762613698.9636
Costa Rica,2012,47231655431.7355
Costa Rica,2013,50949668841.6696
Costa Rica,2014,52016408854.2658
Costa Rica,2015,56441920820.5194
Costa Rica,2016,58847019609.6549
Costa Rica,2017,60516044656.5206
Costa Rica,2018,62420164991.5374
Costa Rica,2019,64417670521.3545
Costa Rica,2020,62395610760.0492
Costa Rica,2021,64960725734.1965
Costa Rica,2022,69243626028.5936
Costa Rica,2023,86497941439.0174
Cote d'Ivoire,2000,16577533891.8785
Cote d'Ivoire,2001,16810537043.8407
Cote d'Ivoire,2002,18054383320.8474
Cote d'Ivoire,2003,21251754340.4305
Cote d'Ivoire,2004,23510575681.3686
Cote d'Ivoire,2005,24036918703.1747
Cote d'Ivoire,2006,25281413263.3712
Cote d'Ivoire,2007,28760090953.3081
Cote d'Ivoire,2008,34078240293.2559
Cote d'Ivoire,2009,33886813250.2036
Cote d'Ivoire,2010,34936307980.063
Cote d'Ivoire,2011,36693710801.3976
Cote d'Ivoire,2012,36302302877.2977
Cote d'Ivoire,2013,42760235484.6093
Cote d'Ivoire,2014,48843005613.7091
Cote d'Ivoire,2015,45815005169.2651
Cote d'Ivoire,2016,48407761036.8238
Cote d'Ivoire,2017,52512343996.69
Cote d'Ivoire,2018,58522477786.6889
Cote d'Ivoire,2019,60382894697.3557
Cote d'Ivoire,2020,63027852805.4204
Cote d'Ivoire,2021,72794636653.7793
Cote d'Ivoire,2022,70173140101.4315
Cote d'Ivoire,2023,78875489245.0538
Croatia,2000,22134411297.473
Croatia,2001,23066883849.6467
Croatia,2002,26757722428.6781
Croatia,2003,35245317001.8224
Croatia,2004,41836292157.3335
Croatia,2005,45013119281.806
Croatia,2006,49590197656.5482
Croatia,2007,59298265769.9946
Croatia,2008,68478776205.9826
Croatia,2009,62321642125.1721
Croatia,2010,58981738868.753
Croatia,2011,62903737379.7834
Croatia,2012,57551963753.2104
Croatia,2013,59852401272.3204
Croatia,2014,59612144078.4133
Croatia,2015,51005200669.6941
Croatia,2016,52654855638.1057
Croatia,2017,56186190437.9959
Croatia,2018,61668130122.5878
Croatia,2019,61467582193.6824
Croatia,2020,57963370885.0798
Croatia,2021,69006802298.6956
Croatia,2022,71198635101.9514
Croatia,2023,84393795502.4421
Cuba,2000,30565400000
Cuba,2001,31682400000
Cuba,2002,33590500000
Cuba,2003,35901200000
Cuba,2004,38203000000
Cuba,2005,42643836100
Cuba,2006,48835925925.9259
Cuba,2007,54262870370.3704
Cuba,2008,56302129629.6296
Cuba,2009,57481481481.4815
Cuba,2010,59562962962.963
Cuba,2011,68990000000
Cuba,2012,73141000000
Cuba,2013,77148000000
Cuba,2014,80656100000
Cuba,2015,87132800000
Cuba,2016,91370407863.7
Cuba,2017,96850649691.7406
Cuba,2018,100050036096.123
Cuba,2019,103427600000
Cuba,2020,107351800000
Cuba,2021,..
Cuba,2022,..
Cuba,2023,..
Cyprus,2000,9985847313.85485
Cyprus,2001,10397898907.1038
Cyprus,2002,11420228846.1538
Cyprus,2003,14547329558.3239
Cyprus,2004,17320551250
Cyprus,2005,18433412510.8817
Cyprus,2006,20072754986.8272
Cyprus,2007,23968727073.6381
Cyprus,2008,27844646257.507
Cyprus,2009,26048179949.1741
Cyprus,2010,25799940077.6075
Cyprus,2011,27641547909.7011
Cyprus,2012,25047436974.6819
Cyprus,2013,23959712860.8331
Cyprus,2014,23225918259.9824
Cyprus,2015,19909278416.8575
Cyprus,2016,21046462280.5979
Cyprus,2017,22946570628.7576
Cyprus,2018,25754001367.5448
Cyprus,2019,26196667099.5303
Cyprus,2020,25555093854.2968
Cyprus,2021,30372874319.6285
Cyprus,2022,30976176886.8521
Cyprus,2023,33886930712.3394
Czechia,2000,62175642238.0847
Czechia,2001,68135304463.9641
Czechia,2002,82607869609.574
Czechia,2003,100435924704.881
Czechia,2004,120147899983.657
Czechia,2005,137264185596.1
Czechia,2006,156236258386.589
Czechia,2007,190040702286.917
Czechia,2008,236506264753.95
Czechia,2009,206971882704.716
Czechia,2010,211168667286.27
Czechia,2011,231429378717.312
Czechia,2012,210363223087.728
Czechia,2013,213024360541.119
Czechia,2014,210911285077.683
Czechia,2015,189107698561.919
Czechia,2016,198160659303.939
Czechia,2017,221563575696.217
Czechia,2018,251992360762.236
Czechia,2019,256794209028.77
Czechia,2020,251109660602.536
Czechia,2021,290972714482.313
Czechia,2022,301831228325.556
Czechia,2023,343207874553.734
Denmark,2000,164043817223.59
Denmark,2001,164881594415.341
Denmark,2002,178788209558.311
Denmark,2003,218421193436.252
Denmark,2004,251986155630.852
Denmark,2005,265150087711.985
Denmark,2006,283386151543.687
Denmark,2007,320213157595.018
Denmark,2008,354979471960.142
Denmark,2009,322619152194.594
Denmark,2010,322345594075.47
Denmark,2011,344315595263.175
Denmark,2012,326792574244.963
Denmark,2013,344631016965.12
Denmark,2014,352832602064.452
Denmark,2015,301758922337.637
Denmark,2016,312181849372.233
Denmark,2017,331610593961.988
Denmark,2018,355293374912.393
Denmark,2019,345401473012.615
Denmark,2020,355631021931.621
Denmark,2021,408378204639.999
Denmark,2022,401945576107.963
Denmark,2023,407091920305.404
Dominica,2000,333470370.37037
Dominica,2001,340203703.703704
Dominica,2002,333196296.296296
Dominica,2003,343311111.111111
Dominica,2004,367200000
Dominica,2005,364255555.555556
Dominica,2006,390251851.851852
Dominica,2007,421374074.074074
Dominica,2008,458188888.888889
Dominica,2009,489074074.074074
Dominica,2010,493825925.925926
Dominica,2011,501025925.925926
Dominica,2012,485996296.296296
Dominica,2013,498296296.296296
Dominica,2014,520429629.62963
Dominica,2015,540737037.037037
Dominica,2016,576229629.62963
Dominica,2017,521551851.851852
Dominica,2018,554770370.37037
Dominica,2019,611537037.037037
Dominica,2020,504214814.814815
Dominica,2021,555266666.666667
Dominica,2022,607159259.259259
Dominica,2023,653992592.592593
Dominican Republic,2000,24305780628.6677
Dominican Republic,2001,25601823687.5742
Dominican Republic,2002,27137440786.2562
Dominican Republic,2003,21403167848.1444
Dominican Republic,2004,22322387382.494
Dominican Republic,2005,35777560683.9366
Dominican Republic,2006,37879830084.2627
Dominican Republic,2007,43965458508.5056
Dominican Republic,2008,48122601530.3324
Dominican Republic,2009,48261078913.7266
Dominican Republic,2010,53860187257.9593
Dominican Republic,2011,58029773599.455
Dominican Republic,2012,60681535652.5373
Dominican Republic,2013,62682159338.0354
Dominican Republic,2014,67179955677.2791
Dominican Republic,2015,71164826836.5281
Dominican Republic,2016,75704647877.6559
Dominican Republic,2017,79998046305.79
Dominican Republic,2018,85555390139.118
Dominican Republic,2019,88941372558.2397
Dominican Republic,2020,78844656298.1776
Dominican Republic,2021,94243425938.3647
Dominican Republic,2022,113537368176.13
Dominican Republic,2023,121444279313.931
Ecuador,2000,17539454727.3637
Ecuador,2001,23127055000
Ecuador,2002,27054197000
Ecuador,2003,30965208000
Ecuador,2004,35194947000
Ecuador,2005,40278849000
Ecuador,2006,45690762000
Ecuador,2007,49848725000
Ecuador,2008,61139438000
Ecuador,2009,60094978000
Ecuador,2010,68151329000
Ecuador,2011,78986648000
Ecuador,2012,87735048000
Ecuador,2013,96570334000
Ecuador,2014,102717794000
Ecuador,2015,97209558000
Ecuador,2016,97671433000
Ecuador,2017,104467486000
Ecuador,2018,107478962000
Ecuador,2019,107595829000
Ecuador,2020,95865472000
Ecuador,2021,107435101000
Ecuador,2022,116586079000
Ecuador,2023,118844826000
"Egypt, Arab Rep.",2000,99838543960.0763
"Egypt, Arab Rep.",2001,96684636118.5984
"Egypt, Arab Rep.",2002,85146067415.7303
"Egypt, Arab Rep.",2003,80288461538.4615
"Egypt, Arab Rep.",2004,78782467532.4675
"Egypt, Arab Rep.",2005,89600665557.4043
"Egypt, Arab Rep.",2006,107426086956.522
"Egypt, Arab Rep.",2007,130437828371.278
"Egypt, Arab Rep.",2008,162818181818.182
"Egypt, Arab Rep.",2009,189147005444.646
"Egypt, Arab Rep.",2010,218983666061.706
"Egypt, Arab Rep.",2011,235989672977.625
"Egypt, Arab Rep.",2012,279116666666.667
"Egypt, Arab Rep.",2013,288434108527.132
"Egypt, Arab Rep.",2014,305595408895.265
"Egypt, Arab Rep.",2015,329366576819.407
"Egypt, Arab Rep.",2016,332441717791.411
"Egypt, Arab Rep.",2017,248362771739.13
"Egypt, Arab Rep.",2018,262588632526.73
"Egypt, Arab Rep.",2019,318678815489.749
"Egypt, Arab Rep.",2020,383817841547.099
"Egypt, Arab Rep.",2021,424671765455.704
"Egypt, Arab Rep.",2022,476747720364.742
"Egypt, Arab Rep.",2023,396002496996.96
Eritrea,2000,706370815.584416
Eritrea,2001,752371688.743186
Eritrea,2002,729321680.154324
Eritrea,2003,870248267.550163
Eritrea,2004,1109054005.43971
Eritrea,2005,1098424685.66169
Eritrea,2006,1211161879.6748
Eritrea,2007,1317974491.05691
Eritrea,2008,1380188800
Eritrea,2009,1856695551.21951
Eritrea,2010,1589515447.15447
Eritrea,2011,2065001626.01626
Eritrea,2012,..
Eritrea,2013,..
Eritrea,2014,..
Eritrea,2015,..
Eritrea,2016,..
Eritrea,2017,..
Eritrea,2018,..
Eritrea,2019,..
Eritrea,2020,..
Eritrea,2021,..
Eritrea,2022,..
Eritrea,2023,..
Estonia,2000,5686579747.53524
Estonia,2001,6250218422.70164
Estonia,2002,7370119619.4782
Estonia,2003,9876595528.45528
Estonia,2004,12148595031.0559
Estonia,2005,14109491356.7964
Estonia,2006,17025671810.3124
Estonia,2007,22450264166.4385
Estonia,2008,24342935403.5447
Estonia,2009,19633984440.1223
Estonia,2010,19524355419.038
Estonia,2011,23303915794.7569
Estonia,2012,23237406116.3988
Estonia,2013,25451032780.7573
Estonia,2014,27055689003.0038
Estonia,2015,23311847750.9394
Estonia,2016,24561027787.7896
Estonia,2017,27469461919.1189
Estonia,2018,31222632740.7247
Estonia,2019,31873748770.0313
Estonia,2020,31820771493.8974
Estonia,2021,37204563051.4723
Estonia,2022,38376046174.971
Estonia,2023,41291245222.1948
Ethiopia,2000,8242349617.8638
Ethiopia,2001,8231326016.47494
Ethiopia,2002,7850809498.16803
Ethiopia,2003,8623691300.04079
Ethiopia,2004,10131187261.4421
Ethiopia,2005,12401139453.9738
Ethiopia,2006,15280861834.6024
Ethiopia,2007,19707616772.7996
Ethiopia,2008,27066912635.2228
Ethiopia,2009,32437389116.038
Ethiopia,2010,29933790334.3418
Ethiopia,2011,31952763089.33
Ethiopia,2012,43310721414.0829
Ethiopia,2013,47648276605.0123
Ethiopia,2014,55612228233.5179
Ethiopia,2015,64589328550.5953
Ethiopia,2016,74296745207.8721
Ethiopia,2017,81770886825.6048
Ethiopia,2018,84269196625.8784
Ethiopia,2019,95912607722.3032
Ethiopia,2020,107657734392.446
Ethiopia,2021,111261882958.426
Ethiopia,2022,126772703047.701
Ethiopia,2023,163697927593.982
Fiji,2000,1678219507.89829
Fiji,2001,1652462023.46215
Fiji,2002,1833279985.36741
Fiji,2003,2300492465.32276
Fiji,2004,2708078476.63012
Fiji,2005,2980403844.72096
Fiji,2006,3076305452.86506
Fiji,2007,3378314599.76402
Fiji,2008,3523185919.55826
Fiji,2009,2870624635.68032
Fiji,2010,3140166712.79624
Fiji,2011,3779411899.37483
Fiji,2012,3972028104.47328
Fiji,2013,4189967998.51424
Fiji,2014,4857104791.41609
Fiji,2015,4682479912.05203
Fiji,2016,4930213634.35692
Fiji,2017,5353469171.0611
Fiji,2018,5581425324.91185
Fiji,2019,5444407214.31758
Fiji,2020,4432466237.09588
Fiji,2021,4305031630.81808
Fiji,2022,4969503560.7735
Fiji,2023,5442046565.04719
Finland,2000,125967821110.589
Finland,2001,129519672868.898
Finland,2002,140360963811.765
Finland,2003,171612867735.686
Finland,2004,197458297639.769
Finland,2005,204859368790.661
Finland,2006,217044068234.117
Finland,2007,256360251537.648
Finland,2008,285698662071.094
Finland,2009,253480783439.453
Finland,2010,249429613683.334
Finland,2011,275126915515.565
Finland,2012,257443384492.969
Finland,2013,270268036626.275
Finland,2014,273478528954.901
Finland,2015,233210733506.25
Finland,2016,238777818792.608
Finland,2017,253846138440
Finland,2018,273869255596.078
Finland,2019,267014821129.411
Finland,2020,270000311606.226
Finland,2021,294223210496.119
Finland,2022,280241515774.32
Finland,2023,295532341254.907
France,2000,1360959069477.49
France,2001,1370376677298.86
France,2002,1492427756382.43
France,2003,1835095983049.09
France,2004,2109792297237.03
France,2005,2192146403028.17
France,2006,2317861544690.82
France,2007,2655816911866.56
France,2008,2926802941585.86
France,2009,2700075882518.98
France,2010,2646230027988.34
France,2011,2870408553990.28
France,2012,2683007095787.23
France,2013,2816077607875.26
France,2014,2861236112552.42
France,2015,2442483452642.5
France,2016,2470407619777.13
France,2017,2588868323334.71
France,2018,2781576320884.39
France,2019,2722793515171.76
France,2020,2647926055110.05
France,2021,2966433692008.09
France,2022,2796302210398.84
France,2023,3051831611384.76
Gabon,2000,5080483628.53013
Gabon,2001,5023265413.2623
Gabon,2002,5335451099.88223
Gabon,2003,6511903365.47554
Gabon,2004,7770219008.21293
Gabon,2005,9582783990.85345
Gabon,2006,10327598306.4575
Gabon,2007,12455409587.3371
Gabon,2008,15571348344.3379
Gabon,2009,12113699068.2517
Gabon,2010,14372593020.2885
Gabon,2011,18210307743.5816
Gabon,2012,17170464016.0593
Gabon,2013,17595744798.3398
Gabon,2014,18203966895.8433
Gabon,2015,14383107762.6952
Gabon,2016,14023890265.3665
Gabon,2017,14929487485.1623
Gabon,2018,16867326401.9626
Gabon,2019,16874405465.391
Gabon,2020,15342236163.9864
Gabon,2021,19444935097.2395
Gabon,2022,20440655695.1804
Gabon,2023,19388402541.6698
Georgia,2000,3057475335.18846
Georgia,2001,3219462262.0075
Georgia,2002,3395766677.67315
Georgia,2003,3991377904.13162
Georgia,2004,5125365191.98664
Georgia,2005,6410912049.87105
Georgia,2006,7745250733.95067
Georgia,2007,10172931088.5655
Georgia,2008,12795145130.9103
Georgia,2009,10766920065.8251
Georgia,2010,12426907967.1578
Georgia,2011,15475290469.2869
Georgia,2012,16894392033.2256
Georgia,2013,17517660143.6859
Georgia,2014,17966015109.3043
Georgia,2015,15223796148.8396
Georgia,2016,15444548901.9637
Georgia,2017,16473125375.0684
Georgia,2018,17902544880.6471
Georgia,2019,17638337116.9126
Georgia,2020,16010869215.68
Georgia,2021,18853115588.8106
Georgia,2022,24984568959.605
Georgia,2023,30777833585.4441
Germany,2000,1966980701145.1
Germany,2001,1966381496641.73
Germany,2002,2102350798305.89
Germany,2003,2534715518349.01
Germany,2004,2852317768061.78
Germany,2005,2893393187361.87
Germany,2006,3046308753670.58
Germany,2007,3484056680854.91
Germany,2008,3808786022312.5
Germany,2009,3479800820863.28
Germany,2010,3468154343000.01
Germany,2011,3824828563521.41
Germany,2012,3597896500945.31
Germany,2013,3808086291482.36
Germany,2014,3965800686309.79
Germany,2015,3423568450957.03
Germany,2016,3537784107980.55
Germany,2017,3763092263752.95
Germany,2018,4052008447223.53
Germany,2019,3957208055215.68
Germany,2020,3940142541354.1
Germany,2021,4348297440387.53
Germany,2022,4163596357879.39
Germany,2023,4525703903627.53
Ghana,2000,4982850662.20851
Ghana,2001,5314872854.4405
Ghana,2002,6166197847.85031
Ghana,2003,7632723555.66221
Ghana,2004,8881417906.71432
Ghana,2005,10744568381.4456
Ghana,2006,20885037596.6963
Ghana,2007,24827339138.4906
Ghana,2008,28679383241.0729
Ghana,2009,26048720005.5233
Ghana,2010,32197655566.5347
Ghana,2011,39336668080.559
Ghana,2012,41271701060.954
Ghana,2013,62824629066.0408
Ghana,2014,54783319817.3705
Ghana,2015,49406010054.2663
Ghana,2016,56164929304.8754
Ghana,2017,60405924078.7278
Ghana,2018,67298914624.3723
Ghana,2019,68337969247.7067
Ghana,2020,70043099675.68
Ghana,2021,79524421861.2743
Ghana,2022,74263364041.8742
Ghana,2023,76370396722.154
Greece,2000,125760166224.805
Greece,2001,132050474720.03
Greece,2002,150253800085.865
Greece,2003,196930509813.384
Greece,2004,234979615898.225
Greece,2005,242315668619.405
Greece,2006,269073415333.676
Greece,2007,314226996944.108
Greece,2008,351121399546.485
Greece,2009,326829054686.306
Greece,2010,296417644404.034
Greece,2011,283228079776.041
Greece,2012,238841140018.233
Greece,2013,236556279640.705
Greece,2014,233911581521.062
Greece,2015,194567373678.099
Greece,2016,193097239005.87
Greece,2017,200381103984.298
Greece,2018,213298873494.394
Greece,2019,207305649887.019
Greece,2020,191362985554.861
Greece,2021,218303801895.326
Greece,2022,218880566444.349
Greece,2023,243498333237.802
Grenada,2000,520044370.37037
Grenada,2001,520444185.185185
Grenada,2002,540336925.925926
Grenada,2003,591018407.407407
Grenada,2004,599118592.592593
Grenada,2005,695555555.555555
Grenada,2006,698700666.666667
Grenada,2007,758683592.592593
Grenada,2008,825976037.037037
Grenada,2009,771275555.555555
Grenada,2010,771014814.814815
Grenada,2011,778655555.555555
Grenada,2012,799881481.481481
Grenada,2013,842618518.518518
Grenada,2014,911496296.296296
Grenada,2015,997007407.407407
Grenada,2016,1061640740.74074
Grenada,2017,1125685185.18519
Grenada,2018,1166514814.81481
Grenada,2019,1213485185.18519
Grenada,2020,1043411111.11111
Grenada,2021,1122800000
Grenada,2022,1224577777.77778
Grenada,2023,1316733333.33333
Guatemala,2000,19288929030.0508
Guatemala,2001,18405220247.4412
Guatemala,2002,20444205991.025
Guatemala,2003,21576351798.9145
Guatemala,2004,23577298094.6571
Guatemala,2005,26783389293.922
Guatemala,2006,29744246827.1839
Guatemala,2007,33567850824.1039
Guatemala,2008,38503720224.3166
Guatemala,2009,37126148264.6383
Guatemala,2010,40676578423.4871
Guatemala,2011,46876006272.2387
Guatemala,2012,49593929487.1263
Guatemala,2013,52996446269.442
Guatemala,2014,57852153058.502
Guatemala,2015,62186064718.7424
Guatemala,2016,66053403469.0024
Guatemala,2017,71653754066.2763
Guatemala,2018,73328365862.4329
Guatemala,2019,77172317258.6478
Guatemala,2020,77719464220.73
Guatemala,2021,86478835636.3813
Guatemala,2022,95630524813.106
Guatemala,2023,104450210572.012
"Hong Kong SAR, China",2000,171668891194.349
"Hong Kong SAR, China",2001,169404327616.605
"Hong Kong SAR, China",2002,166348866131.028
"Hong Kong SAR, China",2003,161385558801.811
"Hong Kong SAR, China",2004,169099768875.193
"Hong Kong SAR, China",2005,181569311742.213
"Hong Kong SAR, China",2006,193535442896.365
"Hong Kong SAR, China",2007,211596944503.8
"Hong Kong SAR, China",2008,219278749139.734
"Hong Kong SAR, China",2009,214047795659.045
"Hong Kong SAR, China",2010,228638668727.291
"Hong Kong SAR, China",2011,248513617677.287
"Hong Kong SAR, China",2012,262628865879.697
"Hong Kong SAR, China",2013,275696879834.966
"Hong Kong SAR, China",2014,291459995978.893
"Hong Kong SAR, China",2015,309385622601.348
"Hong Kong SAR, China",2016,320860317562.562
"Hong Kong SAR, China",2017,341273289534.466
"Hong Kong SAR, China",2018,361731070995.726
"Hong Kong SAR, China",2019,363074545072.389
"Hong Kong SAR, China",2020,344943149590.058
"Hong Kong SAR, China",2021,368954169748.818
"Hong Kong SAR, China",2022,358681066274.469
"Hong Kong SAR, China",2023,380812234827.832
Hungary,2000,47218405892.4258
Hungary,2001,53749989092.0197
Hungary,2002,67608919144.3684
Hungary,2003,85285062818.0077
Hungary,2004,104120820258.669
Hungary,2005,113211158292.936
Hungary,2006,115715618613.052
Hungary,2007,140186716681.425
Hungary,2008,158325614580.628
Hungary,2009,131069255620.567
Hungary,2010,132175349953.713
Hungary,2011,141942264554.475
Hungary,2012,128814279315.132
Hungary,2013,135684315697.713
Hungary,2014,141033843265.669
Hungary,2015,125174166987.372
Hungary,2016,128609822750.039
Hungary,2017,143112196040.326
Hungary,2018,160565642983.587
Hungary,2019,164020460331.659
Hungary,2020,157288955508.176
Hungary,2021,182109999477.691
Hungary,2022,177006128624.627
Hungary,2023,212388906458.724
Iceland,2000,9025660361.75842
Iceland,2001,8234846804.60582
Iceland,2002,9318395054.85934
Iceland,2003,11429333037.8443
Iceland,2004,13825302535.7699
Iceland,2005,16852963067.0496
Iceland,2006,17465318552.2941
Iceland,2007,21652505596.7528
Iceland,2008,18074622987.0185
Iceland,2009,13154414219.207
Iceland,2010,13751161917.7398
Iceland,2011,15221622925.9319
Iceland,2012,14751508133.5443
Iceland,2013,16125060515.3117
Iceland,2014,17867662177.8911
Iceland,2015,17517210519.0912
Iceland,2016,20793168030.9524
Iceland,2017,24728285177.4603
Iceland,2018,26260850582.0687
Iceland,2019,24681343649.2952
Iceland,2020,21629953194.0659
Iceland,2021,25825287184.3818
Iceland,2022,28770206626.5564
Iceland,2023,31325116556.3807
India,2000,468395521654.458
India,2001,485440139204.171
India,2002,514939140318.756
India,2003,607700687237.318
India,2004,709152728830.775
India,2005,820383763511.445
India,2006,940259888787.721
India,2007,1216736438834.96
India,2008,1198895139005.92
India,2009,1341888016994.9
India,2010,1675615519484.96
India,2011,1823051829894.55
India,2012,1827637590410.41
India,2013,1856721507621.58
India,2014,2039126479154.52
India,2015,2103588360044.94
India,2016,2294796885663.16
India,2017,2651474262755.45
India,2018,2702929641648.74
India,2019,2835606256558.19
India,2020,2674851578587.27
India,2021,3167270623260.47
India,2022,3353470496886.33
India,2023,3567551674623.01
Indonesia,2000,165021012077.81
Indonesia,2001,160446947784.909
Indonesia,2002,195660611165.183
Indonesia,2003,234772463823.808
Indonesia,2004,256836875295.452
Indonesia,2005,285868619196.085
Indonesia,2006,364570515618.358
Indonesia,2007,432216737774.861
Indonesia,2008,510228634992.255
Indonesia,2009,539580085612.401
Indonesia,2010,755094157594.524
Indonesia,2011,892969104529.572
Indonesia,2012,917869913364.917
Indonesia,2013,912524136718.018
Indonesia,2014,890814755511.014
Indonesia,2015,860854232717.718
Indonesia,2016,931877364034.196
Indonesia,2017,1015618744168.08
Indonesia,2018,1042271532953.49
Indonesia,2019,1119099871385.79
Indonesia,2020,1059054842711.55
Indonesia,2021,1186509691070.97
Indonesia,2022,1319076267291.51
Indonesia,2023,1371171152331.16
"Iran, Islamic Rep.",2000,109591707801.431
"Iran, Islamic Rep.",2001,126878750295.583
"Iran, Islamic Rep.",2002,128626917504.398
"Iran, Islamic Rep.",2003,151911222120.261
"Iran, Islamic Rep.",2004,187754571246.703
"Iran, Islamic Rep.",2005,224970371328.826
"Iran, Islamic Rep.",2006,265602187406.199
"Iran, Islamic Rep.",2007,349736591836.295
"Iran, Islamic Rep.",2008,406070949550.867
"Iran, Islamic Rep.",2009,414059094949.597
"Iran, Islamic Rep.",2010,487069570461.36
"Iran, Islamic Rep.",2011,629082257472.368
"Iran, Islamic Rep.",2012,644019315003.54
"Iran, Islamic Rep.",2013,500399839839.877
"Iran, Islamic Rep.",2014,462284793280.825
"Iran, Islamic Rep.",2015,409191686496.677
"Iran, Islamic Rep.",2016,459042684192.698
"Iran, Islamic Rep.",2017,489168731811.147
"Iran, Islamic Rep.",2018,398880231367.268
"Iran, Islamic Rep.",2019,333519146339.191
"Iran, Islamic Rep.",2020,262186179355.944
"Iran, Islamic Rep.",2021,383436202446.695
"Iran, Islamic Rep.",2022,394362621793.035
"Iran, Islamic Rep.",2023,404625655204.619
Ireland,2000,100207610429.909
Ireland,2001,109346669229.695
Ireland,2002,128596035288.401
Ireland,2003,164670771259.602
Ireland,2004,194372115041.065
Ireland,2005,211876989655.907
Ireland,2006,232180617162.279
Ireland,2007,270079279419.5
Ireland,2008,275447471451.063
Ireland,2009,236443117248.477
Ireland,2010,221985621537.5
Ireland,2011,241337364609.738
Ireland,2012,227270922957.327
Ireland,2013,243301556084.989
Ireland,2014,266787238499.03
Ireland,2015,302391428540.035
Ireland,2016,305733136180.907
Ireland,2017,348532394023.595
Ireland,2018,395461216460.418
Ireland,2019,407124824064.995
Ireland,2020,436555518400.451
Ireland,2021,531306516907.984
Ireland,2022,548570250341.987
Ireland,2023,551394889339.778
Israel,2000,136225025139.185
Israel,2001,134620909004.446
Israel,2002,125055466461.227
Israel,2003,131314894271.096
Israel,2004,139899274431.058
Israel,2005,147103301914.121
Israel,2006,158722866825.261
Israel,2007,184068518293.128
Israel,2008,220552442865.106
Israel,2009,212453641380.363
Israel,2010,238912622309.59
Israel,2011,267406179630.431
Israel,2012,262917911696.944
Israel,2013,297634145181.876
Israel,2014,314090281098.682
Israel,2015,302722655203.465
Israel,2016,320958936788.842
Israel,2017,357227098125.658
Israel,2018,375149611117.199
Israel,2019,399651065197.871
Israel,2020,411728563086.632
Israel,2021,489708278893.053
Israel,2022,525000415276.678
Israel,2023,513611100815.691
Italy,2000,1149661363439.38
Italy,2001,1172041488805.87
Italy,2002,1281746271196.04
Italy,2003,1582930016538.82
Italy,2004,1812808753294.75
Italy,2005,1864982261286.85
Italy,2006,1958563654385.64
Italy,2007,2222524108127.65
Italy,2008,2417508414187.19
Italy,2009,2209484319012.65
Italy,2010,2144936254535
Italy,2011,2306974020278.21
Italy,2012,2097929495121.68
Italy,2013,2153225581941.46
Italy,2014,2173255507985.84
Italy,2015,1845428048839.1
Italy,2016,1887111188176.93
Italy,2017,1970720904584.71
Italy,2018,2099435266458.67
Italy,2019,2019606796583.53
Italy,2020,1907481094079.23
Italy,2021,2179207773596.09
Italy,2022,2102995942720.44
Italy,2023,2300941152991.81
Jamaica,2000,9005064474.93003
Jamaica,2001,9194727831.07318
Jamaica,2002,9719009494.84779
Jamaica,2003,9430234810.78586
Jamaica,2004,10174664853.9476
Jamaica,2005,11243865777.7131
Jamaica,2006,11930179089.8855
Jamaica,2007,12799600047.1845
Jamaica,2008,13709401520.0326
Jamaica,2009,12120458114.8318
Jamaica,2010,13220549908.2494
Jamaica,2011,14444661522.1463
Jamaica,2012,14807086555.5283
Jamaica,2013,14264205152.6126
Jamaica,2014,13899217721.6818
Jamaica,2015,14188936958.4343
Jamaica,2016,14077096714.1279
Jamaica,2017,14808985171.3441
Jamaica,2018,15730792835.5811
Jamaica,2019,15830766570.7266
Jamaica,2020,13812421803.4084
Jamaica,2021,14657586127.0331
Jamaica,2022,17097760723.9201
Jamaica,2023,19423355409.2316
Japan,2000,4968359075956.59
Japan,2001,4374711694090.87
Japan,2002,4182846045873.61
Japan,2003,4519561645253.53
Japan,2004,4893116005656.56
Japan,2005,4831467035389.8
Japan,2006,4601663122649.92
Japan,2007,4579750920354.81
Japan,2008,5106679115127.3
Japan,2009,5289493117993.89
Japan,2010,5759071769013.11
Japan,2011,6233147172341.35
Japan,2012,6272362996105.03
Japan,2013,5212328181166.18
Japan,2014,4896994405353.29
Japan,2015,4444930651964.18
Japan,2016,5003677627544.24
Japan,2017,4930837369151.42
Japan,2018,5040880939324.86
Japan,2019,5117993853016.51
Japan,2020,5055587093501.59
Japan,2021,5034620784584.98
Japan,2022,4256410760723.75
Japan,2023,4204494802431.55
Jordan,2000,8460789844.8519
Jordan,2001,8975814652.8196
Jordan,2002,9582510578.27927
Jordan,2003,10195627644.5698
Jordan,2004,11411706629.055
Jordan,2005,12588998589.5628
Jordan,2006,15056981664.3159
Jordan,2007,17110437235.543
Jordan,2008,22658715989.3302
Jordan,2009,24537876056.338
Jordan,2010,27133804225.3521
Jordan,2011,29524149154.9296
Jordan,2012,31634561690.1408
Jordan,2013,34454440140.8451
Jordan,2014,36847643521.1268
Jordan,2015,38587017887.3239
Jordan,2016,39892551126.7606
Jordan,2017,41608435915.493
Jordan,2018,43370860704.2254
Jordan,2019,44503006338.0282
Jordan,2020,43700383098.5916
Jordan,2021,46296100140.8451
Jordan,2022,48764963380.2817
Jordan,2023,50967475352.1127
Kazakhstan,2000,18291990662.0356
Kazakhstan,2001,22152689179.8815
Kazakhstan,2002,24636598527.4437
Kazakhstan,2003,30833692900.1091
Kazakhstan,2004,43151647002.6096
Kazakhstan,2005,57123671733.8952
Kazakhstan,2006,81003864630.018
Kazakhstan,2007,104849915058.376
Kazakhstan,2008,133441648851.982
Kazakhstan,2009,115308686941.38
Kazakhstan,2010,148047348240.643
Kazakhstan,2011,192626464617.071
Kazakhstan,2012,207998568865.789
Kazakhstan,2013,236634603409.089
Kazakhstan,2014,221415613595.469
Kazakhstan,2015,184388404706.042
Kazakhstan,2016,137278320084.171
Kazakhstan,2017,166805788827.233
Kazakhstan,2018,179339977690.485
Kazakhstan,2019,181667184854.501
Kazakhstan,2020,171082365861.423
Kazakhstan,2021,197112255360.612
Kazakhstan,2022,225496328925.494
Kazakhstan,2023,262641892078.524
Kenya,2000,12705350097.8044
Kenya,2001,12986007425.8781
Kenya,2002,13147736898.5176
Kenya,2003,14904517649.8476
Kenya,2004,16095337093.8366
Kenya,2005,18737895512.7378
Kenya,2006,25825512284.2891
Kenya,2007,31958195182.2406
Kenya,2008,35895153327.8497
Kenya,2009,42347217912.9176
Kenya,2010,45405615063.7551
Kenya,2011,46869473150.61
Kenya,2012,56396704671.5777
Kenya,2013,61671440407.8387
Kenya,2014,68285796514.2896
Kenya,2015,70120446896.8359
Kenya,2016,74815144163.8931
Kenya,2017,82036510877.2599
Kenya,2018,92202979985.2863
Kenya,2019,100378436207.371
Kenya,2020,100657505750.545
Kenya,2021,109703658904.994
Kenya,2022,114448978152.637
Kenya,2023,108038588970.595
"Korea, Rep.",2000,576179387819.613
"Korea, Rep.",2001,547656279894.587
"Korea, Rep.",2002,627246933729.618
"Korea, Rep.",2003,702714855193.904
"Korea, Rep.",2004,793175561887.027
"Korea, Rep.",2005,934901071332.984
"Korea, Rep.",2006,1053216909887.56
"Korea, Rep.",2007,1172614086539.86
"Korea, Rep.",2008,1047339010225.25
"Korea, Rep.",2009,943941876218.743
"Korea, Rep.",2010,1143672241149.72
"Korea, Rep.",2011,1253289537500.81
"Korea, Rep.",2012,1278046536287.01
"Korea, Rep.",2013,1370632955321.2
"Korea, Rep.",2014,1484488526271.8
"Korea, Rep.",2015,1466038936206.43
"Korea, Rep.",2016,1499679823909.61
"Korea, Rep.",2017,1623074183501.9
"Korea, Rep.",2018,1725373496825.43
"Korea, Rep.",2019,1651422932447.77
"Korea, Rep.",2020,1644312831906.17
"Korea, Rep.",2021,1818432106880.04
"Korea, Rep.",2022,1673916511799.71
"Korea, Rep.",2023,1712792854202.37
Kosovo,2000,..
Kosovo,2001,..
Kosovo,2002,..
Kosovo,2003,..
Kosovo,2004,..
Kosovo,2005,..
Kosovo,2006,..
Kosovo,2007,..
Kosovo,2008,5181776768.71247
Kosovo,2009,5015894692.97027
Kosovo,2010,5343950556.07185
Kosovo,2011,6341613609.97976
Kosovo,2012,6163484244.63408
Kosovo,2013,6735328609.6594
Kosovo,2014,7074394734.88431
Kosovo,2015,6295848422.71573
Kosovo,2016,6682677289.98994
Kosovo,2017,7180764703.35718
Kosovo,2018,7878759714.82322
Kosovo,2019,7899737577.47286
Kosovo,2020,7717145217.81247
Kosovo,2021,9413403724.01899
Kosovo,2022,9354903061.8898
Kosovo,2023,10468219225.4869
Kuwait,2000,37718743480.0751
Kuwait,2001,34889559869.8326
Kuwait,2002,38135788413.8276
Kuwait,2003,47874582231.588
Kuwait,2004,59439090600.6108
Kuwait,2005,80798630136.9863
Kuwait,2006,101557330723.423
Kuwait,2007,114634043361.692
Kuwait,2008,147379737229.753
Kuwait,2009,105968691905.415
Kuwait,2010,115416305425.424
Kuwait,2011,154039231299.128
Kuwait,2012,174047662555.419
Kuwait,2013,174168116687.215
Kuwait,2014,162650450784.686
Kuwait,2015,114585555830.916
Kuwait,2016,109406674087.947
Kuwait,2017,120687539675.517
Kuwait,2018,138646316321.596
Kuwait,2019,140856394870.02
Kuwait,2020,111045470461.207
Kuwait,2021,148459291453.471
Kuwait,2022,183940215065.171
Kuwait,2023,163704878875.85
Kyrgyz Republic,2000,1369688498.06778
Kyrgyz Republic,2001,1525116370.27939
Kyrgyz Republic,2002,1605643104.73021
Kyrgyz Republic,2003,1919008090.49641
Kyrgyz Republic,2004,2211534585.0034
Kyrgyz Republic,2005,2460246766.41401
Kyrgyz Republic,2006,2834168889.42019
Kyrgyz Republic,2007,3802570552.56105
Kyrgyz Republic,2008,5139958909.17936
Kyrgyz Republic,2009,4690061380.60253
Kyrgyz Republic,2010,4794361863.01353
Kyrgyz Republic,2011,6197765984.28468
Kyrgyz Republic,2012,6605142884.36215
Kyrgyz Republic,2013,7335033800.59056
Kyrgyz Republic,2014,7468102412.68237
Kyrgyz Republic,2015,6678177511.66313
Kyrgyz Republic,2016,6813095379.1187
Kyrgyz Republic,2017,7702938379.42036
Kyrgyz Republic,2018,8271106235.41552
Kyrgyz Republic,2019,9371275264.36735
Kyrgyz Republic,2020,8270468614.24051
Kyrgyz Republic,2021,9249133946.26531
Kyrgyz Republic,2022,12134931017.9465
Kyrgyz Republic,2023,13987627908.8381
Latvia,2000,7761252607.18424
Latvia,2001,8190888739.6463
Latvia,2002,9249030241.01864
Latvia,2003,11244337719.8377
Latvia,2004,13827070378.5612
Latvia,2005,16306935905.4138
Latvia,2006,20434922247.3037
Latvia,2007,29420499247.7089
Latvia,2008,34135200994.0067
Latvia,2009,25691530442.035
Latvia,2010,23468324572.3343
Latvia,2011,26575547900.8247
Latvia,2012,27116149948.6683
Latvia,2013,29152128167.8438
Latvia,2014,30277203767.4058
Latvia,2015,26344565876.8902
Latvia,2016,27117105059.5075
Latvia,2017,29391059767.4259
Latvia,2018,33247935477.3576
Latvia,2019,33099503950.847
Latvia,2020,33379927434.6149
Latvia,2021,38185125732.9451
Latvia,2022,38018905782.397
Latvia,2023,42247850064.5125
Liechtenstein,2000,2483889858.32312
Liechtenstein,2001,2491800558.77674
Liechtenstein,2002,2688618747.38148
Liechtenstein,2003,3070803051.42164
Liechtenstein,2004,3454373797.74442
Liechtenstein,2005,3659319116.88057
Liechtenstein,2006,4000102086.14635
Liechtenstein,2007,4601429897.21468
Liechtenstein,2008,5081479840.08716
Liechtenstein,2009,4504375348.07038
Liechtenstein,2010,5082337238.44718
Liechtenstein,2011,5739706004.89616
Liechtenstein,2012,5456102482.28614
Liechtenstein,2013,6391708310.67727
Liechtenstein,2014,6657526979.72277
Liechtenstein,2015,6268515276.17441
Liechtenstein,2016,6237302033.50132
Liechtenstein,2017,6474308717.85289
Liechtenstein,2018,6692620691.84146
Liechtenstein,2019,6436467007.11932
Liechtenstein,2020,6405870210.32293
Liechtenstein,2021,7710380085.92257
Liechtenstein,2022,7361504432.19331
Liechtenstein,2023,..
Lithuania,2000,11550695727.2335
Lithuania,2001,12260761329.3051
Lithuania,2002,14282292664.6004
Lithuania,2003,18809197969.5431
Lithuania,2004,22743164431.1972
Lithuania,2005,26105207115.3129
Lithuania,2006,30116192746.8942
Lithuania,2007,39729151614.6689
Lithuania,2008,47831254207.5223
Lithuania,2009,37494380038.9213
Lithuania,2010,36638128534.0643
Lithuania,2011,43186501862.7907
Lithuania,2012,42709372066.8627
Lithuania,2013,46303660422.0434
Lithuania,2014,48306546656.9281
Lithuania,2015,41540954817.2039
Lithuania,2016,42970749245.0336
Lithuania,2017,47756764508.446
Lithuania,2018,54261795148.5372
Lithuania,2019,55122066225.796
Lithuania,2020,57412038533.2718
Lithuania,2021,67037321008.9679
Lithuania,2022,71033884499.7824
Lithuania,2023,79789877416.1681
Malaysia,2000,93789736842.1053
Malaysia,2001,92783947368.4211
Malaysia,2002,100845526315.789
Malaysia,2003,110202368421.053
Malaysia,2004,124749473684.211
Malaysia,2005,143534405818.501
Malaysia,2006,162692258307.056
Malaysia,2007,193549569477.733
Malaysia,2008,230811614370.384
Malaysia,2009,202257453036.641
Malaysia,2010,255017638455.59
Malaysia,2011,297951668674.835
Malaysia,2012,314443047642.111
Malaysia,2013,323276235524.415
Malaysia,2014,338066095097.254
Malaysia,2015,301355266964.947
Malaysia,2016,301256033870.334
Malaysia,2017,319109094160.343
Malaysia,2018,358788845712.53
Malaysia,2019,365177721021.516
Malaysia,2020,337456163961.211
Malaysia,2021,373784823672.946
Malaysia,2022,407605841348.235
Malaysia,2023,399705169318.477
Mauritius,2000,4726108622.47661
Mauritius,2001,4675755867.17657
Mauritius,2002,4906494249.38255
Mauritius,2003,5894873919.74797
Mauritius,2004,6667418752.07307
Mauritius,2005,6576108447.47531
Mauritius,2006,7028810680.89077
Mauritius,2007,8150150209.22501
Mauritius,2008,9990356673.73497
Mauritius,2009,9128843109.15588
Mauritius,2010,10003670690.3497
Mauritius,2011,11518413429.9684
Mauritius,2012,11668696396.7887
Mauritius,2013,12292974141.4044
Mauritius,2014,13074129952.0532
Mauritius,2015,12007291045.6489
Mauritius,2016,12594155464.4136
Mauritius,2017,13713506130.6081
Mauritius,2018,14735695930.9727
Mauritius,2019,14436346979.6355
Mauritius,2020,11408106446.3144
Mauritius,2021,11484348857.8529
Mauritius,2022,12927979286.0453
Mauritius,2023,14644524819.0054
Mexico,2000,742061329643.37
Mexico,2001,796064590656.176
Mexico,2002,810666116505.478
Mexico,2003,765549967703.273
Mexico,2004,819459227375.022
Mexico,2005,917571853529.104
Mexico,2006,1020265057882.01
Mexico,2007,1102355554971.95
Mexico,2008,1161553459715.1
Mexico,2009,943437415024.633
Mexico,2010,1105424238731.09
Mexico,2011,1229013703416.76
Mexico,2012,1255110424817.79
Mexico,2013,1327436290282.67
Mexico,2014,1364507717614.13
Mexico,2015,1213294467716.88
Mexico,2016,1112233497452.7
Mexico,2017,1190721475906
Mexico,2018,1256300182879.73
Mexico,2019,1304106203694.81
Mexico,2020,1121064767261.88
Mexico,2021,1316569466932.59
Mexico,2022,1464312692331.58
Mexico,2023,1789114434843.46
Moldova,2000,1288429391.79951
Moldova,2001,1480673594.05602
Moldova,2002,1661818168.4226
Moldova,2003,1980907434.76826
Moldova,2004,2598249555.89984
Moldova,2005,2988342907.03096
Moldova,2006,3408255450.5509
Moldova,2007,4401173151.93767
Moldova,2008,6054824248.24221
Moldova,2009,5439434271.78807
Moldova,2010,6974982369.60155
Moldova,2011,8414352020.49442
Moldova,2012,8709138634.82921
Moldova,2013,9496717875.51932
Moldova,2014,9402090137.7423
Moldova,2015,7797667196.73087
Moldova,2016,7980917075.7748
Moldova,2017,9514404016.20949
Moldova,2018,11252353420.8798
Moldova,2019,11736797054.6965
Moldova,2020,11530746234.4492
Moldova,2021,13691869264.0794
Moldova,2022,14510490660.2516
Moldova,2023,16539436547.295
Mongolia,2000,1136896123.61298
Mongolia,2001,1267997934.3125
Mongolia,2002,1396555719.97409
Mongolia,2003,1595297355.78349
Mongolia,2004,1992066808.09598
Mongolia,2005,2523471601.10421
Mongolia,2006,3414055661.61598
Mongolia,2007,4234999703.90059
Mongolia,2008,5623216608.04288
Mongolia,2009,4583850367.88972
Mongolia,2010,7189481998.90094
Mongolia,2011,10409797377.8571
Mongolia,2012,12292770631.565
Mongolia,2013,12582122604.2577
Mongolia,2014,12226514668.0622
Mongolia,2015,11619892590.6941
Mongolia,2016,11181350649.3573
Mongolia,2017,11480847740.736
Mongolia,2018,13178094720.4986
Mongolia,2019,14206359017.5143
Mongolia,2020,13312981429.0891
Mongolia,2021,15286441737.6686
Mongolia,2022,17146471713.748
Mongolia,2023,20325121393.9074
Montenegro,2000,984293043.811565
Montenegro,2001,1159869245.92513
Montenegro,2002,1284685050.52413
Montenegro,2003,1707710053.14938
Montenegro,2004,2073234417.68066
Montenegro,2005,2257174480.78597
Montenegro,2006,2721903148.91482
Montenegro,2007,3680711743.77224
Montenegro,2008,4545674527.61096
Montenegro,2009,4159330369.5471
Montenegro,2010,4142983843.4912
Montenegro,2011,4544428421.49513
Montenegro,2012,4087526241.81268
Montenegro,2013,4465772400.37453
Montenegro,2014,4593853290.963
Montenegro,2015,4054730077.57718
Montenegro,2016,4376930578.32395
Montenegro,2017,4856599480.79882
Montenegro,2018,5506942238.35668
Montenegro,2019,5542054181.12616
Montenegro,2020,4769996866.00758
Montenegro,2021,5861427505.12493
Montenegro,2022,6229801580.79157
Montenegro,2023,7530593375.22034
Morocco,2000,43017455401.8445
Morocco,2001,43831480207.6444
Morocco,2002,47077192187.6418
Morocco,2003,58029363354.2757
Morocco,2004,66114145451.0067
Morocco,2005,68852658068.6673
Morocco,2006,75883823300.8545
Morocco,2007,86947913286.728
Morocco,2008,101822906949.063
Morocco,2009,101154952240.881
Morocco,2010,100865329473.44
Morocco,2011,110080631332.375
Morocco,2012,106937392311.129
Morocco,2013,115739287305.08
Morocco,2014,119130841411.664
Morocco,2015,110413823841.592
Morocco,2016,111572947004.917
Morocco,2017,118540573367.844
Morocco,2018,127341147581.818
Morocco,2019,128920266409.458
Morocco,2020,121353645057.144
Morocco,2021,142022058447.231
Morocco,2022,130951926351.241
Morocco,2023,144417103249.646
Mozambique,2000,5930685214.61595
Mozambique,2001,5650154067.10346
Mozambique,2002,5950769426.60213
Mozambique,2003,6583526860.58062
Mozambique,2004,7937255565.35765
Mozambique,2005,8868504899.94673
Mozambique,2006,9509835536.93373
Mozambique,2007,10811456005.9405
Mozambique,2008,12920340964.6544
Mozambique,2009,12263894790.0125
Mozambique,2010,11411894723.864
Mozambique,2011,14619279988.716
Mozambique,2012,16688114144.0745
Mozambique,2013,17198073057.1981
Mozambique,2014,17978246586.0662
Mozambique,2015,16208985769.615
Mozambique,2016,12069051237.1711
Mozambique,2017,13264640645.7768
Mozambique,2018,15017358952.8452
Mozambique,2019,15512759046.672
Mozambique,2020,14235420174.1884
Mozambique,2021,16168055475.4449
Mozambique,2022,18883528581.3734
Mozambique,2023,20954220983.5473
Namibia,2000,3922232164.83175
Namibia,2001,3557341215.15159
Namibia,2002,3349169826.38896
Namibia,2003,4926439383.51425
Namibia,2004,6609205994.77406
Namibia,2005,7248374837.72056
Namibia,2006,8001779551.06323
Namibia,2007,8839536475.99963
Namibia,2008,8607431497.49471
Namibia,2009,8938847189.07592
Namibia,2010,11431412421.1316
Namibia,2011,12523359440.5499
Namibia,2012,13042053591.6857
Namibia,2013,12043307277.1235
Namibia,2014,12435430969.6301
Namibia,2015,11335161083.5061
Namibia,2016,10722018732.0936
Namibia,2017,12895153370.9132
Namibia,2018,13682019076.4022
Namibia,2019,12541928303.48
Namibia,2020,10583748541.5258
Namibia,2021,12402486183.6396
Namibia,2022,12567271004.6761
Namibia,2023,12351025066.9131
Netherlands,2000,417649282153.726
Netherlands,2001,432536219668.898
Netherlands,2002,475529972122.746
Netherlands,2003,582435617081.96
Netherlands,2004,661224886143.245
Netherlands,2005,688133699635.797
Netherlands,2006,737593995289.411
Netherlands,2007,853499460872.552
Netherlands,2008,957901566041.406
Netherlands,2009,878954223140.234
Netherlands,2010,852464982433.335
Netherlands,2011,913140741332.687
Netherlands,2012,845689017065.625
Netherlands,2013,883951539006.669
Netherlands,2014,901556501756.467
Netherlands,2015,775743675302.734
Netherlands,2016,797163949289.885
Netherlands,2017,848233537845.884
Netherlands,2018,929733599796.862
Netherlands,2019,928903005576.469
Netherlands,2020,932560861701.17
Netherlands,2021,1054472123449.6
Netherlands,2022,1046540797548.64
Netherlands,2023,1154361305398.06
New Zealand,2000,52623281956.7031
New Zealand,2001,53872425916.6248
New Zealand,2002,66627729311.4495
New Zealand,2003,88250885550.2626
New Zealand,2004,103905210084.034
New Zealand,2005,114720129550.095
New Zealand,2006,111538810712.665
New Zealand,2007,137188946865.584
New Zealand,2008,133131369930.414
New Zealand,2009,121373602348.679
New Zealand,2010,146517541181.254
New Zealand,2011,168295307149.46
New Zealand,2012,176210710655.208
New Zealand,2013,190909855416.34
New Zealand,2014,201337554959.49
New Zealand,2015,178104220784.881
New Zealand,2016,188898209220.167
New Zealand,2017,206566916732.292
New Zealand,2018,211846555690.736
New Zealand,2019,212846907683.439
New Zealand,2020,212697530897.56
New Zealand,2021,253644079784.977
New Zealand,2022,246733522841.353
New Zealand,2023,252175506110.168
Niger,2000,2241753192.81158
Niger,2001,2448714703.96617
Niger,2002,2782192878.67204
Niger,2003,3394084732.49543
Niger,2004,3760443737.53797
Niger,2005,4383315964.58718
Niger,2006,4756361252.37923
Niger,2007,5731485051.79069
Niger,2008,7297600226.00536
Niger,2009,7352131309.73341
Niger,2010,7851192502.30917
Niger,2011,8772950777.79176
Niger,2012,9426912647.59111
Niger,2013,10224897437.8648
Niger,2014,10862943543.5419
Niger,2015,9683867926.44282
Niger,2016,10398861981.7583
Niger,2017,11185104251.6943
Niger,2018,12837307496.8821
Niger,2019,12889555561.2299
Niger,2020,13744653103.058
Niger,2021,14915002436.069
Niger,2022,15433852712.2963
Niger,2023,16819170420.5653
Nigeria,2000,69171451627.2465
Nigeria,2001,73557840064.489
Nigeria,2002,95054059302.6995
Nigeria,2003,104738954264.226
Nigeria,2004,135764731645.611
Nigeria,2005,175670569969.346
Nigeria,2006,238454997161.48
Nigeria,2007,278260846800.103
Nigeria,2008,339476276257.793
Nigeria,2009,295008835380.997
Nigeria,2010,366990417129.04
Nigeria,2011,414466676831.16
Nigeria,2012,463971018239.281
Nigeria,2013,520117180313.906
Nigeria,2014,574183763411.508
Nigeria,2015,493026682800.63
Nigeria,2016,404649125252.16
Nigeria,2017,375745731053.427
Nigeria,2018,421739251509.08
Nigeria,2019,474517490844.461
Nigeria,2020,432198898467.795
Nigeria,2021,440833635873.827
Nigeria,2022,477403400101.174
Nigeria,2023,363846332834.618
North Macedonia,2000,3772859034.20508
North Macedonia,2001,3709636030.66578
North Macedonia,2002,4018365747.00972
North Macedonia,2003,4946296599.08467
North Macedonia,2004,5682784471.69722
North Macedonia,2005,6258602872.67898
North Macedonia,2006,6861226971.55617
North Macedonia,2007,8336474973.72949
North Macedonia,2008,9909552434.51136
North Macedonia,2009,9401736825.42688
North Macedonia,2010,9407170321.37752
North Macedonia,2011,10494626767.6445
North Macedonia,2012,9745261300.57788
North Macedonia,2013,10817702346.0674
North Macedonia,2014,11362265252.778
North Macedonia,2015,10064519962.5655
North Macedonia,2016,10672467073.2873
North Macedonia,2017,11307067069.6658
North Macedonia,2018,12683068114.2388
North Macedonia,2019,12606338448.547
North Macedonia,2020,12361036913.8409
North Macedonia,2021,14000283827.0154
North Macedonia,2022,13932436550.0883
North Macedonia,2023,15763621848.115
Norway,2000,171457201935.968
Norway,2001,174239354070.977
Norway,2002,195914852576.467
Norway,2003,229385469337.024
Norway,2004,265268662473.297
Norway,2005,309978579743.888
Norway,2006,346915160681.708
Norway,2007,402643260487.572
Norway,2008,464917553191.489
Norway,2009,387976400617.019
Norway,2010,431052143940.438
Norway,2011,501360549669.404
Norway,2012,512777309840.997
Norway,2013,526014468085.106
Norway,2014,501736471832.848
Norway,2015,388159512245.53
Norway,2016,370956547619.048
Norway,2017,401745275035.261
Norway,2018,439788625883.8
Norway,2019,408742840909.091
Norway,2020,367633418886.627
Norway,2021,503367986030.268
Norway,2022,593726965415.619
Norway,2023,485310823603.662
Pakistan,2000,99484802344.5277
Pakistan,2001,97145618479.9038
Pakistan,2002,97923302809.3537
Pakistan,2003,112371913740.823
Pakistan,2004,132216048339.413
Pakistan,2005,145208562960.767
Pakistan,2006,161871385506.36
Pakistan,2007,184140869997.46
Pakistan,2008,202203748583.854
Pakistan,2009,187337783856.466
Pakistan,2010,196709621849.586
Pakistan,2011,230586581059.665
Pakistan,2012,250106966104.704
Pakistan,2013,258657231672.412
Pakistan,2014,271390474857.632
Pakistan,2015,299963590534.773
Pakistan,2016,313630000130.435
Pakistan,2017,339205534861.1
Pakistan,2018,356128166704.921
Pakistan,2019,320909472770.669
Pakistan,2020,300425609817.981
Pakistan,2021,348516647445.148
Pakistan,2022,374890295666.694
Pakistan,2023,337912301397.727
Panama,2000,11966497000
Panama,2001,12252906300
Panama,2002,12800851300
Panama,2003,13603456000
Panama,2004,15100203400
Panama,2005,16623906700
Panama,2006,18659721500
Panama,2007,21717433800
Panama,2008,25721328000
Panama,2009,27791215500
Panama,2010,30231009500
Panama,2011,35687738300
Panama,2012,41595439700
Panama,2013,46949496500
Panama,2014,51427104900
Panama,2015,55767806100
Panama,2016,59760858700
Panama,2017,64327688800
Panama,2018,67316471200
Panama,2019,69778991200
Panama,2020,57059846500
Panama,2021,67396392500
Panama,2022,76276116700
Panama,2023,83318176900
Paraguay,2000,8855705139.55857
Paraguay,2001,8495806432.18467
Paraguay,2002,7196260656.84556
Paraguay,2003,7691367471.17992
Paraguay,2004,9624440836.29309
Paraguay,2005,10737500188.1123
Paraguay,2006,13429430050.261
Paraguay,2007,17856393235.4338
Paraguay,2008,24615267663.5456
Paraguay,2009,22355151161.994
Paraguay,2010,27260886405.2263
Paraguay,2011,33756238766.5
Paraguay,2012,33271921136.315
Paraguay,2013,38501122141.4241
Paraguay,2014,40377929295.6419
Paraguay,2015,36211447840.0971
Paraguay,2016,36089700222.9461
Paraguay,2017,38997129473.5558
Paraguay,2018,40225448340.6322
Paraguay,2019,37925338329.1494
Paraguay,2020,35432178068.1814
Paraguay,2021,39950899938.7482
Paraguay,2022,41952910858.0846
Paraguay,2023,42956263543.9482
Peru,2000,51744749133.213
Peru,2001,52030158775.4055
Peru,2002,54777553515.0809
Peru,2003,58731030121.8671
Peru,2004,66768703497.5687
Peru,2005,76060606060.6061
Peru,2006,88643193061.748
Peru,2007,102170981144.136
Peru,2008,120550599815.441
Peru,2009,120822986521.479
Peru,2010,147527631520.729
Peru,2011,171761737046.585
Peru,2012,192650021648.583
Peru,2013,201175543571.392
Peru,2014,200786250582.943
Peru,2015,189802976285.619
Peru,2016,191898104390.379
Peru,2017,211007984080.911
Peru,2018,222597009739.235
Peru,2019,228346006003.648
Peru,2020,201409694755.934
Peru,2021,226354278280.885
Peru,2022,246488757636.211
Peru,2023,267603248655.253
Philippines,2000,83669788254.7279
Philippines,2001,78921234457.5487
Philippines,2002,84307345887.543
Philippines,2003,87039092974.2272
Philippines,2004,95001999685.3314
Philippines,2005,107419977318.166
Philippines,2006,127652926368.069
Philippines,2007,155980408673.403
Philippines,2008,181624626327.361
Philippines,2009,175974755881.372
Philippines,2010,208368893151.144
Philippines,2011,234216730295.938
Philippines,2012,261920540972.102
Philippines,2013,283902828581.65
Philippines,2014,297483555344.802
Philippines,2015,306445871246.718
Philippines,2016,318627003012.52
Philippines,2017,328480736798.792
Philippines,2018,346841896583.515
Philippines,2019,376823402244.928
Philippines,2020,361751145451.597
Philippines,2021,394087359848.11
Philippines,2022,404353369604.631
Philippines,2023,437146372729.942
Poland,2000,172953527033.013
Poland,2001,191823200371.284
Poland,2002,199694463255.567
Poland,2003,218561225998.47
Poland,2004,256268656145.134
Poland,2005,306999913150.525
Poland,2006,345897630736.173
Poland,2007,429715132137.503
Poland,2008,535612030671.888
Poland,2009,440891472247.096
Poland,2010,478111630683.514
Poland,2011,527848543023.469
Poland,2012,498148649702.66
Poland,2013,518179836405.36
Poland,2014,542134167178.627
Poland,2015,480054118583.367
Poland,2016,473259583969.643
Poland,2017,528356676667.211
Poland,2018,594616687350.017
Poland,2019,602683770144.88
Poland,2020,605914237903.742
Poland,2021,689170230665.35
Poland,2022,695607470875.276
Poland,2023,809200697797.088
Portugal,2000,118605192877.388
Portugal,2001,121604107164.997
Portugal,2002,134795565549.419
Portugal,2003,165226175536.793
Portugal,2004,189382122532.169
Portugal,2005,197253876704.921
Portugal,2006,208756449275.848
Portugal,2007,240496147317.381
Portugal,2008,263416394624.084
Portugal,2009,244667762835.543
Portugal,2010,238443864993.217
Portugal,2011,245426767676.002
Portugal,2012,216536676771.973
Portugal,2013,226677408291.745
Portugal,2014,230078616299.675
Portugal,2015,199038523119.639
Portugal,2016,206305431241.638
Portugal,2017,220862990767.229
Portugal,2018,242092894542.888
Portugal,2019,240115970063.019
Portugal,2020,229618773422.577
Portugal,2021,256055879091.139
Portugal,2022,256898675068.927
Portugal,2023,289114289663.542
Puerto Rico,2000,61701800000
Puerto Rico,2001,69208400000
Puerto Rico,2002,71623500000
Puerto Rico,2003,74827400000
Puerto Rico,2004,80322313000
Puerto Rico,2005,83914521300
Puerto Rico,2006,87276164400
Puerto Rico,2007,89524131600
Puerto Rico,2008,93639300000
Puerto Rico,2009,96385600000
Puerto Rico,2010,98381300000
Puerto Rico,2011,100351700000
Puerto Rico,2012,101564800000
Puerto Rico,2013,102450000000
Puerto Rico,2014,102445800000
Puerto Rico,2015,103375500000
Puerto Rico,2016,104336700000
Puerto Rico,2017,103445500000
Puerto Rico,2018,100958100000
Puerto Rico,2019,105126400000
Puerto Rico,2020,103130900000
Puerto Rico,2021,106426600000
Puerto Rico,2022,113567200000
Puerto Rico,2023,117902300000
Qatar,2000,17759890109.8901
Qatar,2001,17538461538.4615
Qatar,2002,19363736263.7363
Qatar,2003,23533791208.7912
Qatar,2004,31734065934.0659
Qatar,2005,44530494505.4945
Qatar,2006,60882142857.1429
Qatar,2007,79712087912.0879
Qatar,2008,115270054945.055
Qatar,2009,97798351648.3516
Qatar,2010,125122306346.154
Qatar,2011,167775268626.374
Qatar,2012,186833502362.637
Qatar,2013,198727642967.033
Qatar,2014,206224598571.429
Qatar,2015,161739955576.923
Qatar,2016,151732181868.132
Qatar,2017,161099122225.275
Qatar,2018,183334953818.681
Qatar,2019,176371267689.082
Qatar,2020,144411363345.27
Qatar,2021,179732009554.846
Qatar,2022,235709325708.341
Qatar,2023,213002809330.267
Romania,2000,37253739511.1273
Romania,2001,40395116581.4832
Romania,2002,46065502702.5817
Romania,2003,57806384143.166
Romania,2004,74973656851.8076
Romania,2005,98454380120.0761
Romania,2006,122023735992.706
Romania,2007,174588782938.583
Romania,2008,214315932061.275
Romania,2009,174110532658.867
Romania,2010,170064350671.827
Romania,2011,192623977894.173
Romania,2012,179117323107.087
Romania,2013,189798603751.235
Romania,2014,199722319675.741
Romania,2015,177885131240.315
Romania,2016,185290759248.844
Romania,2017,210147385855.419
Romania,2018,243468683030.34
Romania,2019,251677082534.495
Romania,2020,252033792712.145
Romania,2021,286578196368.297
Romania,2022,296354358293.475
Romania,2023,350775856415.189
Russian Federation,2000,259710142196.943
Russian Federation,2001,306602070620.5
Russian Federation,2002,345470494417.863
Russian Federation,2003,430347420184.885
Russian Federation,2004,591016690732.385
Russian Federation,2005,764015973481.11
Russian Federation,2006,989932071352.543
Russian Federation,2007,1299703478481.65
Russian Federation,2008,1660848058303.11
Russian Federation,2009,1222645900055.7
Russian Federation,2010,1524916715223.95
Russian Federation,2011,2045922753398.04
Russian Federation,2012,2208293553878.42
Russian Federation,2013,2292470078346.22
Russian Federation,2014,2059241589895.01
Russian Federation,2015,1363482182197.71
Russian Federation,2016,1276786350881.14
Russian Federation,2017,1574199360089
Russian Federation,2018,1657328773461.31
Russian Federation,2019,1693115002708.32
Russian Federation,2020,1493075894362.14
Russian Federation,2021,1843392293734.38
Russian Federation,2022,2266029240645.34
Russian Federation,2023,2021421476035.42
Samoa,2000,258856139.798489
Samoa,2001,266299591.479428
Samoa,2002,281790134.211972
Samoa,2003,333426188.41876
Samoa,2004,407747565.096959
Samoa,2005,476801793.159429
Samoa,2006,499923757.780736
Samoa,2007,573548459.833372
Samoa,2008,641346191.664776
Samoa,2009,628006115.424052
Samoa,2010,680260907.153983
Samoa,2011,744097050.169115
Samoa,2012,773141661.165548
Samoa,2013,797736334.281305
Samoa,2014,796683519.593842
Samoa,2015,824150498.653536
Samoa,2016,843924796.697421
Samoa,2017,884844384.463214
Samoa,2018,878448433.404342
Samoa,2019,912950466.064906
Samoa,2020,868898358.266437
Samoa,2021,843923638.733018
Samoa,2022,832945205.637185
Samoa,2023,938189443.830393
San Marino,2000,1007661366.66959
San Marino,2001,1059529812.37456
San Marino,2002,1148872072.38556
San Marino,2003,1462590266.59186
San Marino,2004,1715340542.988
San Marino,2005,1786514058.22344
San Marino,2006,1909765165.43137
San Marino,2007,2188654628.38097
San Marino,2008,2403213305.03601
San Marino,2009,2064277126.41466
San Marino,2010,1881191925.32503
San Marino,2011,1813717438.69134
San Marino,2012,1604701299.43546
San Marino,2013,1678741475.14095
San Marino,2014,1673911426.17254
San Marino,2015,1419401070.56043
San Marino,2016,1468343139.74326
San Marino,2017,1528620346.31168
San Marino,2018,1655353653.05934
San Marino,2019,1616232125.12587
San Marino,2020,1544714493.24409
San Marino,2021,1855395999.76534
San Marino,2022,1831700577.08904
San Marino,2023,..
Saudi Arabia,2000,189514933333.333
Saudi Arabia,2001,184137600000
Saudi Arabia,2002,189605866666.667
Saudi Arabia,2003,215807733333.333
Saudi Arabia,2004,258742133333.333
Saudi Arabia,2005,328459608764.111
Saudi Arabia,2006,376900133511.348
Saudi Arabia,2007,415964509673.115
Saudi Arabia,2008,519796800000
Saudi Arabia,2009,429097866666.667
Saudi Arabia,2010,528207200000
Saudi Arabia,2011,676634666666.667
Saudi Arabia,2012,741849866666.667
Saudi Arabia,2013,753864533333.333
Saudi Arabia,2014,766605866666.667
Saudi Arabia,2015,669484266666.667
Saudi Arabia,2016,666000000000
Saudi Arabia,2017,714994666666.667
Saudi Arabia,2018,846583733333.333
Saudi Arabia,2019,838564800000
Saudi Arabia,2020,734271200000
Saudi Arabia,2021,874156000000
Saudi Arabia,2022,1108571466666.67
Saudi Arabia,2023,1067582933333.33
Serbia,2000,7326373882.11044
Serbia,2001,13599378661.9952
Serbia,2002,17930583571.3055
Serbia,2003,23593044417.5086
Serbia,2004,26845632341.8075
Serbia,2005,28334256180.8801
Serbia,2006,33298057361.7412
Serbia,2007,44888028946.0854
Serbia,2008,54220641201.6474
Serbia,2009,46955984409.7271
Serbia,2010,43536629233.1424
Serbia,2011,51251098408.0924
Serbia,2012,45103269969.4112
Serbia,2013,50455529604.0696
Serbia,2014,49114321280.3466
Serbia,2015,41297410634.9586
Serbia,2016,42225495909.5633
Serbia,2017,45972834713.8077
Serbia,2018,52787520248.9242
Serbia,2019,53864693664.5568
Serbia,2020,55874017668.998
Serbia,2021,66159884072.5308
Serbia,2022,66797564758.339
Serbia,2023,81342660752.3732
Singapore,2000,96076539925.7409
Singapore,2001,89793790669.6515
Singapore,2002,92538372869.6942
Singapore,2003,97646401095.6369
Singapore,2004,115033593101.049
Singapore,2005,127807848728.398
Singapore,2006,148627286361.351
Singapore,2007,180941701357.97
Singapore,2008,193617323539.203
Singapore,2009,194150283771.566
Singapore,2010,239807980591.24
Singapore,2011,279356499090.458
Singapore,2012,295092888076.589
Singapore,2013,307576360584.992
Singapore,2014,314863580758.455
Singapore,2015,307998545269.398
Singapore,2016,319053943915.005
Singapore,2017,343257164581.712
Singapore,2018,376892697588.005
Singapore,2019,376901649222.451
Singapore,2020,349488382610.662
Singapore,2021,434111559282.849
Singapore,2022,498474540987.78
Singapore,2023,501427500080.059
Slovak Republic,2000,29215726004.7765
Slovak Republic,2001,30726659550.9717
Slovak Republic,2002,35243658398.7546
Slovak Republic,2003,46616149116.7411
Slovak Republic,2004,57215475076.2986
Slovak Republic,2005,62547753148.4638
Slovak Republic,2006,70751813442.9881
Slovak Republic,2007,86587749517.9724
Slovak Republic,2008,100830060552.902
Slovak Republic,2009,89342984697.5246
Slovak Republic,2010,91112160800.7668
Slovak Republic,2011,99705104723.4341
Slovak Republic,2012,94724394278.052
Slovak Republic,2013,99134277850.3418
Slovak Republic,2014,101713075598.862
Slovak Republic,2015,89178548717.3324
Slovak Republic,2016,90347173228.6356
Slovak Republic,2017,95978130734.9766
Slovak Republic,2018,106611673364.837
Slovak Republic,2019,105843498304.094
Slovak Republic,2020,107732602896.441
Slovak Republic,2021,120592216208.386
Slovak Republic,2022,115928615553.286
Slovak Republic,2023,132908336234.295
Slovenia,2000,20159190701.6789
Slovenia,2001,20668868706.8115
Slovenia,2002,23214593516.2095
Slovenia,2003,29360575031.8177
Slovenia,2004,34156553313.4031
Slovenia,2005,35947936823.7781
Slovenia,2006,39260368837.0342
Slovenia,2007,47880266542.577
Slovenia,2008,55509332322.3578
Slovenia,2009,49975540954.8465
Slovenia,2010,47793117240.9001
Slovenia,2011,51199194599.3094
Slovenia,2012,46167053954.3367
Slovenia,2013,47867056858.8892
Slovenia,2014,49514466379.6057
Slovenia,2015,42709468274.8137
Slovenia,2016,44290685824.0682
Slovenia,2017,48153200134.6613
Slovenia,2018,53689067639.9176
Slovenia,2019,53909922735.545
Slovenia,2020,53384760135.1581
Slovenia,2021,61529280461.092
Slovenia,2022,59927702746.2843
Slovenia,2023,69148468417.3208
South Africa,2000,151752757215.309
South Africa,2001,135429905922.526
South Africa,2002,129087556612.449
South Africa,2003,197018965308.697
South Africa,2004,255806908594.573
South Africa,2005,288867217196.534
South Africa,2006,303858675363.643
South Africa,2007,333077117253.684
South Africa,2008,316131258616.309
South Africa,2009,329754060647.129
South Africa,2010,417363822801.713
South Africa,2011,458199494830.834
South Africa,2012,434400545085.811
South Africa,2013,400886013595.573
South Africa,2014,381198869776.106
South Africa,2015,346709790458.563
South Africa,2016,323585509674.481
South Africa,2017,381448814653.456
South Africa,2018,405260723892.517
South Africa,2019,389330032224.269
South Africa,2020,337974655408.055
South Africa,2021,420886877628.703
South Africa,2022,406920004594.074
South Africa,2023,380699271814.508
Spain,2000,598102854756.08
Spain,2001,627798682378.741
Spain,2002,708938227243.923
Spain,2003,907963217057.645
Spain,2004,1069829382514.67
Spain,2005,1154667551775.88
Spain,2006,1261846683275.29
Spain,2007,1476746276854.51
Spain,2008,1636115447612.5
Spain,2009,1496587590847.66
Spain,2010,1427989078916.67
Spain,2011,1487568659241.25
Spain,2012,1330994811670.31
Spain,2013,1362186923157.65
Spain,2014,1380244561361.96
Spain,2015,1206164777553.12
Spain,2016,1243015667917.12
Spain,2017,1321754088818.83
Spain,2018,1431642809327.06
Spain,2019,1403496387686.27
Spain,2020,1289783836971.21
Spain,2021,1461244901852.69
Spain,2022,1446498147749.03
Spain,2023,1620090734956.89
Sri Lanka,2000,16330814179.9766
Sri Lanka,2001,15749753804.8344
Sri Lanka,2002,16536535647.0834
Sri Lanka,2003,18881765437.2151
Sri Lanka,2004,20662525941.2985
Sri Lanka,2005,24405791044.7761
Sri Lanka,2006,28279802405.9138
Sri Lanka,2007,32350238760.4239
Sri Lanka,2008,40713826215.0093
Sri Lanka,2009,42066224093.0065
Sri Lanka,2010,58636161081.712
Sri Lanka,2011,67753284043.9282
Sri Lanka,2012,70447216891.3366
Sri Lanka,2013,77000578167.353
Sri Lanka,2014,82528535713.926
Sri Lanka,2015,85140955388.8509
Sri Lanka,2016,88012282205.8357
Sri Lanka,2017,94376237797.2367
Sri Lanka,2018,94493871200.7869
Sri Lanka,2019,89014978344.1404
Sri Lanka,2020,84304298770.5329
Sri Lanka,2021,88609324901.9774
Sri Lanka,2022,74144870023.4244
Sri Lanka,2023,84356863743.6335
St. Lucia,2000,932592592.592592
St. Lucia,2001,892592592.592592
St. Lucia,2002,900000000
St. Lucia,2003,987407407.407407
St. Lucia,2004,1066666666.66667
St. Lucia,2005,1135555555.55556
St. Lucia,2006,1268319185.18519
St. Lucia,2007,1336088814.81481
St. Lucia,2008,1437731111.11111
St. Lucia,2009,1401507888.88889
St. Lucia,2010,1482385185.18519
St. Lucia,2011,1568370370.37037
St. Lucia,2012,1598207407.40741
St. Lucia,2013,1660222222.22222
St. Lucia,2014,1749185185.18518
St. Lucia,2015,1807629629.62963
St. Lucia,2016,1868555555.55556
St. Lucia,2017,1998518518.51852
St. Lucia,2018,2060962962.96296
St. Lucia,2019,2095370370.37037
St. Lucia,2020,1499296296.2963
St. Lucia,2021,1867185185.18518
St. Lucia,2022,2342703703.7037
St. Lucia,2023,2430148148.14815
Sudan,2000,12257299147.2936
Sudan,2001,15716361792.1926
Sudan,2002,18137128388.3606
Sudan,2003,21355298459.5955
Sudan,2004,26646007250.7319
Sudan,2005,35182711987.974
Sudan,2006,45263831634.1497
Sudan,2007,59440139774.8128
Sudan,2008,64833083257.1431
Sudan,2009,51621044076.9231
Sudan,2010,58962978034.4828
Sudan,2011,55018567210.5263
Sudan,2012,37632919966.6667
Sudan,2013,43024018082.1918
Sudan,2014,49516748617.9775
Sudan,2015,51726758676.7677
Sudan,2016,42630376000
Sudan,2017,41283617976.1905
Sudan,2018,32333780383.2924
Sudan,2019,32338079165.2893
Sudan,2020,27034593750
Sudan,2021,34229513774.9936
Sudan,2022,51666875363.0963
Sudan,2023,109265503110.904
Sweden,2000,262905197441.662
Sweden,2001,242499249692.616
Sweden,2002,267373345246.531
Sweden,2003,334074051172.972
Sweden,2004,384547211147.247
Sweden,2005,391690329314.475
Sweden,2006,422530427475.536
Sweden,2007,490050156832.574
Sweden,2008,514616528348.834
Sweden,2009,434313804907.366
Sweden,2010,492753255885.718
Sweden,2011,570541353128.724
Sweden,2012,549742183874.355
Sweden,2013,584128116410.29
Sweden,2014,577730245154.162
Sweden,2015,501698263620.663
Sweden,2016,514218206628.325
Sweden,2017,536083940228.684
Sweden,2018,551312498430.164
Sweden,2019,532169294165.94
Sweden,2020,545147614972.141
Sweden,2021,637186904843.636
Sweden,2022,579895717343.956
Sweden,2023,584960475767.32
Switzerland,2000,279216033870.204
Switzerland,2001,286582672434.226
Switzerland,2002,309301422430.386
Switzerland,2003,362075086507.76
Switzerland,2004,403912891033.374
Switzerland,2005,418284865884.998
Switzerland,2006,441634672196.523
Switzerland,2007,490740715594.802
Switzerland,2008,567267767519.158
Switzerland,2009,554212916092.271
Switzerland,2010,598851028906.58
Switzerland,2011,715888126682.396
Switzerland,2012,686420221557.99
Switzerland,2013,706234937370.968
Switzerland,2014,726537808338
Switzerland,2015,694118186379.628
Switzerland,2016,687895460902.713
Switzerland,2017,695200833086.499
Switzerland,2018,725568717468.001
Switzerland,2019,721369112726.724
Switzerland,2020,741999406005.627
Switzerland,2021,813408787222.499
Switzerland,2022,818426550206.45
Switzerland,2023,884940402230.409
Syrian Arab Republic,2000,18937052543.4373
Syrian Arab Republic,2001,20237024724.7039
Syrian Arab Republic,2002,20669357462.3831
Syrian Arab Republic,2003,21828144686.0394
Syrian Arab Republic,2004,25086950495.0495
Syrian Arab Republic,2005,28858965517.2414
Syrian Arab Republic,2006,33751788856.305
Syrian Arab Republic,2007,40465318382.0585
Syrian Arab Republic,2008,52557913568.9549
Syrian Arab Republic,2009,54111735628.7065
Syrian Arab Republic,2010,61390830874.7007
Syrian Arab Republic,2011,67539428159.4474
Syrian Arab Republic,2012,43190318032.5627
Syrian Arab Republic,2013,21361254635.051
Syrian Arab Republic,2014,21502061465.9498
Syrian Arab Republic,2015,16466863117.0009
Syrian Arab Republic,2016,12597854877.4254
Syrian Arab Republic,2017,16369843352.3453
Syrian Arab Republic,2018,21497782867.6426
Syrian Arab Republic,2019,22583045060.0821
Syrian Arab Republic,2020,12047752036.091
Syrian Arab Republic,2021,14353205678.4991
Syrian Arab Republic,2022,23622827079.5047
Syrian Arab Republic,2023,..
Tajikistan,2000,860541842.263697
Tajikistan,2001,1080772551.29433
Tajikistan,2002,1221106220.2868
Tajikistan,2003,1555318261.4172
Tajikistan,2004,2076176869.41089
Tajikistan,2005,2312352020.6689
Tajikistan,2006,2830213848.6203
Tajikistan,2007,3719524540.86193
Tajikistan,2008,5161299725.27673
Tajikistan,2009,4979472364.4534
Tajikistan,2010,5642221099.17704
Tajikistan,2011,6522756255.012
Tajikistan,2012,7633036903.07634
Tajikistan,2013,8448411318.25417
Tajikistan,2014,9112605459.32845
Tajikistan,2015,8271431485.07484
Tajikistan,2016,6992416096.89018
Tajikistan,2017,7536402852.85802
Tajikistan,2018,7764999999.45362
Tajikistan,2019,8300813599.3084
Tajikistan,2020,8133963550.65742
Tajikistan,2021,8937805347.13963
Tajikistan,2022,10713525200.3998
Tajikistan,2023,12060602008.8478
Thailand,2000,126392224253.794
Thailand,2001,120296476180.402
Thailand,2002,134300904400.022
Thailand,2003,152280615245.887
Thailand,2004,172895685154.658
Thailand,2005,189318408468.595
Thailand,2006,221758296021.621
Thailand,2007,262942621455.053
Thailand,2008,291382982430.951
Thailand,2009,281710630187.319
Thailand,2010,341104766329.17
Thailand,2011,370818739623.622
Thailand,2012,397558325278.579
Thailand,2013,420333654592.547
Thailand,2014,407339040197.651
Thailand,2015,401296238228.084
Thailand,2016,413366349747.508
Thailand,2017,456356813536.764
Thailand,2018,506754208404.485
Thailand,2019,543976691793.886
Thailand,2020,500461898480.246
Thailand,2021,506256494297.34
Thailand,2022,495645210972.751
Thailand,2023,514968699239.005
Togo,2000,2106848752.27753
Togo,2001,2093498674.49678
Togo,2002,2410199032.43102
Togo,2003,2987984050.99318
Togo,2004,3191561508.69088
Togo,2005,3221910408.46516
Togo,2006,3320907721.74508
Togo,2007,3759964943.38078
Togo,2008,4578849657.99813
Togo,2009,4721890900.22635
Togo,2010,4746389531.6959
Togo,2011,5422442166.44146
Togo,2012,5413544658.41535
Togo,2013,6021732977.26584
Togo,2014,6393318261.82712
Togo,2015,5755461035.38026
Togo,2016,6071170959.12093
Togo,2017,6387422517.69225
Togo,2018,7029300383.08031
Togo,2019,6992700101.37188
Togo,2020,7400284167.78479
Togo,2021,8342243645.94438
Togo,2022,8169476148.95692
Togo,2023,9171261837.57103
Trinidad and Tobago,2000,8154342116.10311
Trinidad and Tobago,2001,8824849191.03571
Trinidad and Tobago,2002,9008298228.60273
Trinidad and Tobago,2003,11305459802.0683
Trinidad and Tobago,2004,13280291989.5755
Trinidad and Tobago,2005,15982389018.4041
Trinidad and Tobago,2006,18369361094.3886
Trinidad and Tobago,2007,21641620049.9352
Trinidad and Tobago,2008,27871587349.5413
Trinidad and Tobago,2009,19172165225.5015
Trinidad and Tobago,2010,22157920592.3669
Trinidad and Tobago,2011,25433007437.1605
Trinidad and Tobago,2012,27334568806.1922
Trinidad and Tobago,2013,28709859468.8597
Trinidad and Tobago,2014,29697674913.5408
Trinidad and Tobago,2015,27026750552.9647
Trinidad and Tobago,2016,23722678429.8078
Trinidad and Tobago,2017,24040211327.4898
Trinidad and Tobago,2018,24569257295.0918
Trinidad and Tobago,2019,23775659262.5735
Trinidad and Tobago,2020,20807716174.0546
Trinidad and Tobago,2021,24496397204.7176
Trinidad and Tobago,2022,30053446092.0128
Trinidad and Tobago,2023,27372285697.9477
Tunisia,2000,21473528160.7782
Tunisia,2001,22065832448.8623
Tunisia,2002,23141616604.5242
Tunisia,2003,27453902261.4629
Tunisia,2004,31183885241.4396
Tunisia,2005,32272186694.8043
Tunisia,2006,34376664600.5898
Tunisia,2007,38915353866.757
Tunisia,2008,44859439902.2191
Tunisia,2009,43455740497.3061
Tunisia,2010,46206091937.9628
Tunisia,2011,48123325825.0739
Tunisia,2012,47311401812.6733
Tunisia,2013,48685446413.953
Tunisia,2014,50271812920.612
Tunisia,2015,45779494041.9295
Tunisia,2016,44360072680.4476
Tunisia,2017,42163530590.9462
Tunisia,2018,42686504459.801
Tunisia,2019,41905642418.825
Tunisia,2020,42491780918.361
Tunisia,2021,46812290143.344
Tunisia,2022,44579761022.8993
Tunisia,2023,48529595416.6533
Turkiye,2000,274294623164.043
Turkiye,2001,201753123806.695
Turkiye,2002,240249071871.106
Turkiye,2003,314595572145.767
Turkiye,2004,408865430220.331
Turkiye,2005,506314717661.655
Turkiye,2006,557076157773.479
Turkiye,2007,681321124295.914
Turkiye,2008,770449132861.373
Turkiye,2009,649289324627.732
Turkiye,2010,776967266305.53
Turkiye,2011,838785289694.35
Turkiye,2012,880555885492.269
Turkiye,2013,957799120008.32
Turkiye,2014,938934609296.966
Turkiye,2015,864313810469.009
Turkiye,2016,869682881593.041
Turkiye,2017,858988492853.742
Turkiye,2018,778972108040.602
Turkiye,2019,761005915750.925
Turkiye,2020,720338490327.248
Turkiye,2021,819865223976.115
Turkiye,2022,907118434653.505
Turkiye,2023,1118252964260.77
Turkmenistan,2000,2904663310.9825
Turkmenistan,2001,3534772732.39746
Turkmenistan,2002,4462029108.72349
Turkmenistan,2003,5977440582.80171
Turkmenistan,2004,6838351088.46688
Turkmenistan,2005,8103901996.37024
Turkmenistan,2006,10276674364.8961
Turkmenistan,2007,12664165103.1895
Turkmenistan,2008,19271523178.8079
Turkmenistan,2009,20214385964.9123
Turkmenistan,2010,22583157894.7368
Turkmenistan,2011,29233333333.3333
Turkmenistan,2012,35164210526.3158
Turkmenistan,2013,39197543859.6491
Turkmenistan,2014,43524210526.3158
Turkmenistan,2015,35799714285.7143
Turkmenistan,2016,36169428571.4286
Turkmenistan,2017,37926285714.2857
Turkmenistan,2018,40765428571.4286
Turkmenistan,2019,45232857142.8571
Turkmenistan,2020,45818000000
Turkmenistan,2021,50007428571.4286
Turkmenistan,2022,58972000000
Turkmenistan,2023,60628857142.8571
Uganda,2000,6193246837.09687
Uganda,2001,5840503868.51573
Uganda,2002,6178563591.12051
Uganda,2003,6606884275.23087
Uganda,2004,7939487547.77384
Uganda,2005,9239221763.05793
Uganda,2006,9977647682.96954
Uganda,2007,11902564494.8833
Uganda,2008,14440404132.2047
Uganda,2009,25127805566.6584
Uganda,2010,26673441430.7857
Uganda,2011,27871725241.4723
Uganda,2012,27305915910.7877
Uganda,2013,28915786516.6123
Uganda,2014,32612397257.4458
Uganda,2015,32387183730.1002
Uganda,2016,29203988696.2626
Uganda,2017,30744473841.424
Uganda,2018,32927025619.6795
Uganda,2019,35348155095.4215
Uganda,2020,37600368241.6657
Uganda,2021,40529788748.6737
Uganda,2022,45565333210.9108
Uganda,2023,48768955863.3175
Ukraine,2000,32375083934.8241
Ukraine,2001,39309580983.2282
Ukraine,2002,43956163612.0433
Ukraine,2003,52010355753.0461
Ukraine,2004,67220154164.3166
Ukraine,2005,89238865118.5263
Ukraine,2006,111884752475.248
Ukraine,2007,148733861386.139
Ukraine,2008,188110390659.515
Ukraine,2009,121552153444.124
Ukraine,2010,141209170427.233
Ukraine,2011,169333835201.554
Ukraine,2012,182591753827.949
Ukraine,2013,190498811460.028
Ukraine,2014,133503871861.723
Ukraine,2015,91030967789.0717
Ukraine,2016,93355869403.9223
Ukraine,2017,112090505081.739
Ukraine,2018,130891088293.55
Ukraine,2019,153883047509.577
Ukraine,2020,156617722013.342
Ukraine,2021,199765859570.935
Ukraine,2022,161989520721.19
Ukraine,2023,178757021965.008
United Arab Emirates,2000,104337372362.151
United Arab Emirates,2001,103311640571.818
United Arab Emirates,2002,109816201497.617
United Arab Emirates,2003,124346358066.712
United Arab Emirates,2004,147824370319.946
United Arab Emirates,2005,180617467964.602
United Arab Emirates,2006,222116541865.214
United Arab Emirates,2007,257916133424.098
United Arab Emirates,2008,315474615738.598
United Arab Emirates,2009,253547358747.447
United Arab Emirates,2010,300189052694.029
United Arab Emirates,2011,360832739558.385
United Arab Emirates,2012,384610125384.033
United Arab Emirates,2013,400218529747.597
United Arab Emirates,2014,414105366758.911
United Arab Emirates,2015,370275469560.166
United Arab Emirates,2016,369255326235.771
United Arab Emirates,2017,390516804016.501
United Arab Emirates,2018,427049432149.345
United Arab Emirates,2019,417989721734.494
United Arab Emirates,2020,349473015336.939
United Arab Emirates,2021,415178792769.884
United Arab Emirates,2022,502731935197.487
United Arab Emirates,2023,514130432653.081
United Kingdom,2000,1665534876683.31
United Kingdom,2001,1649827263567.01
United Kingdom,2002,1785729916067.15
United Kingdom,2003,2054422857142.86
United Kingdom,2004,2421525082387.4
United Kingdom,2005,2543180000000
United Kingdom,2006,2708441582336.71
United Kingdom,2007,3090510204081.63
United Kingdom,2008,2929411764705.88
United Kingdom,2009,2412840006231.5
United Kingdom,2010,2485482596184.71
United Kingdom,2011,2663805834828.07
United Kingdom,2012,2707089726614.64
United Kingdom,2013,2784853502534.29
United Kingdom,2014,3064708247921.43
United Kingdom,2015,2927911140916.73
United Kingdom,2016,2689106566899.61
United Kingdom,2017,2680148052335.3
United Kingdom,2018,2871340347581.79
United Kingdom,2019,2851407164907.81
United Kingdom,2020,2696778386607.65
United Kingdom,2021,3143323050707.26
United Kingdom,2022,3114042471144.39
United Kingdom,2023,3380854520809.54
United States,2000,10250952000000
United States,2001,10581929000000
United States,2002,10929108000000
United States,2003,11456450000000
United States,2004,12217196000000
United States,2005,13039197000000
United States,2006,13815583000000
United States,2007,14474228000000
United States,2008,14769862000000
United States,2009,14478067000000
United States,2010,15048971000000
United States,2011,15599732000000
United States,2012,16253970000000
United States,2013,16880683000000
United States,2014,17608138000000
United States,2015,18295019000000
United States,2016,18804913000000
United States,2017,19612102000000
United States,2018,20656516000000
United States,2019,21539982000000
United States,2020,21354105000000
United States,2021,23681171000000
United States,2022,26006893000000
United States,2023,27720709000000
Uruguay,2000,22823270892.1094
Uruguay,2001,20898761742.2386
Uruguay,2002,13606515722.5864
Uruguay,2003,12045638351.8507
Uruguay,2004,13686329890.1191
Uruguay,2005,17362857683.8545
Uruguay,2006,19741420739.8901
Uruguay,2007,23797773024.3992
Uruguay,2008,31119602538.8322
Uruguay,2009,32708319077.5179
Uruguay,2010,41950361211.9581
Uruguay,2011,50342406067.0777
Uruguay,2012,54232266358.7811
Uruguay,2013,61337621933.7857
Uruguay,2014,61496186973.902
Uruguay,2015,57680327998.6689
Uruguay,2016,57480788390.2581
Uruguay,2017,65006039994.56
Uruguay,2018,65344576348.2279
Uruguay,2019,62222325807.0578
Uruguay,2020,53668636567.8667
Uruguay,2021,60760798595.5436
Uruguay,2022,70164683290.3776
Uruguay,2023,77240830877.4597
Uzbekistan,2000,13760513969.314
Uzbekistan,2001,11401421329.1974
Uzbekistan,2002,9687788512.80184
Uzbekistan,2003,10134453435.4603
Uzbekistan,2004,12030023547.8807
Uzbekistan,2005,14307509838.8053
Uzbekistan,2006,17330833852.919
Uzbekistan,2007,22311393927.8817
Uzbekistan,2008,29549438883.8338
Uzbekistan,2009,33689223673.2577
Uzbekistan,2010,49765676402.4495
Uzbekistan,2011,60178909297.208
Uzbekistan,2012,67517349212.0609
Uzbekistan,2013,73180037914.9104
Uzbekistan,2014,80845385809.4529
Uzbekistan,2015,86196264755.3105
Uzbekistan,2016,86138288644.171
Uzbekistan,2017,69703222282.7278
Uzbekistan,2018,58695899092.1083
Uzbekistan,2019,67293639798.3996
Uzbekistan,2020,66443265418.3086
Uzbekistan,2021,77340060003.0347
Uzbekistan,2022,90095926567.4359
Uzbekistan,2023,101591769702.343
"Venezuela, RB",2000,117146466002.661
"Venezuela, RB",2001,122911036746.729
"Venezuela, RB",2002,92893587733.6549
"Venezuela, RB",2003,83620628582.1082
"Venezuela, RB",2004,112451400424.964
"Venezuela, RB",2005,145513489651.872
"Venezuela, RB",2006,183477522123.894
"Venezuela, RB",2007,230364012575.687
"Venezuela, RB",2008,315953388510.678
"Venezuela, RB",2009,329787628928.471
"Venezuela, RB",2010,393192354510.653
"Venezuela, RB",2011,316482190800.364
"Venezuela, RB",2012,381286237847.667
"Venezuela, RB",2013,371005379786.566
"Venezuela, RB",2014,482359318767.703
"Venezuela, RB",2015,..
"Venezuela, RB",2016,..
"Venezuela, RB",2017,..
"Venezuela, RB",2018,..
"Venezuela, RB",2019,..
"Venezuela, RB",2020,..
"Venezuela, RB",2021,..
"Venezuela, RB",2022,..
"Venezuela, RB",2023,..
Zambia,2000,3600632111.41414
Zambia,2001,4094441301.21423
Zambia,2002,4193850445.42632
Zambia,2003,4901869764.05957
Zambia,2004,6221110219.45542
Zambia,2005,8331870169.14977
Zambia,2006,12756858899.2812
Zambia,2007,14056957976.2648
Zambia,2008,17910858637.9048
Zambia,2009,15328342303.9575
Zambia,2010,20265559483.8548
Zambia,2011,23459515275.5776
Zambia,2012,25503060420.026
Zambia,2013,28037239462.7142
Zambia,2014,27141023558.0829
Zambia,2015,21251216798.7762
Zambia,2016,20958412538.3093
Zambia,2017,25873601260.8353
Zambia,2018,26311507273.6735
Zambia,2019,23308667781.2258
Zambia,2020,18137764930.651
Zambia,2021,22096416932.0089
Zambia,2022,29163782140.4858
Zambia,2023,27577956471.244
Zimbabwe,2000,6689957600
Zimbabwe,2001,6777384700
Zimbabwe,2002,6342116400
Zimbabwe,2003,5727591800
Zimbabwe,2004,5805598400
Zimbabwe,2005,5755215200
Zimbabwe,2006,5443896500
Zimbabwe,2007,5291950100
Zimbabwe,2008,4415702800
Zimbabwe,2009,9665793300
Zimbabwe,2010,12041655200
Zimbabwe,2011,14101920300
Zimbabwe,2012,17114849900
Zimbabwe,2013,19091020000
Zimbabwe,2014,19495519600
Zimbabwe,2015,19963120600
Zimbabwe,2016,20548678100
Zimbabwe,2017,51074660513.3715
Zimbabwe,2018,34156069918.0609
Zimbabwe,2019,25717409842.4479
Zimbabwe,2020,26867936444.6826
Zimbabwe,2021,27240515108.8049
Zimbabwe,2022,32789751736.3323
Zimbabwe,2023,35231367885.8554
