Country,Year,Education Exp (%GDP)
Afghanistan,2006,4.68476057052612
Afghanistan,2007,4.17489528656006
Afghanistan,2008,4.38367223739624
Afghanistan,2009,4.81063985824585
Afghanistan,2010,3.4794499874115
Afghanistan,2011,3.4620099067688
Afghanistan,2012,2.60419988632202
Afghanistan,2013,3.45445990562439
Afghanistan,2015,3.2558000087738
Afghanistan,2016,4.54397010803223
Afghanistan,2017,4.34319019317627
Albania,2000,3.4301700592041
Albania,2001,3.45869994163513
Albania,2002,3.11779999732971
Albania,2003,3.13823008537292
Albania,2004,3.22751998901367
Albania,2005,3.28154993057251
Albania,2006,3.1914598941803
Albania,2007,3.27592992782593
Albania,2008,3.50922608375549
Albania,2010,3.41307497024536
Albania,2011,3.24000835418701
Albania,2012,3.30906105041504
Albania,2013,3.53929996490479
Albania,2015,3.43796992301941
Albania,2016,3.96209001541138
Albania,2017,3.61172008514404
Albania,2018,3.15294480323792
Albania,2019,3.91623997688293
Albania,2020,3.3422999382019
Albania,2021,3.02255988121033
Albania,2022,2.74432992935181
Algeria,2008,4.11142015457153
Algeria,2012,7.0295090675354
Algeria,2013,6.65906047821045
Algeria,2015,6.17633008956909
Algeria,2016,6.50210857391357
Algeria,2017,5.73482370376587
Algeria,2018,5.81275129318237
Algeria,2019,5.57536554336548
Algeria,2020,6.1939172744751
Algeria,2021,5.51403284072876
Algeria,2022,4.74924659729004
Algeria,2023,5.61015701293945
Argentina,2000,4.58030986785889
Argentina,2001,4.833740234375
Argentina,2002,4.01734018325806
Argentina,2003,3.53504991531372
Argentina,2004,3.48652005195618
Argentina,2005,3.86000990867615
Argentina,2006,4.12821006774902
Argentina,2007,4.46260023117065
Argentina,2008,4.84440994262695
Argentina,2009,5.53105020523071
Argentina,2010,5.01971006393433
Argentina,2011,5.29062986373901
Argentina,2012,5.34582996368408
Argentina,2013,5.43661022186279
Argentina,2015,5.77611017227173
Argentina,2016,5.54548978805542
Argentina,2017,5.45431995391846
Argentina,2018,4.87773990631104
Argentina,2019,4.7716498374939
Argentina,2020,5.27689981460571
Argentina,2021,4.64117002487183
Argentina,2022,4.80521011352539
Armenia,2000,2.77273011207581
Armenia,2001,2.46943998336792
Armenia,2002,2.13504004478455
Armenia,2003,2.1450400352478
Armenia,2004,2.48673009872437
Armenia,2005,2.71202993392944
Armenia,2006,2.71577000617981
Armenia,2007,3.01893997192383
Armenia,2008,3.17272996902466
Armenia,2009,3.84079003334045
Armenia,2010,3.24900007247925
Armenia,2011,3.14385008811951
Armenia,2012,2.77248001098633
Armenia,2013,2.65018010139465
Armenia,2015,2.80591011047363
Armenia,2016,2.75812005996704
Armenia,2017,2.70759010314941
Armenia,2018,2.25586795806885
Armenia,2019,2.57191228866577
Armenia,2020,2.70555996894836
Armenia,2021,2.76784992218018
Armenia,2022,2.4918999671936
Armenia,2023,0.242599993944168
Australia,2000,4.75933980941772
Australia,2001,5.22261571884155
Australia,2002,5.30569648742676
Australia,2003,5.24525785446167
Australia,2004,5.19307231903076
Australia,2005,5.27187633514404
Australia,2006,5.16309022903442
Australia,2007,4.96966886520386
Australia,2008,4.9018235206604
Australia,2009,5.39640665054321
Australia,2010,6.15043640136719
Australia,2011,6.00601577758789
Australia,2012,5.55924797058105
Australia,2013,5.5196270942688
Australia,2015,5.46285820007324
Australia,2016,5.43038558959961
Australia,2017,5.32125568389893
Australia,2018,5.40967607498169
Australia,2019,5.50858879089355
Australia,2020,5.37828016281128
Australia,2021,5.33320999145508
Australia,2022,5.20677661895752
Austria,2000,5.58880996704102
Austria,2001,5.57547998428345
Austria,2002,5.52213001251221
Austria,2003,5.36183023452759
Austria,2004,5.30243015289307
Austria,2005,5.24937009811401
Austria,2006,5.22652006149292
Austria,2007,5.14690017700195
Austria,2008,5.26395988464355
Austria,2009,5.73024988174438
Austria,2010,5.70047998428345
Austria,2011,5.59226989746094
Austria,2012,5.48040008544922
Austria,2013,5.54711008071899
Austria,2015,5.45658016204834
Austria,2016,5.4796199798584
Austria,2017,5.37159013748169
Austria,2018,5.22655010223389
Austria,2019,5.21779012680054
Austria,2020,5.57126998901367
Austria,2021,5.49411010742188
Austria,2022,4.77447128295898
Azerbaijan,2000,3.85399007797241
Azerbaijan,2001,3.50342011451721
Azerbaijan,2002,3.15445995330811
Azerbaijan,2003,3.2861499786377
Azerbaijan,2004,3.44770002365112
Azerbaijan,2005,2.97462010383606
Azerbaijan,2006,2.55552005767822
Azerbaijan,2007,2.5492799282074
Azerbaijan,2008,2.44092988967896
Azerbaijan,2009,3.22430992126465
Azerbaijan,2010,2.78062009811401
Azerbaijan,2011,2.43564009666443
Azerbaijan,2012,2.06763005256653
Azerbaijan,2013,2.44213008880615
Azerbaijan,2015,2.95167994499207
Azerbaijan,2016,2.90340995788574
Azerbaijan,2017,2.47381997108459
Azerbaijan,2018,2.45543003082275
Azerbaijan,2019,3.1764600276947
Azerbaijan,2020,4.33204984664917
Azerbaijan,2021,3.7020800113678
Azerbaijan,2022,3.04690003395081
Azerbaijan,2023,3.58290028572083
"Bahamas, The",2000,2.23284006118774
"Bahamas, The",2010,2.45165991783142
"Bahamas, The",2011,2.35576629638672
"Bahamas, The",2012,2.38704514503479
"Bahamas, The",2013,2.38595986366272
"Bahamas, The",2015,2.29697513580322
"Bahamas, The",2016,2.58660674095154
"Bahamas, The",2017,2.69140648841858
"Bahamas, The",2018,2.48519492149353
"Bahamas, The",2019,2.6171863079071
"Bahamas, The",2020,3.7900116443634
"Bahamas, The",2021,3.00693249702454
"Bahamas, The",2022,2.83657622337341
Bahrain,2006,2.87440991401672
Bahrain,2007,2.57500004768372
Bahrain,2008,2.49677991867065
Bahrain,2010,2.35114979743958
Bahrain,2011,2.31235384941101
Bahrain,2012,2.64530992507935
Bahrain,2013,2.47689008712769
Bahrain,2015,2.66808009147644
Bahrain,2016,2.80248284339905
Bahrain,2017,2.32781004905701
Bahrain,2018,2.38893985748291
Bahrain,2019,2.38460445404053
Bahrain,2020,2.55237460136414
Bahrain,2021,2.22135806083679
Bahrain,2022,1.98779726028442
Barbados,2000,4.71585988998413
Barbados,2001,6.05536985397339
Barbados,2002,5.88062000274658
Barbados,2003,6.24569988250732
Barbados,2004,6.02428007125854
Barbados,2005,5.66965007781982
Barbados,2007,5.22061014175415
Barbados,2008,4.92074012756348
Barbados,2009,5.11040019989014
Barbados,2010,6.05261993408203
Barbados,2012,5.25726985931396
Barbados,2013,5.13486003875732
Barbados,2015,5.17699909210205
Barbados,2016,4.68382978439331
Barbados,2017,4.34997987747192
Barbados,2018,5.13313722610474
Barbados,2019,4.0863299369812
Barbados,2020,4.16860008239746
Barbados,2021,4.863609790802
Barbados,2022,4.41624021530151
Barbados,2023,4.04476022720337
Belarus,2000,6.19661998748779
Belarus,2003,6.31018209457397
Belarus,2004,5.7122597694397
Belarus,2005,5.8710298538208
Belarus,2006,6.07696008682251
Belarus,2007,5.15210008621216
Belarus,2008,5.71321535110474
Belarus,2009,4.3689398765564
Belarus,2010,5.22003984451294
Belarus,2011,4.68479013442993
Belarus,2012,4.95964002609253
Belarus,2013,5.0094199180603
Belarus,2015,4.78750991821289
Belarus,2016,4.94654989242554
Belarus,2017,4.79500007629395
Belarus,2018,5.38110017776489
Belarus,2019,4.97948980331421
Belarus,2020,4.86263990402222
Belarus,2021,4.60641002655029
Belarus,2022,4.62823009490967
Belarus,2023,4.9514799118042
Belgium,2000,5.53273296356201
Belgium,2001,5.67605495452881
Belgium,2002,5.78968381881714
Belgium,2003,5.89130210876465
Belgium,2004,5.62933778762817
Belgium,2005,5.79585981369019
Belgium,2006,5.62658596038818
Belgium,2007,5.51823377609253
Belgium,2008,6.33294010162354
Belgium,2009,6.45809984207153
Belgium,2010,6.44259023666382
Belgium,2011,6.43199014663696
Belgium,2012,6.25576496124268
Belgium,2013,6.63052988052368
Belgium,2015,6.4515700340271
Belgium,2016,6.46173000335693
Belgium,2017,6.42534017562866
Belgium,2018,6.38107013702393
Belgium,2019,6.33397006988525
Belgium,2020,6.80185985565186
Belgium,2021,6.35551977157593
Bermuda,2003,1.6662700176239
Bermuda,2004,1.77587997913361
Bermuda,2005,1.98877000808716
Bermuda,2009,2.28920006752014
Bermuda,2010,2.30668997764587
Bermuda,2011,2.19656991958618
Bermuda,2012,2.38597130775452
Bermuda,2013,2.27950310707092
Bermuda,2015,1.50163996219635
Bermuda,2016,1.91544389724731
Bermuda,2017,1.32495999336243
Bermuda,2018,1.93595468997955
Bermuda,2019,1.92679822444916
Bermuda,2020,1.89008772373199
Bermuda,2021,1.88491690158844
Bermuda,2022,1.92221343517303
Bermuda,2023,1.93364679813385
Botswana,2005,10.6785898208618
Botswana,2007,9.04666996002197
Botswana,2009,9.8253002166748
Botswana,2011,10.8265533447266
Botswana,2012,8.10987281799316
Botswana,2013,8.0172061920166
Botswana,2015,8.39457988739014
Botswana,2016,8.73589324951172
Botswana,2017,7.80924463272095
Botswana,2018,7.90538597106934
Botswana,2019,8.39899635314941
Botswana,2020,8.05833625793457
Brazil,2000,3.94893002510071
Brazil,2001,3.84468007087708
Brazil,2002,3.75037002563477
Brazil,2004,3.97447991371155
Brazil,2005,4.47908020019531
Brazil,2006,4.87060022354126
Brazil,2007,4.97425985336304
Brazil,2008,5.26883983612061
Brazil,2009,5.46355009078979
Brazil,2010,5.64879989624023
Brazil,2011,5.73741006851196
Brazil,2012,5.85510015487671
Brazil,2013,5.8388500213623
Brazil,2015,6.24105978012085
Brazil,2016,6.314040184021
Brazil,2017,6.32047986984253
Brazil,2018,6.08851003646851
Brazil,2019,5.96346998214722
Brazil,2020,5.77150011062622
Brazil,2021,5.4969801902771
Bulgaria,2000,4.21983289718628
Bulgaria,2001,3.38423991203308
Bulgaria,2002,3.38608002662659
Bulgaria,2003,3.99845004081726
Bulgaria,2004,4.24988985061646
Bulgaria,2005,4.10879993438721
Bulgaria,2006,3.90346002578735
Bulgaria,2007,3.680340051651
Bulgaria,2008,4.2190899848938
Bulgaria,2009,4.27429008483887
Bulgaria,2010,3.85746002197266
Bulgaria,2011,3.54690003395081
Bulgaria,2012,3.47650003433228
Bulgaria,2013,4.05766010284424
Bulgaria,2015,3.91208434104919
Bulgaria,2016,3.39370822906494
Bulgaria,2017,4.07755994796753
Bulgaria,2018,4.04709005355835
Bulgaria,2019,4.19902992248535
Bulgaria,2020,4.50513982772827
Bulgaria,2021,4.73032999038696
Burkina Faso,2005,3.94113993644714
Burkina Faso,2006,3.98218989372253
Burkina Faso,2007,4.07983016967773
Burkina Faso,2010,3.50222992897034
Burkina Faso,2011,3.98515009880066
Burkina Faso,2012,3.60315990447998
Burkina Faso,2013,4.08343982696533
Burkina Faso,2015,3.67008996009827
Burkina Faso,2017,5.62846994400024
Burkina Faso,2018,5.488609790802
Burkina Faso,2019,5.40713691711426
Burkina Faso,2020,5.15086507797241
Burkina Faso,2021,5.22401523590088
Burkina Faso,2022,5.27651214599609
Burundi,2000,2.64547991752625
Burundi,2001,2.90390992164612
Burundi,2002,3.00493001937866
Burundi,2004,3.74496006965637
Burundi,2005,3.632159948349
Burundi,2008,5.19290018081665
Burundi,2009,6.17194986343384
Burundi,2010,6.67801666259766
Burundi,2011,6.24009609222412
Burundi,2012,6.03472852706909
Burundi,2013,5.99539995193481
Burundi,2015,7.10290956497192
Burundi,2016,4.96585083007812
Burundi,2017,5.00918865203857
Burundi,2018,5.4135274887085
Burundi,2019,5.34668445587158
Burundi,2020,5.32158517837524
Burundi,2021,4.87114191055298
Burundi,2022,4.82104730606079
Cabo Verde,2002,7.87682008743286
Cabo Verde,2004,7.47664022445679
Cabo Verde,2006,6.52960014343262
Cabo Verde,2007,4.95981979370117
Cabo Verde,2008,5.03464984893799
Cabo Verde,2009,4.86586999893188
Cabo Verde,2010,5.07658004760742
Cabo Verde,2011,4.59784984588623
Cabo Verde,2012,5.39769554138184
Cabo Verde,2013,4.5615701675415
Cabo Verde,2015,4.80622005462646
Cabo Verde,2016,4.75475978851318
Cabo Verde,2017,4.59278011322021
Cabo Verde,2018,4.78792285919189
Cabo Verde,2019,4.16529989242554
Cabo Verde,2021,6.03750085830688
Cabo Verde,2022,4.67288541793823
Cameroon,2000,1.70284998416901
Cameroon,2001,2.29733991622925
Cameroon,2003,2.82259011268616
Cameroon,2004,2.79530000686646
Cameroon,2005,2.65651988983154
Cameroon,2006,2.53991007804871
Cameroon,2007,2.87815999984741
Cameroon,2008,2.49827003479004
Cameroon,2009,2.90790009498596
Cameroon,2010,2.84803009033203
Cameroon,2011,2.65336990356445
Cameroon,2012,2.60306000709534
Cameroon,2013,2.6554799079895
Cameroon,2015,2.65791988372803
Cameroon,2016,2.56234002113342
Cameroon,2017,3.05962991714478
Cameroon,2018,3.03096008300781
Cameroon,2019,3.04739952087402
Cameroon,2020,3.10390138626099
Cameroon,2021,2.82764077186584
Cameroon,2022,2.61768436431885
Canada,2000,5.42331981658936
Canada,2001,4.95303010940552
Canada,2002,4.99308013916016
Canada,2005,4.76588010787964
Canada,2007,4.7664098739624
Canada,2008,4.62612009048462
Canada,2009,4.84057998657227
Canada,2010,5.356369972229
Canada,2011,5.26205015182495
Canada,2012,4.69258737564087
Canada,2013,4.5890097618103
Canada,2015,4.7393798828125
Canada,2016,4.81642007827759
Canada,2017,4.95996999740601
Canada,2018,4.8889799118042
Canada,2019,4.77293014526367
Canada,2020,4.88794994354248
Canada,2021,4.74860000610352
Canada,2022,4.13957166671753
Chile,2000,3.75707006454468
Chile,2002,4.04881000518799
Chile,2003,3.91868996620178
Chile,2004,3.54307007789612
Chile,2005,3.28016996383667
Chile,2006,3.04014992713928
Chile,2007,3.2331600189209
Chile,2008,3.79189991950989
Chile,2009,4.25475978851318
Chile,2010,4.18953990936279
Chile,2011,4.0617299079895
Chile,2013,4.54814004898071
Chile,2015,4.90390014648438
Chile,2016,5.3664698600769
Chile,2017,5.43278980255127
Chile,2018,5.473060131073
Chile,2019,5.62630987167358
Chile,2020,5.62993001937866
Chile,2021,4.99923992156982
China,2005,2.39190554618835
China,2006,2.44128441810608
China,2007,2.70073485374451
China,2008,3.63178825378418
China,2009,3.75152206420898
China,2010,3.55966520309448
China,2011,3.80921697616577
China,2012,4.29788875579834
China,2013,4.1298041343689
China,2015,4.24201250076294
China,2016,4.20638513565063
China,2017,4.11133146286011
China,2018,4.02442407608032
China,2019,4.05939483642578
China,2020,4.2333812713623
China,2021,3.98832511901855
China,2022,4.02356958389282
Colombia,2000,3.5112099647522
Colombia,2001,3.70867991447449
Costa Rica,2000,4.66695022583008
Costa Rica,2001,4.83202981948853
Costa Rica,2002,5.15044021606445
Costa Rica,2003,5.13373994827271
Costa Rica,2004,4.89062976837158
Costa Rica,2006,4.61613988876343
Costa Rica,2007,4.6345100402832
Costa Rica,2008,4.88697004318237
Costa Rica,2009,6.01030015945435
Costa Rica,2010,6.56574010848999
Costa Rica,2011,6.37988996505737
Costa Rica,2012,6.58239984512329
Costa Rica,2013,6.68739986419678
Costa Rica,2015,6.87349987030029
Costa Rica,2016,6.89395999908447
Costa Rica,2017,7.06980991363525
Costa Rica,2018,6.76991987228394
Costa Rica,2019,6.73808002471924
Costa Rica,2020,6.62898015975952
Costa Rica,2021,6.24841976165771
Cote d'Ivoire,2000,2.40031003952026
Cote d'Ivoire,2001,2.44477009773254
Cote d'Ivoire,2002,2.81048011779785
Cote d'Ivoire,2003,2.86437010765076
Cote d'Ivoire,2004,2.91176009178162
Cote d'Ivoire,2005,2.91944003105164
Cote d'Ivoire,2006,2.8199999332428
Cote d'Ivoire,2007,3.01613998413086
Cote d'Ivoire,2008,3.09853005409241
Cote d'Ivoire,2009,3.1739399433136
Cote d'Ivoire,2010,3.24651002883911
Cote d'Ivoire,2011,2.86576008796692
Cote d'Ivoire,2012,3.4344699382782
Cote d'Ivoire,2013,3.45860004425049
Cote d'Ivoire,2015,3.49412989616394
Cote d'Ivoire,2016,3.93593001365662
Cote d'Ivoire,2017,3.73654007911682
Cote d'Ivoire,2018,3.21164989471436
Cote d'Ivoire,2019,3.4130699634552
Cote d'Ivoire,2020,3.78674006462097
Cote d'Ivoire,2021,3.32718992233276
Cote d'Ivoire,2022,3.51197004318237
Cote d'Ivoire,2023,3.42992997169495
Croatia,2000,6.112708568573
Croatia,2001,5.68086528778076
Croatia,2002,3.82300996780396
Croatia,2003,3.86901998519897
Croatia,2004,3.82214999198914
Croatia,2005,5.36704969406128
Croatia,2006,5.00697135925293
Croatia,2007,3.96751999855042
Croatia,2008,4.27542018890381
Croatia,2009,4.37821006774902
Croatia,2010,4.21689987182617
Croatia,2011,4.11441993713379
Croatia,2012,5.22161388397217
Croatia,2013,4.52116012573242
Croatia,2015,4.96908521652222
Croatia,2016,4.89622449874878
Croatia,2017,3.86269998550415
Croatia,2018,3.91209006309509
Croatia,2019,3.92007994651794
Croatia,2020,4.38901996612549
Croatia,2021,4.05666017532349
Cuba,2000,7.70481014251709
Cuba,2001,8.3580904006958
Cuba,2002,9.57116985321045
Cuba,2003,9.9408597946167
Cuba,2004,10.2682304382324
Cuba,2005,10.5577802658081
Cuba,2006,9.05716991424561
Cuba,2007,11.8682098388672
Cuba,2008,14.0590801239014
Cuba,2009,13.1248598098755
Cuba,2010,12.8373098373413
Cuba,2012,11.5516605377197
Cuba,2013,10.6716957092285
Cuba,2015,8.96333694458008
Cuba,2016,9.01313304901123
Cuba,2019,9.04696941375732
Cuba,2021,9.38586235046387
Cyprus,2000,4.98954010009766
Cyprus,2001,5.11552000045776
Cyprus,2002,5.58166980743408
Cyprus,2003,6.6702299118042
Cyprus,2004,6.11772012710571
Cyprus,2005,6.28667020797729
Cyprus,2006,6.3302698135376
Cyprus,2007,6.28082990646362
Cyprus,2008,6.72276020050049
Cyprus,2009,7.2054500579834
Cyprus,2010,6.52559995651245
Cyprus,2011,6.52042007446289
Cyprus,2012,5.89526700973511
Cyprus,2013,6.46747016906738
Cyprus,2015,6.30491018295288
Cyprus,2016,6.11811017990112
Cyprus,2017,5.69961977005005
Cyprus,2018,5.0253529548645
Cyprus,2019,5.21260023117065
Cyprus,2020,5.63694000244141
Cyprus,2021,5.23585987091064
Czechia,2000,3.64034008979797
Czechia,2001,3.73283004760742
Czechia,2002,3.95878005027771
Czechia,2003,4.11728000640869
Czechia,2004,3.99238991737366
Czechia,2005,3.86591005325317
Czechia,2006,4.1955099105835
Czechia,2007,3.84717988967896
Czechia,2008,3.7271900177002
Czechia,2009,4.1460599899292
Czechia,2010,4.03350019454956
Czechia,2011,4.24209022521973
Czechia,2012,4.22070980072021
Czechia,2013,4.04676008224487
Czechia,2015,5.75182008743286
Czechia,2016,5.55373001098633
Czechia,2017,3.80615997314453
Czechia,2018,4.26605987548828
Czechia,2019,4.54246997833252
Czechia,2020,4.72159004211426
Czechia,2021,4.80319976806641
Denmark,2000,8.08434009552002
Denmark,2001,8.21545028686523
Denmark,2002,8.2130298614502
Denmark,2003,8.12193012237549
Denmark,2004,8.2076301574707
Denmark,2005,8.08557033538818
Denmark,2006,7.72990989685059
Denmark,2007,7.61560010910034
Denmark,2008,7.47604990005493
Denmark,2009,8.44888019561768
Denmark,2010,8.55955028533936
Denmark,2011,8.48486042022705
Denmark,2012,7.23782014846802
Denmark,2013,8.49442958831787
Denmark,2015,7.01041460037231
Denmark,2016,7.69106006622314
Denmark,2017,7.11585998535156
Denmark,2018,7.29690980911255
Denmark,2019,7.25505018234253
Denmark,2020,7.38354015350342
Denmark,2021,6.99992990493774
Denmark,2022,5.29643440246582
Dominica,2012,4.39310455322266
Dominica,2013,4.46448278427124
Dominica,2015,3.40711998939514
Dominica,2016,5.12971973419189
Dominica,2017,4.76675081253052
Dominica,2018,5.15360450744629
Dominica,2019,5.53449010848999
Dominica,2020,4.69630002975464
Dominica,2021,5.46584510803223
Dominica,2022,6.04314231872559
Dominica,2023,4.65674114227295
Dominican Republic,2000,1.88829004764557
Dominican Republic,2001,1.96782994270325
Dominican Republic,2002,1.9140100479126
Dominican Republic,2003,1.84465003013611
Dominican Republic,2007,2.04678988456726
Dominican Republic,2010,1.88728785514832
Dominican Republic,2011,1.87925755977631
Dominican Republic,2013,3.62818145751953
Dominican Republic,2015,3.6040027141571
Dominican Republic,2016,3.85049557685852
Dominican Republic,2017,3.9202675819397
Dominican Republic,2018,3.91821074485779
Dominican Republic,2019,4.04276895523071
Dominican Republic,2020,4.51769828796387
Dominican Republic,2021,3.74731349945068
Dominican Republic,2022,3.94027137756348
Ecuador,2000,1.20265996456146
Ecuador,2009,4.51763010025024
Ecuador,2010,4.60028982162476
Ecuador,2011,4.74424982070923
Ecuador,2012,4.65310001373291
Ecuador,2013,4.92997980117798
Ecuador,2015,5.10570001602173
Ecuador,2016,4.36274814605713
Ecuador,2017,4.6142578125
Ecuador,2018,4.62145519256592
Ecuador,2019,4.2457799911499
Ecuador,2020,4.26103019714355
Ecuador,2021,3.64776992797852
Ecuador,2022,3.59897994995117
Ecuador,2023,3.89365005493164
"Egypt, Arab Rep.",2002,4.7958836555481
"Egypt, Arab Rep.",2003,4.94563007354736
"Egypt, Arab Rep.",2004,4.67072010040283
"Egypt, Arab Rep.",2005,4.79442977905273
"Egypt, Arab Rep.",2006,4.00178003311157
"Egypt, Arab Rep.",2007,3.68460988998413
"Egypt, Arab Rep.",2008,3.76082992553711
"Egypt, Arab Rep.",2009,3.6391909122467
"Egypt, Arab Rep.",2010,3.54265189170837
"Egypt, Arab Rep.",2011,3.3442964553833
"Egypt, Arab Rep.",2012,3.36830472946167
"Egypt, Arab Rep.",2013,4.12252616882324
"Egypt, Arab Rep.",2015,3.93084812164307
Eritrea,2001,4.04716014862061
Eritrea,2002,3.52390003204346
Eritrea,2004,3.14896988868713
Eritrea,2006,2.12700009346008
Estonia,2000,5.33945989608765
Estonia,2001,5.22845983505249
Estonia,2002,5.43460988998413
Estonia,2003,5.27309989929199
Estonia,2004,4.87674999237061
Estonia,2005,4.81026983261108
Estonia,2006,5.85676240921021
Estonia,2007,4.61990976333618
Estonia,2008,5.48403978347778
Estonia,2009,5.96005010604858
Estonia,2010,5.51778984069824
Estonia,2011,5.01449012756348
Estonia,2012,4.71772003173828
Estonia,2013,4.84388017654419
Estonia,2015,5.14418983459473
Estonia,2016,5.15763998031616
Estonia,2017,4.96131992340088
Estonia,2018,5.23997020721436
Estonia,2019,5.26041984558105
Estonia,2020,5.52696990966797
Estonia,2021,5.2632098197937
Ethiopia,2000,3.88614988327026
Ethiopia,2001,3.7002899646759
Ethiopia,2002,3.63245010375977
Ethiopia,2006,5.49096012115479
Ethiopia,2007,5.45112991333008
Ethiopia,2008,5.40819978713989
Ethiopia,2009,4.42207002639771
Ethiopia,2010,4.49659013748169
Ethiopia,2011,5.48576021194458
Ethiopia,2012,5.56678009033203
Ethiopia,2013,4.82446432113647
Ethiopia,2015,5.15336132049561
Ethiopia,2016,5.06151390075684
Ethiopia,2017,5.49905061721802
Ethiopia,2018,5.22011184692383
Ethiopia,2019,4.48086929321289
Ethiopia,2020,4.09056520462036
Ethiopia,2021,4.06524896621704
Ethiopia,2022,3.73649501800537
Fiji,2000,5.87773990631104
Fiji,2001,5.6431097984314
Fiji,2002,6.27586984634399
Fiji,2004,6.20915985107422
Fiji,2005,5.16705989837646
Fiji,2006,5.6553201675415
Fiji,2007,5.89472007751465
Fiji,2008,4.25357007980347
Fiji,2009,4.49847984313965
Fiji,2011,4.17305994033813
Fiji,2012,4.46150588989258
Fiji,2013,4.35139417648315
Fiji,2015,4.80931758880615
Fiji,2016,4.83590269088745
Fiji,2017,4.65119171142578
Fiji,2018,4.79706048965454
Fiji,2019,5.15273189544678
Fiji,2020,5.80519533157349
Fiji,2021,4.85268640518188
Fiji,2022,3.93839550018311
Fiji,2023,4.24679803848267
Finland,2000,5.70930004119873
Finland,2001,5.84025001525879
Finland,2002,6.01677989959717
Finland,2003,6.16743993759155
Finland,2004,6.15757989883423
Finland,2005,6.02507019042969
Finland,2006,5.92838001251221
Finland,2007,5.67125988006592
Finland,2008,5.83010005950928
Finland,2009,6.45955991744995
Finland,2010,6.50444984436035
Finland,2011,6.44504976272583
Finland,2012,7.14803981781006
Finland,2013,7.12404012680054
Finland,2015,7.03208017349243
Finland,2016,6.85153007507324
Finland,2017,6.36311006546021
Finland,2018,6.27557992935181
Finland,2019,6.41695022583008
Finland,2020,6.6349401473999
Finland,2021,6.53825998306274
France,2000,5.60021924972534
France,2001,5.61780023574829
France,2002,5.78097534179688
France,2003,5.76206302642822
France,2004,5.54923391342163
France,2005,5.51722764968872
France,2006,5.47531032562256
France,2007,5.30452871322632
France,2008,5.38727569580078
France,2009,5.66921901702881
France,2010,5.64279174804688
France,2011,5.48011541366577
France,2012,5.48835611343384
France,2013,5.4928936958313
France,2015,5.44642734527588
France,2016,5.40805816650391
France,2017,5.45160007476807
France,2018,5.40716981887817
France,2019,5.35443019866943
France,2020,5.65981006622314
France,2021,5.43038988113403
Gabon,2000,3.82709002494812
Gabon,2010,3.07808995246887
Gabon,2011,2.987459897995
Gabon,2012,3.01340007781982
Gabon,2013,3.02971005439758
Gabon,2015,2.82435989379883
Gabon,2016,2.66773080825806
Gabon,2017,3.55570793151855
Gabon,2018,3.07154297828674
Gabon,2019,2.8743097782135
Gabon,2020,3.39874076843262
Gabon,2021,2.70079278945923
Gabon,2022,2.20773649215698
Georgia,2000,2.18105006217957
Georgia,2001,2.13750004768372
Georgia,2002,2.23501992225647
Georgia,2003,2.06559991836548
Georgia,2004,2.91420006752014
Georgia,2005,2.48431992530823
Georgia,2006,3.00364995002747
Georgia,2007,2.69687008857727
Georgia,2008,2.9195499420166
Georgia,2009,3.22237992286682
Georgia,2010,2.80364799499512
Georgia,2011,2.5149199962616
Georgia,2012,1.86033999919891
Georgia,2013,3.47322177886963
Georgia,2015,3.16487407684326
Georgia,2016,3.52338004112244
Georgia,2017,3.52442002296448
Georgia,2018,3.46094989776611
Georgia,2019,3.82985997200012
Georgia,2020,3.8498592376709
Georgia,2021,3.59441995620728
Georgia,2022,3.75498008728027
Georgia,2023,3.73861002922058
Germany,2000,4.06815242767334
Germany,2001,4.14708137512207
Germany,2002,4.16305732727051
Germany,2003,4.17101860046387
Germany,2004,4.10064888000488
Germany,2005,4.10731077194214
Germany,2006,4.02527379989624
Germany,2007,3.92246603965759
Germany,2008,4.54924011230469
Germany,2009,4.34005403518677
Germany,2010,5.09588003158569
Germany,2011,4.98425006866455
Germany,2012,4.92844009399414
Germany,2013,4.93538999557495
Germany,2015,4.85515022277832
Germany,2016,4.83923006057739
Germany,2017,4.87182998657227
Germany,2018,4.97933006286621
Germany,2019,5.11552000045776
Germany,2020,5.59038019180298
Germany,2021,5.45488977432251
Germany,2022,4.54389047622681
Ghana,2001,5.35444021224976
Ghana,2004,7.53558015823364
Ghana,2005,7.42208003997803
Ghana,2006,5.14794015884399
Ghana,2007,5.51986980438232
Ghana,2008,5.75795984268188
Ghana,2009,5.31744003295898
Ghana,2010,5.54059982299805
Ghana,2011,8.14097023010254
Ghana,2012,7.91913986206055
Ghana,2013,4.57646989822388
Ghana,2015,3.68874549865723
Ghana,2016,3.45474433898926
Ghana,2017,3.18611741065979
Ghana,2018,3.01595592498779
Ghana,2019,3.15307116508484
Ghana,2020,3.40915989875793
Ghana,2021,3.41949439048767
Ghana,2022,2.90529441833496
Greece,2000,3.23019003868103
Greece,2001,3.36457991600037
Greece,2002,3.42430996894836
Greece,2003,3.42933988571167
Greece,2004,3.66719007492065
Greece,2005,3.96395993232727
Greece,2006,3.64772200584412
Greece,2007,3.59139657020569
Greece,2008,3.77288317680359
Greece,2009,4.1299352645874
Greece,2010,4.14056491851807
Greece,2011,4.51630020141602
Greece,2012,4.58220291137695
Greece,2013,4.49511909484863
Greece,2015,3.66139006614685
Greece,2016,4.01561069488525
Greece,2017,3.47708988189697
Greece,2018,3.59734010696411
Greece,2019,3.58612990379333
Greece,2020,4.49500036239624
Greece,2021,4.08201456069946
Grenada,2003,3.92673993110657
Grenada,2010,5.07508230209351
Grenada,2011,5.48532342910767
Grenada,2012,5.07225894927979
Grenada,2015,4.23861026763916
Grenada,2017,3.17379999160767
Grenada,2018,3.55919337272644
Grenada,2021,4.09030342102051
Grenada,2022,3.93536496162415
Guatemala,2006,3.03285002708435
Guatemala,2007,3.08808994293213
Guatemala,2008,3.23686003684998
Guatemala,2010,2.8486499786377
Guatemala,2011,2.96865010261536
Guatemala,2012,3.00524997711182
Guatemala,2013,2.88808989524841
Guatemala,2015,3.03032994270325
Guatemala,2016,2.94474005699158
Guatemala,2017,2.95009994506836
Guatemala,2018,3.13193988800049
Guatemala,2019,3.19297003746033
Guatemala,2020,3.29503011703491
Guatemala,2021,3.10634994506836
Guatemala,2022,3.22940993309021
Guatemala,2023,3.17938995361328
"Hong Kong SAR, China",2001,3.90370011329651
"Hong Kong SAR, China",2002,4.01554012298584
"Hong Kong SAR, China",2003,4.28529977798462
"Hong Kong SAR, China",2004,4.5589599609375
"Hong Kong SAR, China",2005,4.13463020324707
"Hong Kong SAR, China",2006,3.84278988838196
"Hong Kong SAR, China",2007,3.45455002784729
"Hong Kong SAR, China",2008,3.26062989234924
"Hong Kong SAR, China",2009,4.39212989807129
"Hong Kong SAR, China",2010,3.51003003120422
"Hong Kong SAR, China",2011,3.41822004318237
"Hong Kong SAR, China",2012,3.50960993766785
"Hong Kong SAR, China",2013,3.76031994819641
"Hong Kong SAR, China",2015,3.26212000846863
"Hong Kong SAR, China",2016,3.29269003868103
"Hong Kong SAR, China",2017,3.30989003181458
"Hong Kong SAR, China",2018,3.32624006271362
"Hong Kong SAR, China",2019,3.81017994880676
"Hong Kong SAR, China",2020,4.40562009811401
"Hong Kong SAR, China",2021,4.00030994415283
"Hong Kong SAR, China",2022,3.72866010665894
"Hong Kong SAR, China",2023,3.80310010910034
Hungary,2000,4.86840009689331
Hungary,2001,4.9310097694397
Hungary,2002,5.17923021316528
Hungary,2003,5.7923002243042
Hungary,2004,5.32762002944946
Hungary,2005,5.3200798034668
Hungary,2006,5.28974008560181
Hungary,2007,5.13495016098022
Hungary,2008,4.9676399230957
Hungary,2009,4.94636011123657
Hungary,2010,4.72375011444092
Hungary,2011,4.5631799697876
Hungary,2012,4.14249992370605
Hungary,2013,4.18921995162964
Hungary,2015,4.49539995193481
Hungary,2016,4.61547994613647
Hungary,2017,4.64757013320923
Hungary,2018,4.62343978881836
Hungary,2019,4.22488021850586
Hungary,2020,4.1535701751709
Hungary,2021,4.68406009674072
Iceland,2000,6.4314398765564
Iceland,2001,6.70592021942139
Iceland,2002,7.29892015457153
Iceland,2003,7.24507999420166
Iceland,2004,7.16118001937866
Iceland,2005,7.33843994140625
Iceland,2006,7.19521999359131
Iceland,2007,6.9443302154541
Iceland,2008,7.03601980209351
Iceland,2009,7.18984985351562
Iceland,2010,6.9442400932312
Iceland,2011,6.78997993469238
Iceland,2012,7.58223009109497
Iceland,2013,7.44868993759155
Iceland,2015,7.4579701423645
Iceland,2016,7.43219995498657
Iceland,2017,7.58385992050171
Iceland,2018,7.56349992752075
Iceland,2019,7.60129976272583
Iceland,2020,8.58382987976074
Iceland,2021,8.21780967712402
Iceland,2022,7.13966512680054
India,2000,4.32479000091553
India,2003,3.61340999603271
India,2004,3.35254001617432
India,2005,3.18875002861023
India,2006,3.14284992218018
India,2009,3.27824997901917
India,2010,3.377690076828
India,2011,3.79618000984192
India,2012,4.08479833602905
India,2013,3.84467005729675
India,2015,4.11499166488647
India,2016,4.256516456604
India,2017,4.30639696121216
India,2018,4.3769326210022
India,2019,3.89732360839844
India,2020,4.04014158248901
India,2021,4.63514137268066
India,2022,4.12072849273682
Indonesia,2001,2.46003007888794
Indonesia,2002,2.64568996429443
Indonesia,2003,3.21799993515015
Indonesia,2004,2.74847006797791
Indonesia,2005,2.8728199005127
Indonesia,2007,3.04425001144409
Indonesia,2008,2.90190005302429
Indonesia,2009,3.52513003349304
Indonesia,2010,2.81227993965149
Indonesia,2011,3.18944001197815
Indonesia,2012,3.40748000144958
Indonesia,2013,3.35904002189636
Indonesia,2015,3.58360004425049
Indonesia,2016,1.21023452281952
Indonesia,2017,1.05324387550354
Indonesia,2018,0.99443644285202
Indonesia,2019,0.964399099349976
Indonesia,2020,1.01593220233917
Indonesia,2021,1.03221750259399
Indonesia,2022,0.863943338394165
Indonesia,2023,1.27517092227936
"Iran, Islamic Rep.",2000,4.03064012527466
"Iran, Islamic Rep.",2001,4.07168006896973
"Iran, Islamic Rep.",2002,4.48487997055054
"Iran, Islamic Rep.",2003,4.36322021484375
"Iran, Islamic Rep.",2004,4.29662990570068
"Iran, Islamic Rep.",2005,4.05650997161865
"Iran, Islamic Rep.",2006,4.28998994827271
"Iran, Islamic Rep.",2007,4.59680986404419
"Iran, Islamic Rep.",2008,3.91375994682312
"Iran, Islamic Rep.",2009,3.84244990348816
"Iran, Islamic Rep.",2010,3.70918011665344
"Iran, Islamic Rep.",2011,3.48497009277344
"Iran, Islamic Rep.",2012,2.93899989128113
"Iran, Islamic Rep.",2013,2.85279011726379
"Iran, Islamic Rep.",2015,2.62911009788513
"Iran, Islamic Rep.",2016,3.17396998405457
"Iran, Islamic Rep.",2017,3.45956993103027
"Iran, Islamic Rep.",2018,3.61979007720947
"Iran, Islamic Rep.",2019,3.24005007743835
"Iran, Islamic Rep.",2020,3.20495009422302
"Iran, Islamic Rep.",2022,3.06036734580994
"Iran, Islamic Rep.",2023,2.92892384529114
Ireland,2000,4.13225984573364
Ireland,2001,4.08749008178711
Ireland,2002,4.10487985610962
Ireland,2003,4.20493984222412
Ireland,2004,4.48296022415161
Ireland,2005,4.51898002624512
Ireland,2006,4.54742002487183
Ireland,2007,4.71541023254395
Ireland,2008,5.45828008651733
Ireland,2009,6.15610980987549
Ireland,2010,6.05033016204834
Ireland,2011,5.82428979873657
Ireland,2012,5.76235008239746
Ireland,2013,5.34578990936279
Ireland,2015,3.74868988990784
Ireland,2016,3.74674010276794
Ireland,2017,3.49044990539551
Ireland,2018,3.37838006019592
Ireland,2019,3.2961699962616
Ireland,2020,3.25081992149353
Ireland,2021,3.00598001480103
Israel,2000,5.95195007324219
Israel,2001,6.19316005706787
Israel,2002,6.26281976699829
Israel,2003,6.13994979858398
Israel,2004,5.75347995758057
Israel,2005,5.58138990402222
Israel,2006,5.59218978881836
Israel,2007,5.34991979598999
Israel,2008,5.42434978485107
Israel,2009,5.37785005569458
Israel,2010,5.43390989303589
Israel,2011,5.45581007003784
Israel,2012,5.58893013000488
Israel,2013,5.78415012359619
Israel,2015,5.7976598739624
Israel,2016,5.79980993270874
Israel,2017,6.00771999359131
Israel,2018,6.06284999847412
Israel,2019,6.04147005081177
Israel,2020,6.47881984710693
Israel,2021,6.18401002883911
Israel,2022,6.45624446868896
Italy,2000,4.29107999801636
Italy,2001,4.65009021759033
Italy,2002,4.43240976333618
Italy,2003,4.54179000854492
Italy,2004,4.38520002365112
Italy,2005,4.23829984664917
Italy,2006,4.52545022964478
Italy,2007,4.10503005981445
Italy,2008,4.38794994354248
Italy,2009,4.52371978759766
Italy,2010,4.33411979675293
Italy,2011,4.11568021774292
Italy,2012,4.05601978302002
Italy,2013,4.14367008209229
Italy,2015,4.07362985610962
Italy,2016,3.81578993797302
Italy,2017,4.04493999481201
Italy,2018,4.25614023208618
Italy,2019,4.09527015686035
Italy,2020,4.44135999679565
Italy,2021,4.21828985214233
Jamaica,2000,4.98346996307373
Jamaica,2001,5.38103008270264
Jamaica,2002,5.37522983551025
Jamaica,2003,4.25684976577759
Jamaica,2004,3.91254997253418
Jamaica,2005,4.61641979217529
Jamaica,2007,5.49022006988525
Jamaica,2008,6.19131994247437
Jamaica,2009,6.19848012924194
Jamaica,2010,6.37060022354126
Jamaica,2011,6.26664018630981
Jamaica,2012,6.11246013641357
Jamaica,2013,6.25108003616333
Jamaica,2015,5.45522022247314
Jamaica,2016,5.31461000442505
Jamaica,2017,5.26016998291016
Jamaica,2018,5.41380977630615
Jamaica,2019,5.16364002227783
Jamaica,2020,5.61749505996704
Jamaica,2021,5.63123989105225
Jamaica,2022,5.35435009002686
Jamaica,2023,5.65453672409058
Japan,2000,3.46011996269226
Japan,2001,3.40082001686096
Japan,2002,3.40898990631104
Japan,2003,3.46662998199463
Japan,2004,3.42611002922058
Japan,2005,3.31493997573853
Japan,2006,3.27667999267578
Japan,2007,3.27934002876282
Japan,2008,3.27241992950439
Japan,2009,3.5559778213501
Japan,2010,3.59951996803284
Japan,2011,3.60527992248535
Japan,2012,3.41945004463196
Japan,2013,3.40875005722046
Japan,2015,3.31221008300781
Japan,2016,3.14643001556396
Japan,2017,3.13057994842529
Japan,2018,3.07782006263733
Japan,2019,3.15533995628357
Japan,2020,3.30628991127014
Japan,2021,3.33563995361328
Japan,2022,3.23762130737305
Jordan,2016,3.45282006263733
Jordan,2017,3.21305990219116
Jordan,2018,2.95461988449097
Jordan,2019,2.98847007751465
Jordan,2021,3.13837003707886
Jordan,2022,3.16022992134094
Kazakhstan,2000,3.25661993026733
Kazakhstan,2001,3.27934145927429
Kazakhstan,2002,3.02970004081726
Kazakhstan,2003,3.23048210144043
Kazakhstan,2004,2.25590991973877
Kazakhstan,2005,2.26353001594543
Kazakhstan,2006,2.62678003311157
Kazakhstan,2007,2.83138990402222
Kazakhstan,2008,2.58945989608765
Kazakhstan,2009,3.06071996688843
Kazakhstan,2010,3.58735489845276
Kazakhstan,2011,3.61434006690979
Kazakhstan,2012,3.90163707733154
Kazakhstan,2013,3.44564890861511
Kazakhstan,2015,3.33796977996826
Kazakhstan,2016,3.56325101852417
Kazakhstan,2017,3.39102387428284
Kazakhstan,2018,3.15191626548767
Kazakhstan,2019,3.35382127761841
Kazakhstan,2020,4.44620370864868
Kazakhstan,2021,4.38569402694702
Kazakhstan,2022,4.45820236206055
Kenya,2000,5.1867299079895
Kenya,2001,5.20621013641357
Kenya,2002,6.17199993133545
Kenya,2003,6.49426984786987
Kenya,2004,6.79692983627319
Kenya,2005,7.3356499671936
Kenya,2006,7.04983997344971
Kenya,2009,4.01999998092651
Kenya,2010,4.81548976898193
Kenya,2011,4.70012998580933
Kenya,2012,4.93121004104614
Kenya,2013,4.83721017837524
Kenya,2015,4.9494514465332
Kenya,2016,4.66556310653687
Kenya,2017,4.26874256134033
Kenya,2018,5.32192516326904
Kenya,2019,5.37359189987183
Kenya,2020,5.04574871063232
Kenya,2021,4.89040184020996
Kenya,2022,4.51101779937744
Kenya,2023,3.96229314804077
"Korea, Rep.",2009,3.91358160972595
"Korea, Rep.",2010,3.52756690979004
"Korea, Rep.",2015,4.45423984527588
"Korea, Rep.",2016,4.33309984207153
"Korea, Rep.",2017,4.32823991775513
"Korea, Rep.",2018,4.45807981491089
"Korea, Rep.",2019,4.68465995788574
"Korea, Rep.",2020,4.8017201423645
"Korea, Rep.",2021,4.86627006530762
Kuwait,2001,6.5858302116394
Kuwait,2002,6.551109790802
Kuwait,2003,5.2112922668457
Kuwait,2004,5.53506994247437
Kuwait,2005,4.73833990097046
Kuwait,2006,3.75997996330261
Kuwait,2016,5.95593976974487
Kuwait,2017,6.35444211959839
Kuwait,2018,6.39165258407593
Kuwait,2019,6.72789573669434
Kuwait,2020,6.24513053894043
Kuwait,2021,7.76246690750122
Kuwait,2022,6.58236503601074
Kuwait,2023,5.02626085281372
Kyrgyz Republic,2000,3.50838994979858
Kyrgyz Republic,2001,3.85418009757996
Kyrgyz Republic,2002,4.44545984268188
Kyrgyz Republic,2003,4.47541999816895
Kyrgyz Republic,2004,4.62243986129761
Kyrgyz Republic,2005,4.87383985519409
Kyrgyz Republic,2006,5.54986000061035
Kyrgyz Republic,2007,6.46700000762939
Kyrgyz Republic,2008,5.91318988800049
Kyrgyz Republic,2009,6.23267984390259
Kyrgyz Republic,2010,5.81883239746094
Kyrgyz Republic,2011,6.79062080383301
Kyrgyz Republic,2012,7.38422012329102
Kyrgyz Republic,2013,6.78019857406616
Kyrgyz Republic,2015,6.96764755249023
Kyrgyz Republic,2016,6.58615016937256
Kyrgyz Republic,2017,6.02618980407715
Kyrgyz Republic,2018,5.55267000198364
Kyrgyz Republic,2019,6.07318115234375
Kyrgyz Republic,2020,6.61971664428711
Kyrgyz Republic,2021,6.17235136032104
Kyrgyz Republic,2022,7.1688437461853
Kyrgyz Republic,2023,6.82694673538208
Latvia,2000,5.27427005767822
Latvia,2001,5.44695997238159
Latvia,2002,5.60254001617432
Latvia,2003,5.05714988708496
Latvia,2004,4.83406019210815
Latvia,2005,5.29892539978027
Latvia,2006,4.68466997146606
Latvia,2007,4.63328981399536
Latvia,2008,5.36644983291626
Latvia,2009,5.52265977859497
Latvia,2010,5.03881978988647
Latvia,2011,5.07161998748779
Latvia,2012,6.58270978927612
Latvia,2013,6.99697017669678
Latvia,2015,5.28251981735229
Latvia,2016,4.65749979019165
Latvia,2017,4.36671018600464
Latvia,2018,4.24356985092163
Latvia,2019,4.43584012985229
Latvia,2020,4.85059022903442
Latvia,2021,4.61546993255615
Liechtenstein,2003,2.46013998985291
Liechtenstein,2004,2.43333005905151
Liechtenstein,2006,2.05380988121033
Liechtenstein,2007,1.92119002342224
Liechtenstein,2008,2.04836988449097
Liechtenstein,2011,2.55604004859924
Lithuania,2000,5.97302913665771
Lithuania,2001,5.84758996963501
Lithuania,2002,5.80007982254028
Lithuania,2003,5.11418008804321
Lithuania,2004,5.17428016662598
Lithuania,2005,4.87839984893799
Lithuania,2006,4.82572984695435
Lithuania,2007,4.59521007537842
Lithuania,2008,4.83990001678467
Lithuania,2009,5.58523988723755
Lithuania,2010,5.29786014556885
Lithuania,2011,5.11343002319336
Lithuania,2012,4.75802993774414
Lithuania,2013,4.60233020782471
Lithuania,2015,4.2271900177002
Lithuania,2016,4.004310131073
Lithuania,2017,3.81220006942749
Lithuania,2018,3.89289999008179
Lithuania,2019,3.9640998840332
Lithuania,2020,4.50859022140503
Lithuania,2021,4.25490999221802
Malaysia,2000,5.9716100692749
Malaysia,2001,7.48446989059448
Malaysia,2002,7.65792989730835
Malaysia,2003,7.50288009643555
Malaysia,2004,5.92389011383057
Malaysia,2006,4.48576021194458
Malaysia,2007,4.37253999710083
Malaysia,2008,3.95851993560791
Malaysia,2009,5.97418022155762
Malaysia,2010,4.96645021438599
Malaysia,2011,5.76293992996216
Malaysia,2012,5.73902988433838
Malaysia,2013,5.48120021820068
Malaysia,2015,4.70381021499634
Malaysia,2016,4.34598445892334
Malaysia,2017,4.18488502502441
Malaysia,2018,4.13194847106934
Malaysia,2019,3.97953963279724
Malaysia,2020,4.51888704299927
Malaysia,2021,4.26109409332275
Malaysia,2022,3.49933791160583
Malaysia,2023,3.62725496292114
Mauritius,2000,3.71903991699219
Mauritius,2001,3.07347989082336
Mauritius,2002,3.02024006843567
Mauritius,2003,4.35717010498047
Mauritius,2004,4.25577020645142
Mauritius,2005,4.02402019500732
Mauritius,2006,3.64839005470276
Mauritius,2007,3.18540000915527
Mauritius,2008,3.06307005882263
Mauritius,2009,3.04731011390686
Mauritius,2010,3.55147004127502
Mauritius,2011,3.33207011222839
Mauritius,2012,3.41820001602173
Mauritius,2013,3.56775999069214
Mauritius,2015,4.75847005844116
Mauritius,2016,4.88207006454468
Mauritius,2017,4.87887001037598
Mauritius,2018,4.67447996139526
Mauritius,2019,4.54195022583008
Mauritius,2020,4.35243988037109
Mauritius,2021,4.67151021957397
Mauritius,2022,4.84085988998413
Mauritius,2023,4.56763982772827
Mexico,2000,3.80870008468628
Mexico,2001,4.0313401222229
Mexico,2002,4.24307012557983
Mexico,2003,4.83262014389038
Mexico,2004,4.51204013824463
Mexico,2005,4.63395023345947
Mexico,2006,4.4931697845459
Mexico,2007,4.47921991348267
Mexico,2008,4.60609006881714
Mexico,2009,4.94933986663818
Mexico,2010,4.93695020675659
Mexico,2011,4.90405988693237
Mexico,2012,4.88348007202148
Mexico,2013,4.50858020782471
Mexico,2015,5.05087995529175
Mexico,2016,4.75795984268188
Mexico,2017,4.39752006530762
Mexico,2018,4.13945007324219
Mexico,2020,4.50059986114502
Mexico,2021,4.24952983856201
Moldova,2000,4.48639011383057
Moldova,2001,4.84684991836548
Moldova,2002,5.4979100227356
Moldova,2003,5.42489004135132
Moldova,2004,6.77103996276855
Moldova,2005,7.16270017623901
Moldova,2006,7.49899005889893
Moldova,2007,8.29337024688721
Moldova,2008,8.23727035522461
Moldova,2009,9.5097599029541
Moldova,2010,7.5922999382019
Moldova,2011,7.13638019561768
Moldova,2012,6.98338985443115
Moldova,2013,5.90975522994995
Moldova,2015,5.80568695068359
Moldova,2016,5.67208003997803
Moldova,2017,5.71016979217529
Moldova,2018,5.53887987136841
Moldova,2019,6.22576999664307
Moldova,2020,6.6012601852417
Moldova,2021,5.82405996322632
Moldova,2022,6.11053991317749
Moldova,2023,6.25268602371216
Mongolia,2000,5.55037021636963
Mongolia,2001,4.93606424331665
Mongolia,2002,7.21078014373779
Mongolia,2004,4.32572984695435
Mongolia,2007,4.69013023376465
Mongolia,2009,5.14484977722168
Mongolia,2010,4.64510011672974
Mongolia,2011,4.60902976989746
Mongolia,2012,5.96198511123657
Mongolia,2013,5.24104022979736
Mongolia,2015,4.38715648651123
Mongolia,2016,5.20043277740479
Mongolia,2017,4.31822395324707
Mongolia,2018,3.99742722511292
Mongolia,2019,3.65236973762512
Mongolia,2020,4.66345500946045
Mongolia,2021,3.34389615058899
Mongolia,2022,4.18056726455688
Mongolia,2023,3.74101543426514
Morocco,2008,4.85339021682739
Morocco,2009,4.83119010925293
Morocco,2012,5.55294847488403
Morocco,2015,5.13336896896362
Morocco,2016,5.08530187606812
Morocco,2017,4.73564958572388
Morocco,2018,4.96022701263428
Morocco,2019,5.00325679779053
Morocco,2020,6.28428268432617
Morocco,2021,5.64273405075073
Morocco,2022,5.91224670410156
Morocco,2023,6.02096939086914
Mozambique,2004,3.19839000701904
Mozambique,2005,3.85834002494812
Mozambique,2006,3.7359299659729
Mozambique,2010,5.39052867889404
Mozambique,2011,5.62194490432739
Mozambique,2012,5.5575098991394
Mozambique,2013,6.03576993942261
Mozambique,2015,6.01083421707153
Mozambique,2016,5.80086994171143
Mozambique,2017,5.48664999008179
Mozambique,2018,5.38976001739502
Mozambique,2019,6.2863941192627
Mozambique,2020,6.64256286621094
Mozambique,2021,6.49789762496948
Mozambique,2022,6.16198396682739
Namibia,2000,6.901780128479
Namibia,2001,6.88886976242065
Namibia,2002,6.7423300743103
Namibia,2003,6.13713979721069
Namibia,2006,6.03171014785767
Namibia,2008,6.40342998504639
Namibia,2010,8.24330043792725
Namibia,2011,8.0213794708252
Namibia,2012,9.24281215667725
Namibia,2013,8.59541702270508
Namibia,2015,9.85076808929443
Namibia,2016,10.592794418335
Namibia,2017,9.70867252349854
Namibia,2018,8.88112258911133
Namibia,2019,9.32253170013428
Namibia,2020,9.27799892425537
Namibia,2021,10.3914480209351
Namibia,2022,9.67791175842285
Namibia,2023,9.04451274871826
Netherlands,2000,4.58512020111084
Netherlands,2001,4.69964981079102
Netherlands,2002,4.80590009689331
Netherlands,2003,5.0404200553894
Netherlands,2004,5.06297016143799
Netherlands,2005,5.10939979553223
Netherlands,2006,5.04402017593384
Netherlands,2007,4.88682985305786
Netherlands,2008,5.02904987335205
Netherlands,2009,5.43156003952026
Netherlands,2010,5.48908996582031
Netherlands,2011,5.46303987503052
Netherlands,2012,5.4102201461792
Netherlands,2013,5.52655982971191
Netherlands,2015,5.34815979003906
Netherlands,2016,5.47959995269775
Netherlands,2017,5.17509984970093
Netherlands,2018,5.35764980316162
Netherlands,2019,5.15986013412476
Netherlands,2020,5.42381000518799
Netherlands,2021,5.50609016418457
Netherlands,2022,5.05201101303101
New Zealand,2009,6.54333829879761
New Zealand,2010,6.59741258621216
New Zealand,2011,6.55125284194946
New Zealand,2012,6.53085327148438
New Zealand,2013,5.88855981826782
New Zealand,2015,5.70734977722168
New Zealand,2016,5.50559997558594
New Zealand,2017,5.28000020980835
New Zealand,2018,5.19308996200562
New Zealand,2019,5.17797994613647
New Zealand,2020,5.65149021148682
New Zealand,2021,5.54822015762329
New Zealand,2022,5.23012018203735
Niger,2000,2.5650200843811
Niger,2001,2.27981996536255
Niger,2002,2.40134000778198
Niger,2003,1.93705999851227
Niger,2006,2.55852007865906
Niger,2007,3.01462006568909
Niger,2008,2.72311997413635
Niger,2009,3.33588004112244
Niger,2010,2.7219500541687
Niger,2011,3.07762002944946
Niger,2012,3.1868200302124
Niger,2013,3.68952989578247
Niger,2015,4.48669004440308
Niger,2016,2.95843005180359
Niger,2017,2.57818007469177
Niger,2018,3.44956994056702
Niger,2019,3.52622723579407
Niger,2020,3.81920099258423
Niger,2021,3.82175827026367
Niger,2022,4.10143089294434
Nigeria,2010,0.496685653924942
Nigeria,2011,0.564658761024475
Nigeria,2012,0.549233078956604
Nigeria,2013,0.534206748008728
Nigeria,2015,0.436954915523529
Nigeria,2016,0.393045634031296
Nigeria,2017,0.396354019641876
Nigeria,2018,0.419998496770859
Nigeria,2019,0.358478993177414
Nigeria,2020,0.359637647867203
Nigeria,2021,0.381919115781784
Nigeria,2022,0.348516702651978
North Macedonia,2002,3.30014991760254
Norway,2000,6.45934009552002
Norway,2001,6.82015991210938
Norway,2002,7.42246007919312
Norway,2003,7.39933013916016
Norway,2004,7.27744007110596
Norway,2005,6.84082984924316
Norway,2006,6.35822010040283
Norway,2007,6.50671005249023
Norway,2008,6.24915981292725
Norway,2009,7.07067012786865
Norway,2010,6.71042013168335
Norway,2011,6.41490983963013
Norway,2012,7.32766008377075
Norway,2013,7.43906021118164
Norway,2015,7.52334976196289
Norway,2016,7.98444986343384
Norway,2017,7.84598016738892
Norway,2018,7.59563016891479
Norway,2019,7.8645601272583
Norway,2020,8.3728199005127
Norway,2021,6.9602198600769
Norway,2022,3.96801972389221
Pakistan,2000,1.83782005310059
Pakistan,2004,1.44337999820709
Pakistan,2005,1.67058002948761
Pakistan,2006,1.98055994510651
Pakistan,2007,2.23465991020203
Pakistan,2008,2.27263998985291
Pakistan,2009,2.17916011810303
Pakistan,2010,2.05268001556396
Pakistan,2011,2.00100994110107
Pakistan,2012,1.97879004478455
Pakistan,2013,2.23698997497559
Pakistan,2015,2.38609004020691
Pakistan,2016,2.41721177101135
Pakistan,2017,2.13665676116943
Pakistan,2018,2.33216953277588
Pakistan,2019,2.21491765975952
Pakistan,2020,2.05718231201172
Pakistan,2021,1.6874612569809
Pakistan,2022,1.97444903850555
Pakistan,2023,1.86864340305328
Panama,2000,4.75968980789185
Panama,2001,4.10587978363037
Panama,2002,4.19163990020752
Panama,2003,4.16870021820068
Panama,2004,3.5786600112915
Panama,2008,3.50229001045227
Panama,2011,3.15900993347168
Panama,2015,3.36669993400574
Panama,2016,3.42913007736206
Panama,2017,3.49375009536743
Panama,2018,3.4535698890686
Panama,2019,3.09329414367676
Panama,2020,4.30284023284912
Panama,2021,3.71141004562378
Panama,2022,3.36693000793457
Paraguay,2000,4.2302098274231
Paraguay,2001,3.83357000350952
Paraguay,2002,3.40773010253906
Paraguay,2003,3.3827600479126
Paraguay,2004,2.86989998817444
Paraguay,2007,2.73951005935669
Paraguay,2010,2.7707200050354
Paraguay,2011,3.69282007217407
Paraguay,2012,3.668790102005
Paraguay,2013,2.67871189117432
Paraguay,2015,3.33377814292908
Paraguay,2016,3.4349799156189
Paraguay,2017,3.09062075614929
Paraguay,2018,3.29619598388672
Paraguay,2019,3.48983025550842
Paraguay,2020,3.93615007400513
Paraguay,2021,3.41070008277893
Paraguay,2022,3.39619994163513
Paraguay,2023,3.40649008750916
Peru,2000,3.22802996635437
Peru,2001,3.03712010383606
Peru,2002,2.82056999206543
Peru,2003,2.93779993057251
Peru,2004,2.95787000656128
Peru,2005,2.83903002738953
Peru,2006,2.65281009674072
Peru,2007,2.62940001487732
Peru,2008,2.8677499294281
Peru,2009,3.13994002342224
Peru,2010,2.86730003356934
Peru,2011,2.6635000705719
Peru,2012,2.92276000976562
Peru,2013,3.29729008674622
Peru,2015,3.96933007240295
Peru,2016,3.81316995620728
Peru,2017,3.93130993843079
Peru,2018,3.71392011642456
Peru,2019,3.822429895401
Peru,2020,4.25937986373901
Peru,2021,3.92721009254456
Peru,2022,3.83315992355347
Peru,2023,4.23516988754272
Philippines,2000,3.16440010070801
Philippines,2001,2.92463994026184
Philippines,2002,2.89222002029419
Philippines,2003,2.93517994880676
Philippines,2004,2.46983003616333
Philippines,2005,2.32806992530823
Philippines,2006,2.42579007148743
Philippines,2007,2.48517990112305
Philippines,2008,2.58282995223999
Philippines,2009,2.53777003288269
Philippines,2015,2.8305230140686
Philippines,2016,3.3012809753418
Philippines,2017,3.9638409614563
Philippines,2018,3.85502767562866
Philippines,2019,3.40748643875122
Philippines,2020,3.85829043388367
Philippines,2021,3.87249755859375
Philippines,2022,3.57960081100464
Philippines,2023,3.62368631362915
Poland,2000,4.9839301109314
Poland,2001,5.31902980804443
Poland,2002,5.38735008239746
Poland,2003,5.32449007034302
Poland,2004,5.35557985305786
Poland,2005,5.42574977874756
Poland,2006,5.20765018463135
Poland,2007,4.86874008178711
Poland,2008,5.04239988327026
Poland,2009,4.98976993560791
Poland,2010,5.10705995559692
Poland,2011,4.8610200881958
Poland,2012,4.86159992218018
Poland,2013,5.021240234375
Poland,2015,4.81700992584229
Poland,2016,4.6591100692749
Poland,2017,4.57464981079102
Poland,2018,4.60506010055542
Poland,2019,4.67881011962891
Poland,2020,4.85265016555786
Poland,2021,4.67303991317749
Portugal,2000,5.16384983062744
Portugal,2001,5.33713006973267
Portugal,2002,5.25871992111206
Portugal,2003,5.28152990341187
Portugal,2004,5.04638004302979
Portugal,2005,5.07394981384277
Portugal,2006,4.90767002105713
Portugal,2007,4.92147016525269
Portugal,2008,4.69609022140503
Portugal,2009,5.56314992904663
Portugal,2010,5.41248989105225
Portugal,2011,5.12333011627197
Portugal,2012,4.94940996170044
Portugal,2013,5.2709698677063
Portugal,2015,4.88554000854492
Portugal,2016,4.7709059715271
Portugal,2017,5.0156102180481
Portugal,2018,4.67515993118286
Portugal,2019,4.63002014160156
Portugal,2020,4.87656021118164
Portugal,2021,4.78316020965576
Puerto Rico,2013,6.48108005523682
Qatar,2000,3.72598004341125
Qatar,2001,3.20019006729126
Qatar,2002,3.84656000137329
Qatar,2003,3.37393999099731
Qatar,2004,3.46258997917175
Qatar,2005,3.97187995910645
Qatar,2008,4.22755002975464
Qatar,2009,3.41315007209778
Qatar,2010,4.53965997695923
Qatar,2011,4.01223993301392
Qatar,2012,3.50744009017944
Qatar,2013,4.07384014129639
Qatar,2017,2.96745991706848
Qatar,2019,2.80378007888794
Qatar,2020,3.2336699962616
Romania,2000,2.86862993240356
Romania,2001,3.26628994941711
Romania,2002,3.5041298866272
Romania,2003,3.54397010803223
Romania,2004,3.31273007392883
Romania,2005,3.50039005279541
Romania,2006,4.30650997161865
Romania,2007,4.14953994750977
Romania,2008,4.0971999168396
Romania,2009,4.00213003158569
Romania,2010,3.41717004776001
Romania,2011,2.91375994682312
Romania,2012,2.82322001457214
Romania,2013,3.06800007820129
Romania,2015,3.10695004463196
Romania,2016,3.02559995651245
Romania,2017,3.11820006370544
Romania,2018,3.31918001174927
Romania,2019,3.56695008277893
Romania,2020,3.58926010131836
Romania,2021,3.32452988624573
Russian Federation,2000,2.93979001045227
Russian Federation,2001,3.10601997375488
Russian Federation,2002,3.83502006530762
Russian Federation,2003,3.67853999137878
Russian Federation,2004,3.54786992073059
Russian Federation,2005,3.77192997932434
Russian Federation,2006,3.86626005172729
Russian Federation,2008,4.10174989700317
Russian Federation,2009,4.47064161300659
Russian Federation,2010,3.8476243019104
Russian Federation,2011,3.71261262893677
Russian Federation,2012,3.79310011863708
Russian Federation,2013,3.76382994651794
Russian Federation,2015,3.83402991294861
Russian Federation,2016,3.76044011116028
Russian Federation,2017,4.68990993499756
Russian Federation,2018,4.67819976806641
Russian Federation,2019,3.69561433792114
Russian Federation,2020,4.01641845703125
Russian Federation,2021,3.99480700492859
Russian Federation,2022,4.05402755737305
Samoa,2000,3.63095998764038
Samoa,2001,3.97652006149292
Samoa,2002,3.93932008743286
Samoa,2008,5.11659002304077
Samoa,2011,4.9480414390564
Samoa,2012,4.89170742034912
Samoa,2013,4.61486053466797
Samoa,2015,4.61519002914429
Samoa,2016,4.34968376159668
Samoa,2017,3.96231913566589
Samoa,2018,4.26097393035889
Samoa,2019,4.39581727981567
Samoa,2020,4.48100519180298
Samoa,2021,5.2044882774353
Samoa,2022,4.88079118728638
Samoa,2023,6.1134729385376
San Marino,2002,3.30499792098999
San Marino,2003,3.13275384902954
San Marino,2004,2.79383993148804
San Marino,2010,2.62883996963501
San Marino,2011,2.70296001434326
San Marino,2013,3.26723527908325
San Marino,2015,3.11914277076721
San Marino,2016,3.3372015953064
San Marino,2017,3.36997008323669
San Marino,2018,3.55516004562378
San Marino,2019,3.37969994544983
San Marino,2020,3.4246199131012
San Marino,2021,3.10892009735107
San Marino,2022,3.43181848526001
Saudi Arabia,2000,5.90982007980347
Saudi Arabia,2001,7.71887016296387
Saudi Arabia,2002,7.63688993453979
Saudi Arabia,2003,7.10509014129639
Saudi Arabia,2004,6.27747011184692
Saudi Arabia,2005,5.43092012405396
Saudi Arabia,2006,5.89117002487183
Saudi Arabia,2008,5.13781023025513
Saudi Arabia,2023,5.11466979980469
Serbia,2007,4.20983982086182
Serbia,2008,4.28094434738159
Serbia,2009,4.48398017883301
Serbia,2010,3.90093231201172
Serbia,2011,4.2383599281311
Serbia,2012,3.84768438339233
Serbia,2016,3.63470005989075
Serbia,2017,3.71016001701355
Serbia,2018,3.58231997489929
Serbia,2019,3.61647009849548
Serbia,2021,3.29867005348206
Serbia,2022,3.23938989639282
Singapore,2000,3.32130002975464
Singapore,2001,3.54249000549316
Singapore,2002,3.87853002548218
Singapore,2003,3.98194003105164
Singapore,2004,3.65276002883911
Singapore,2005,3.19596004486084
Singapore,2006,2.85911989212036
Singapore,2007,2.9467499256134
Singapore,2008,2.76460003852844
Singapore,2009,3.01012992858887
Singapore,2010,3.08044004440308
Singapore,2011,3.03077006340027
Singapore,2012,3.07085990905762
Singapore,2013,2.85435009002686
Singapore,2015,2.86309337615967
Singapore,2016,2.87133049964905
Singapore,2017,2.75684809684753
Singapore,2018,2.85660004615784
Singapore,2019,2.72951006889343
Singapore,2020,2.6869900226593
Singapore,2021,2.82470989227295
Singapore,2022,2.48891997337341
Singapore,2023,2.18787837028503
Slovak Republic,2000,3.86468005180359
Slovak Republic,2001,3.93569993972778
Slovak Republic,2002,4.24539995193481
Slovak Republic,2003,4.20956993103027
Slovak Republic,2004,4.10157012939453
Slovak Republic,2005,3.75995993614197
Slovak Republic,2006,3.70770001411438
Slovak Republic,2007,3.52321004867554
Slovak Republic,2008,3.52165007591248
Slovak Republic,2009,4.00641012191772
Slovak Republic,2010,4.0447998046875
Slovak Republic,2011,3.89836001396179
Slovak Republic,2012,3.8590099811554
Slovak Republic,2013,4.06895017623901
Slovak Republic,2015,4.57843017578125
Slovak Republic,2016,3.90078997612
Slovak Republic,2017,3.93220996856689
Slovak Republic,2018,3.95290994644165
Slovak Republic,2019,4.27311992645264
Slovak Republic,2020,4.76427984237671
Slovak Republic,2021,4.79718017578125
Slovenia,2000,6.13048267364502
Slovenia,2001,5.7568302154541
Slovenia,2002,5.67286014556885
Slovenia,2003,5.70333003997803
Slovenia,2004,5.64425992965698
Slovenia,2005,5.60408020019531
Slovenia,2006,5.59066009521484
Slovenia,2007,5.11661005020142
Slovenia,2008,5.10951995849609
Slovenia,2009,5.55496978759766
Slovenia,2010,5.54546022415161
Slovenia,2011,5.541259765625
Slovenia,2012,5.62023019790649
Slovenia,2013,5.4057297706604
Slovenia,2015,4.90953016281128
Slovenia,2016,4.79266977310181
Slovenia,2017,4.78053998947144
Slovenia,2018,4.93455982208252
Slovenia,2019,4.89153003692627
Slovenia,2020,5.38373994827271
Slovenia,2021,5.36526012420654
South Africa,2000,4.90881013870239
South Africa,2001,4.63617992401123
South Africa,2002,4.54569005966187
South Africa,2003,4.35209989547729
South Africa,2004,4.50897979736328
South Africa,2005,4.52449989318848
South Africa,2006,4.52651977539062
South Africa,2007,4.4466700553894
South Africa,2008,4.37424993515015
South Africa,2009,4.76118993759155
South Africa,2010,5.13497018814087
South Africa,2011,5.28898000717163
South Africa,2012,5.52323007583618
South Africa,2013,5.35071992874146
South Africa,2015,5.48285007476807
South Africa,2016,5.4442400932312
South Africa,2017,5.59867000579834
South Africa,2018,5.64401006698608
South Africa,2019,5.91158008575439
South Africa,2020,6.17067003250122
South Africa,2021,6.54902982711792
South Africa,2022,6.16726016998291
South Africa,2023,6.14838981628418
Spain,2000,4.16604995727539
Spain,2001,4.1112699508667
Spain,2002,4.13457012176514
Spain,2003,4.1734299659729
Spain,2004,4.15785980224609
Spain,2005,4.14432001113892
Spain,2006,4.1848201751709
Spain,2007,4.25404977798462
Spain,2008,4.52805995941162
Spain,2009,4.91200017929077
Spain,2010,4.85608005523682
Spain,2011,4.7408299446106
Spain,2012,4.48113012313843
Spain,2013,4.34961986541748
Spain,2015,4.28457021713257
Spain,2016,4.22544002532959
Spain,2017,4.20552015304565
Spain,2018,4.1794900894165
Spain,2019,4.23021984100342
Spain,2020,4.89540004730225
Spain,2021,4.86506986618042
Spain,2022,4.31587886810303
Sri Lanka,2009,2.05590009689331
Sri Lanka,2010,1.66177999973297
Sri Lanka,2011,1.74292004108429
Sri Lanka,2012,1.45342004299164
Sri Lanka,2013,1.5645899772644
Sri Lanka,2015,2.10998010635376
Sri Lanka,2016,3.22929000854492
Sri Lanka,2017,2.59316992759705
Sri Lanka,2018,1.98781001567841
Sri Lanka,2020,1.55792391300201
Sri Lanka,2021,1.50650584697723
Sri Lanka,2022,1.20397222042084
Sri Lanka,2023,1.82774567604065
St. Lucia,2001,5.70733022689819
St. Lucia,2003,3.53449010848999
St. Lucia,2004,3.43646001815796
St. Lucia,2005,4.23895978927612
St. Lucia,2006,4.69669008255005
St. Lucia,2008,4.48353004455566
St. Lucia,2009,3.0676600933075
St. Lucia,2010,3.4828999042511
St. Lucia,2011,3.59881997108459
St. Lucia,2012,3.29098010063171
St. Lucia,2013,3.87661004066467
St. Lucia,2015,3.88088011741638
St. Lucia,2016,5.20954990386963
St. Lucia,2017,3.63334321975708
St. Lucia,2018,3.33277988433838
St. Lucia,2019,3.27267003059387
St. Lucia,2020,3.62086009979248
St. Lucia,2022,3.69847011566162
Sudan,2000,1.01217997074127
Sudan,2002,1.16425001621246
Sudan,2004,1.31254994869232
Sudan,2005,1.17842996120453
Sudan,2006,1.55353999137878
Sudan,2008,1.85150003433228
Sudan,2009,2.02213001251221
Sweden,2000,6.740149974823
Sweden,2001,6.61764001846313
Sweden,2002,6.92434978485107
Sweden,2003,6.79142999649048
Sweden,2004,6.66310977935791
Sweden,2005,6.5064001083374
Sweden,2006,6.36429023742676
Sweden,2007,6.17158985137939
Sweden,2008,6.34455013275146
Sweden,2009,6.74971008300781
Sweden,2010,6.52268981933594
Sweden,2011,6.36691999435425
Sweden,2012,7.5369701385498
Sweden,2013,7.61120986938477
Sweden,2015,7.4439001083374
Sweden,2016,7.61861991882324
Sweden,2017,7.56883001327515
Sweden,2018,7.64084005355835
Sweden,2019,7.63851022720337
Sweden,2020,7.92561006546021
Sweden,2021,7.57219982147217
Switzerland,2000,4.65878009796143
Switzerland,2001,4.82218980789185
Switzerland,2002,5.17881011962891
Switzerland,2003,5.38400983810425
Switzerland,2004,5.31429004669189
Switzerland,2005,5.08472013473511
Switzerland,2006,4.84120988845825
Switzerland,2007,4.58395004272461
Switzerland,2008,4.75725984573364
Switzerland,2009,4.92561006546021
Switzerland,2010,4.80210018157959
Switzerland,2011,4.85663986206055
Switzerland,2012,4.89862012863159
Switzerland,2013,4.91392993927002
Switzerland,2015,4.99559020996094
Switzerland,2016,4.98163986206055
Switzerland,2017,5.01765012741089
Switzerland,2018,4.93008995056152
Switzerland,2019,5.01438999176025
Switzerland,2020,5.27676010131836
Switzerland,2021,5.03708982467651
Switzerland,2022,4.88824462890625
Syrian Arab Republic,2001,4.54640007019043
Syrian Arab Republic,2002,5.26984977722168
Syrian Arab Republic,2003,6.48084020614624
Syrian Arab Republic,2004,5.37147998809814
Syrian Arab Republic,2006,5.27965021133423
Syrian Arab Republic,2007,4.86470985412598
Syrian Arab Republic,2008,4.59525012969971
Syrian Arab Republic,2009,5.13013982772827
Tajikistan,2000,2.32871007919312
Tajikistan,2001,2.37659001350403
Tajikistan,2002,2.77578997612
Tajikistan,2003,2.42078995704651
Tajikistan,2004,2.77203011512756
Tajikistan,2005,3.51213002204895
Tajikistan,2006,3.40350008010864
Tajikistan,2007,3.41326999664307
Tajikistan,2008,3.45983004570007
Tajikistan,2009,4.0983099937439
Tajikistan,2010,4.00675010681152
Tajikistan,2011,3.93511009216309
Tajikistan,2012,4.01803016662598
Tajikistan,2013,5.29397630691528
Tajikistan,2015,4.96774005889893
Tajikistan,2016,5.73094129562378
Tajikistan,2017,5.54471778869629
Tajikistan,2018,5.38508749008179
Tajikistan,2019,5.48427629470825
Tajikistan,2020,5.73725271224976
Tajikistan,2021,5.70163345336914
Tajikistan,2022,5.71509790420532
Tajikistan,2023,5.81054592132568
Thailand,2000,5.25345993041992
Thailand,2001,4.81787014007568
Thailand,2002,3.86491990089417
Thailand,2003,3.72561001777649
Thailand,2004,4.03088998794556
Thailand,2005,3.93859004974365
Thailand,2006,4.05038022994995
Thailand,2007,3.60314989089966
Thailand,2008,3.50850009918213
Thailand,2009,3.86193990707397
Thailand,2010,3.5084400177002
Thailand,2011,4.80555009841919
Thailand,2012,3.59691834449768
Thailand,2013,3.82439851760864
Thailand,2015,3.86397624015808
Thailand,2016,3.76761746406555
Thailand,2017,3.46532154083252
Thailand,2018,3.19769406318665
Thailand,2019,3.02221417427063
Thailand,2020,3.15314173698425
Thailand,2021,2.98212432861328
Thailand,2022,2.61187028884888
Thailand,2023,2.52122211456299
Togo,2000,2.77644991874695
Togo,2001,2.66750001907349
Togo,2002,2.4695200920105
Togo,2003,2.35524988174438
Togo,2004,2.20198011398315
Togo,2005,2.23748993873596
Togo,2006,2.43237996101379
Togo,2007,2.48604011535645
Togo,2008,2.38472008705139
Togo,2009,2.76807999610901
Togo,2010,2.95977997779846
Togo,2011,3.07750010490417
Togo,2012,3.37651991844177
Togo,2013,3.17475008964539
Togo,2015,3.71097993850708
Togo,2016,3.6624801158905
Togo,2017,3.76526999473572
Togo,2018,4.09162998199463
Togo,2019,4.20166826248169
Togo,2020,4.09133672714233
Togo,2021,4.23118162155151
Togo,2022,3.79811930656433
Trinidad and Tobago,2000,2.75565004348755
Trinidad and Tobago,2001,3.06528997421265
Trinidad and Tobago,2002,3.54300999641418
Trinidad and Tobago,2003,3.13660001754761
Trinidad and Tobago,2010,4.21155452728271
Trinidad and Tobago,2011,3.85078835487366
Trinidad and Tobago,2012,3.6819269657135
Trinidad and Tobago,2013,3.77278661727905
Trinidad and Tobago,2015,4.45339345932007
Trinidad and Tobago,2016,4.17230987548828
Trinidad and Tobago,2017,3.52995157241821
Trinidad and Tobago,2018,3.64017295837402
Trinidad and Tobago,2019,3.54284954071045
Trinidad and Tobago,2020,4.2576699256897
Trinidad and Tobago,2021,3.00432991981506
Trinidad and Tobago,2022,2.87970423698425
Tunisia,2000,6.20196008682251
Tunisia,2001,6.20184993743896
Tunisia,2002,5.79006004333496
Tunisia,2003,6.81675004959106
Tunisia,2004,6.72078990936279
Tunisia,2005,6.4515700340271
Tunisia,2006,6.43879985809326
Tunisia,2007,6.46451997756958
Tunisia,2008,6.27157020568848
Tunisia,2009,6.528480052948
Tunisia,2010,5.96306991577148
Tunisia,2012,5.95086002349854
Tunisia,2015,6.22044992446899
Tunisia,2019,6.1737322807312
Tunisia,2020,7.26507568359375
Tunisia,2021,6.67984676361084
Tunisia,2022,6.8049898147583
Tunisia,2023,6.73398876190186
Turkiye,2008,3.3205578327179
Turkiye,2009,3.76504969596863
Turkiye,2010,3.7870135307312
Turkiye,2011,4.221519947052
Turkiye,2012,4.38721990585327
Turkiye,2013,4.34481000900269
Turkiye,2015,4.30550003051758
Turkiye,2016,4.62773990631104
Turkiye,2017,4.32368993759155
Turkiye,2018,4.29729986190796
Turkiye,2019,4.44776010513306
Turkiye,2020,4.03382015228271
Turkiye,2021,3.53787994384766
Turkiye,2022,2.61430358886719
Turkmenistan,2012,3.04924988746643
Turkmenistan,2019,3.12054991722107
Turkmenistan,2020,3.76267004013062
Turkmenistan,2021,3.8489100933075
Turkmenistan,2022,3.73386001586914
Turkmenistan,2023,2.74651002883911
Uganda,2000,2.461669921875
Uganda,2004,4.95237016677856
Uganda,2010,1.72739994525909
Uganda,2011,2.29890990257263
Uganda,2012,1.79746997356415
Uganda,2013,1.87114000320435
Uganda,2015,2.32152009010315
Uganda,2016,2.13789010047913
Uganda,2017,2.25363993644714
Uganda,2018,2.13052010536194
Uganda,2019,2.30828070640564
Uganda,2020,2.57222175598145
Uganda,2021,2.63593602180481
Uganda,2022,2.56105017662048
Uganda,2023,2.55159378051758
Ukraine,2000,4.02293014526367
Ukraine,2001,4.52568006515503
Ukraine,2002,5.24006986618042
Ukraine,2003,5.4001898765564
Ukraine,2004,5.12376022338867
Ukraine,2005,5.84819984436035
Ukraine,2006,5.97945976257324
Ukraine,2007,5.90244007110596
Ukraine,2008,6.15242004394531
Ukraine,2009,7.05074977874756
Ukraine,2010,7.39708471298218
Ukraine,2011,5.93770980834961
Ukraine,2012,6.44269990921021
Ukraine,2013,6.41989994049072
Ukraine,2015,5.7425684928894
Ukraine,2016,5.00977993011475
Ukraine,2017,5.41707992553711
Ukraine,2018,5.3199200630188
Ukraine,2019,5.44129991531372
Ukraine,2020,5.38231992721558
Ukraine,2021,5.14011001586914
Ukraine,2022,5.93389987945557
United Arab Emirates,2019,3.86020994186401
United Arab Emirates,2020,3.98417997360229
United Arab Emirates,2021,3.89403009414673
United Kingdom,2000,4.01821994781494
United Kingdom,2001,4.10014009475708
United Kingdom,2002,4.61192989349365
United Kingdom,2003,4.8012900352478
United Kingdom,2004,4.73554992675781
United Kingdom,2005,4.92976999282837
United Kingdom,2006,4.97649002075195
United Kingdom,2007,4.9244499206543
United Kingdom,2008,4.90973997116089
United Kingdom,2009,5.06263017654419
United Kingdom,2010,5.69867992401123
United Kingdom,2011,5.57218980789185
United Kingdom,2012,5.57887411117554
United Kingdom,2013,5.52530002593994
United Kingdom,2015,5.55452013015747
United Kingdom,2016,5.42795991897583
United Kingdom,2017,5.45256996154785
United Kingdom,2018,5.20437002182007
United Kingdom,2019,5.26115989685059
United Kingdom,2020,5.43935012817383
United Kingdom,2021,5.90458011627197
United Kingdom,2022,4.95917558670044
United States,2000,6.08564949035645
United States,2001,6.29892301559448
United States,2002,6.35995531082153
United States,2003,6.3286075592041
United States,2004,6.2537636756897
United States,2005,6.17098331451416
United States,2006,6.16402912139893
United States,2007,6.24331855773926
United States,2008,6.43608617782593
United States,2009,6.73869848251343
United States,2010,6.6945538520813
United States,2011,6.49768352508545
United States,2012,6.25388622283936
United States,2013,6.22925806045532
United States,2015,4.93063020706177
United States,2016,4.78327989578247
United States,2017,5.09296989440918
United States,2018,4.89502000808716
United States,2019,4.95746994018555
United States,2020,5.39998006820679
United States,2021,5.42829990386963
Uruguay,2000,2.42254996299744
Uruguay,2001,2.80096006393433
Uruguay,2002,2.32220005989075
Uruguay,2003,2.0682098865509
Uruguay,2004,2.49954009056091
Uruguay,2005,2.71475005149841
Uruguay,2006,2.85664010047913
Uruguay,2011,4.14937019348145
Uruguay,2012,4.09353351593018
Uruguay,2013,4.23892021179199
Uruguay,2015,4.20636987686157
Uruguay,2016,4.36420011520386
Uruguay,2017,4.41787004470825
Uruguay,2018,4.60362005233765
Uruguay,2019,4.62833976745605
Uruguay,2020,4.54292011260986
Uruguay,2021,4.46065998077393
Uruguay,2022,4.5073299407959
Uzbekistan,2011,5.81876087188721
Uzbekistan,2012,6.02691507339478
Uzbekistan,2013,5.74190998077393
Uzbekistan,2015,5.49453353881836
Uzbekistan,2016,5.41523742675781
Uzbekistan,2017,5.0333194732666
Uzbekistan,2018,4.83589315414429
Uzbekistan,2019,6.29534673690796
Uzbekistan,2020,4.94803667068481
Uzbekistan,2021,5.36828899383545
Uzbekistan,2022,5.23477172851562
Uzbekistan,2023,5.47287607192993
"Venezuela, RB",2006,3.66905999183655
"Venezuela, RB",2007,3.62732005119324
"Venezuela, RB",2009,6.87468004226685
Zambia,2000,1.78819000720978
Zambia,2004,2.46342992782593
Zambia,2005,1.73553001880646
Zambia,2007,1.24075996875763
Zambia,2008,1.0997200012207
Zambia,2010,3.41600441932678
Zambia,2011,3.35772275924683
Zambia,2012,3.69500231742859
Zambia,2013,3.71820712089539
Zambia,2015,4.62433004379272
Zambia,2016,3.74792003631592
Zambia,2017,3.72964000701904
Zambia,2018,4.73974990844727
Zambia,2019,4.41824007034302
Zambia,2020,3.94964814186096
Zambia,2021,3.10643219947815
Zambia,2022,3.58259510993958
Zimbabwe,2010,1.54405999183655
Zimbabwe,2012,6.07020998001099
Zimbabwe,2013,5.99597978591919
Zimbabwe,2017,5.81877994537354
Zimbabwe,2018,2.05048990249634
