Country Name,Year,GDP per capita
Afghanistan,2000,174.930991430166
Afghanistan,2001,138.706821676113
Afghanistan,2002,178.954088379235
Afghanistan,2003,198.871115728727
Afghanistan,2004,221.763653873013
Afghanistan,2005,254.184249149336
Afghanistan,2006,274.218553561575
Afghanistan,2007,376.223152003876
Afghanistan,2008,381.73323802844
Afghanistan,2009,452.053705477043
Afghanistan,2010,560.621505463146
Afghanistan,2011,606.694676337726
Afghanistan,2012,651.417134470046
Afghanistan,2013,637.087099117099
Afghanistan,2014,625.054941813938
Afghanistan,2015,565.569730408751
Afghanistan,2016,522.082215583898
Afghanistan,2017,525.469770891619
Afghanistan,2018,491.337221382603
Afghanistan,2019,496.6025042585
Afghanistan,2020,510.787063366811
Afghanistan,2021,356.496214115892
Afghanistan,2022,357.261152798144
Afghanistan,2023,415.707417059086
Albania,2000,1126.68334010717
Albania,2001,1281.6598256178
Albania,2002,1425.12421860142
Albania,2003,1846.12012081207
Albania,2004,2373.58129170055
Albania,2005,2673.78781583529
Albania,2006,2972.74362094736
Albania,2007,3595.03829536404
Albania,2008,4370.53971639449
Albania,2009,4114.13403283023
Albania,2010,4094.34968570481
Albania,2011,4437.14116097061
Albania,2012,4247.63134315945
Albania,2013,4413.06338346821
Albania,2014,4578.63320812155
Albania,2015,3952.80357364813
Albania,2016,4124.05538986272
Albania,2017,4531.03220675893
Albania,2018,5365.48934672897
Albania,2019,5460.42823730592
Albania,2020,5370.77862312929
Albania,2021,6413.28328605026
Albania,2022,6846.42614266044
Albania,2023,8575.17113446213
Algeria,2000,1772.92869122761
Algeria,2001,1896.30020878013
Algeria,2002,1937.46411413019
Algeria,2003,2283.77299346126
Algeria,2004,2816.99384960555
Algeria,2005,3233.13339634212
Algeria,2006,3660.66104745322
Algeria,2007,4167.45169937531
Algeria,2008,5180.91881514686
Algeria,2009,4235.42990456612
Algeria,2010,4912.78585503672
Algeria,2011,5916.31364364343
Algeria,2012,6033.64884689543
Algeria,2013,5979.60138960585
Algeria,2014,6094.69392314956
Algeria,2015,4685.05902729002
Algeria,2016,4424.98529027556
Algeria,2017,4554.66753957828
Algeria,2018,4577.21029180491
Algeria,2019,4468.45341883656
Algeria,2020,3743.5419522929
Algeria,2021,4160.55926736925
Algeria,2022,4961.55257664733
Algeria,2023,5364.02795022731
Argentina,2000,7637.01489203628
Argentina,2001,7141.47507662826
Argentina,2002,2569.69963519124
Argentina,2003,3320.47775133903
Argentina,2004,4242.02099089422
Argentina,2005,5067.65342293276
Argentina,2006,5869.38028970204
Argentina,2007,7185.25155147027
Argentina,2008,8944.1102657357
Argentina,2009,8150.23527028221
Argentina,2010,10260.1313108254
Argentina,2011,12704.2831819684
Argentina,2012,12949.717486654
Argentina,2013,12963.675773326
Argentina,2014,12233.1444119186
Argentina,2015,13679.6264980954
Argentina,2016,12699.9623137756
Argentina,2017,14532.5009308511
Argentina,2018,11752.7998922979
Argentina,2019,9955.97478680428
Argentina,2020,8535.59938004389
Argentina,2021,10738.0179223384
Argentina,2022,13935.6811110049
Argentina,2023,14187.4827252965
Armenia,2000,593.450581742282
Armenia,2001,659.588988535629
Armenia,2002,742.651118319819
Armenia,2003,882.030167695474
Armenia,2004,1130.08791444158
Armenia,2005,1557.48458908655
Armenia,2006,2041.65267068997
Armenia,2007,2962.70234594569
Armenia,2008,3777.66859313767
Armenia,2009,2820.5926553347
Armenia,2010,3041.34450723339
Armenia,2011,3349.55309771906
Armenia,2012,3511.56399687426
Armenia,2013,3680.16692158886
Armenia,2014,3852.11800610384
Armenia,2015,3512.39350276709
Armenia,2016,3524.42476874707
Armenia,2017,3869.05373867752
Armenia,2018,4196.00562301769
Armenia,2019,4597.22887399548
Armenia,2020,4268.68093304583
Armenia,2021,4685.17997128509
Armenia,2022,6571.97445545099
Armenia,2023,8053.01066312345
Australia,2000,21870.4159669594
Australia,2001,19695.7297379144
Australia,2002,20301.8431713256
Australia,2003,23718.1338501868
Australia,2004,30836.7306824685
Australia,2005,34479.7679298388
Australia,2006,36595.7071548423
Australia,2007,41051.6120652288
Australia,2008,49701.2817843335
Australia,2009,42816.5674002829
Australia,2010,52144.6654705468
Australia,2011,62605.600458306
Australia,2012,68072.8732340801
Australia,2013,68190.7010035651
Australia,2014,62544.0873773726
Australia,2015,56739.0265346593
Australia,2016,49888.0410842736
Australia,2017,53901.7145392154
Australia,2018,57196.4220783778
Australia,2019,54972.7017885437
Australia,2020,51791.540179984
Australia,2021,60607.7788605166
Australia,2022,64997.0136536475
Australia,2023,64820.9117890026
Austria,2000,24487.2974685956
Austria,2001,24430.495982841
Austria,2002,26334.862215032
Austria,2003,32110.1159661425
Austria,2004,36614.2506533707
Austria,2005,38157.37022862
Austria,2006,40382.2078298575
Austria,2007,46622.9622913635
Austria,2008,51581.3982361071
Austria,2009,47857.4446635266
Austria,2010,46611.1393420232
Austria,2011,51116.8953522042
Austria,2012,48250.4059142637
Austria,2013,50305.3545774973
Austria,2014,51314.9722616322
Austria,2015,43915.228020857
Austria,2016,45061.4993920192
Austria,2017,47163.7425775142
Austria,2018,51194.0749841299
Austria,2019,49885.9947355204
Austria,2020,48716.4098900349
Austria,2021,53648.7190742245
Austria,2022,52176.6649141178
Austria,2023,56033.573792065
Azerbaijan,2000,655.097249579917
Azerbaijan,2001,703.670998584686
Azerbaijan,2002,763.108895463487
Azerbaijan,2003,883.692580745256
Azerbaijan,2004,1045.0136328106
Azerbaijan,2005,1578.36733030667
Azerbaijan,2006,2472.95725732287
Azerbaijan,2007,3851.33015175141
Azerbaijan,2008,5574.46810432575
Azerbaijan,2009,4950.39949009423
Azerbaijan,2010,5843.5337683582
Azerbaijan,2011,7189.81869211976
Azerbaijan,2012,7495.86527658099
Azerbaijan,2013,7875.34536661549
Azerbaijan,2014,7890.84028062087
Azerbaijan,2015,5500.50364628486
Azerbaijan,2016,3880.6852276838
Azerbaijan,2017,4147.1981423222
Azerbaijan,2018,4739.7943123408
Azerbaijan,2019,4805.75371765917
Azerbaijan,2020,4229.91064904503
Azerbaijan,2021,5408.04535175023
Azerbaijan,2022,7770.594223351
Azerbaijan,2023,7125.90858368611
Bahamas,2000,24940.0775086078
Bahamas,2001,25371.9237667614
Bahamas,2002,26781.6195938652
Bahamas,2003,26429.1247787663
Bahamas,2004,26650.2934234303
Bahamas,2005,28602.4181869995
Bahamas,2006,29184.7865087908
Bahamas,2007,30051.8489587756
Bahamas,2008,29392.3824416397
Bahamas,2009,27512.9130950084
Bahamas,2010,27473.100430502
Bahamas,2011,27090.8376801379
Bahamas,2012,28552.0242683151
Bahamas,2013,27432.9534269421
Bahamas,2014,28705.6170840548
Bahamas,2015,30289.4022514831
Bahamas,2016,30266.5859220987
Bahamas,2017,31337.1832464755
Bahamas,2018,32124.4051059669
Bahamas,2019,32979.5401279534
Bahamas,2020,25155.6725432789
Bahamas,2021,28682.3270000732
Bahamas,2022,33044.388209429
Bahamas,2023,35896.50510715
Bahrain,2000,14214.4836839343
Bahrain,2001,13573.2339887597
Bahrain,2002,13501.4708801425
Bahrain,2003,14486.0269029822
Bahrain,2004,15963.9493171617
Bahrain,2005,17966.1657837625
Bahrain,2006,19267.282615072
Bahrain,2007,20908.4042548073
Bahrain,2008,23299.4992780392
Bahrain,2009,19465.3140745038
Bahrain,2010,21819.3291098099
Bahrain,2011,25032.7867743333
Bahrain,2012,26438.6733230428
Bahrain,2013,26989.7601148469
Bahrain,2014,26451.7965647453
Bahrain,2015,23734.0551143019
Bahrain,2016,23800.001440631
Bahrain,2017,24784.7693514607
Bahrain,2018,26324.4066549559
Bahrain,2019,27259.7438599327
Bahrain,2020,24342.8444554718
Bahrain,2021,27147.8083882286
Bahrain,2022,30616.2610677495
Bahrain,2023,29218.8605634137
Barbados,2000,11674.6736471764
Barbados,2001,11639.5160522054
Barbados,2002,11760.4524736133
Barbados,2003,12075.9587020649
Barbados,2004,12886.3665272467
Barbados,2005,14214.4202213572
Barbados,2006,15619.6005955511
Barbados,2007,17235.4396434785
Barbados,2008,17565.6929970592
Barbados,2009,16294.9099491834
Barbados,2010,18860.3833703309
Barbados,2011,19345.9953139542
Barbados,2012,19034.0708028512
Barbados,2013,19308.0091116993
Barbados,2014,19277.9423599235
Barbados,2015,18954.2913724506
Barbados,2016,19065.8069800213
Barbados,2017,19692.7606711615
Barbados,2018,20055.915870771
Barbados,2019,20583.7265786414
Barbados,2020,18347.1109131055
Barbados,2021,18696.7858952957
Barbados,2022,22164.0260273876
Barbados,2023,23804.0249914995
Belarus,2000,1276.28038121269
Belarus,2001,1244.37318523431
Belarus,2002,1479.38066337175
Belarus,2003,1819.52653114699
Belarus,2004,2378.33700470129
Belarus,2005,3126.07176665248
Belarus,2006,3848.22350300163
Belarus,2007,4735.48107556066
Belarus,2008,6376.17569162063
Belarus,2009,5352.48809190697
Belarus,2010,6034.67885177216
Belarus,2011,6527.6593428786
Belarus,2012,6953.21591683101
Belarus,2013,7998.0802045456
Belarus,2014,8341.29014337961
Belarus,2015,5967.06856034227
Belarus,2016,5039.77560949445
Belarus,2017,5785.53397723676
Belarus,2018,6360.05310087258
Belarus,2019,6837.76832136779
Belarus,2020,6542.8645398436
Belarus,2021,7489.71894713888
Belarus,2022,7994.64806074889
Belarus,2023,7829.05313660622
Belgium,2000,23098.8865077401
Belgium,2001,23015.0712632462
Belgium,2002,25006.191397109
Belgium,2003,30655.2092679024
Belgium,2004,35429.4077933344
Belgium,2005,36809.7013403619
Belgium,2006,38705.1067959147
Belgium,2007,44319.165448813
Belgium,2008,48303.397956286
Belgium,2009,44923.3400135081
Belgium,2010,44197.393671162
Belgium,2011,47760.8298776546
Belgium,2012,44874.1709182123
Belgium,2013,46964.5946777056
Belgium,2014,47995.7786961339
Belgium,2015,40893.804537772
Belgium,2016,41854.5498296444
Belgium,2017,44035.3239358548
Belgium,2018,47487.2100392561
Belgium,2019,46716.6227467964
Belgium,2020,45906.2875805246
Belgium,2021,51655.7883303715
Belgium,2022,50807.2047084918
Belgium,2023,54700.9093236712
Bermuda,2000,56542.9569455727
Bermuda,2001,59490.2452034202
Bermuda,2002,63358.5658652763
Bermuda,2003,67106.8028083224
Bermuda,2004,71692.1589001679
Bermuda,2005,77628.103522508
Bermuda,2006,97781.4558996721
Bermuda,2007,107395.651483891
Bermuda,2008,110268.562401264
Bermuda,2009,104711.712420357
Bermuda,2010,104111.824244802
Bermuda,2011,99049.0169927667
Bermuda,2012,100213.493385287
Bermuda,2013,101704.40746217
Bermuda,2014,100961.576602811
Bermuda,2015,104855.366822135
Bermuda,2016,108747.356144305
Bermuda,2017,112339.425587467
Bermuda,2018,113204.82210838
Bermuda,2019,115798.040775578
Bermuda,2020,106973.175732348
Bermuda,2021,112712.025120653
Bermuda,2022,120897.311155385
Bermuda,2023,125841.602522489
Botswana,2000,3450.81180622992
Botswana,2001,3206.07123689853
Botswana,2002,3117.25087183011
Botswana,2003,4230.12326909926
Botswana,2004,4956.69287735214
Botswana,2005,5391.07076619634
Botswana,2006,5291.58379144849
Botswana,2007,5529.12574632532
Botswana,2008,5503.07395314313
Botswana,2009,5082.93388332404
Botswana,2010,6215.73216077919
Botswana,2011,7287.38295334919
Botswana,2012,6595.53845015424
Botswana,2013,6666.91219583487
Botswana,2014,7122.36423421503
Botswana,2015,6141.20394726616
Botswana,2016,6749.05994339013
Botswana,2017,7104.96401088027
Botswana,2018,7407.95940141786
Botswana,2019,7172.08956480028
Botswana,2020,6323.31419156209
Botswana,2021,7808.20623956293
Botswana,2022,8329.04032229144
Botswana,2023,7820.23240375076
Brazil,2000,3766.54811466032
Brazil,2001,3176.28935747524
Brazil,2002,2855.94018885769
Brazil,2003,3090.6070097455
Brazil,2004,3663.823188064
Brazil,2005,4827.78173052472
Brazil,2006,5934.1447107274
Brazil,2007,7409.69130727951
Brazil,2008,8908.33176567294
Brazil,2009,8678.65922498836
Brazil,2010,11403.2821284616
Brazil,2011,13396.6243566047
Brazil,2012,12521.7213530369
Brazil,2013,12458.891214816
Brazil,2014,12274.9939689363
Brazil,2015,8936.19661756825
Brazil,2016,8836.28652636996
Brazil,2017,10080.5092817775
Brazil,2018,9300.66164936497
Brazil,2019,9029.83326742175
Brazil,2020,7074.19378281866
Brazil,2021,7972.53665048385
Brazil,2022,9281.33334441234
Brazil,2023,10294.866680778
Bulgaria,2000,1621.26210738992
Bulgaria,2001,1770.90704918691
Bulgaria,2002,2092.98288625558
Bulgaria,2003,2719.49436859287
Bulgaria,2004,3389.68743360274
Bulgaria,2005,3899.82596332878
Bulgaria,2006,4523.1465578805
Bulgaria,2007,5888.77685220636
Bulgaria,2008,7271.30338858025
Bulgaria,2009,6988.27316296465
Bulgaria,2010,6863.66706774052
Bulgaria,2011,7857.16706984441
Bulgaria,2012,7430.7373804242
Bulgaria,2013,7687.71368243317
Bulgaria,2014,7912.27484371138
Bulgaria,2015,7078.86032298969
Bulgaria,2016,7570.93165511708
Bulgaria,2017,8381.88134621669
Bulgaria,2018,9436.14479876055
Bulgaria,2019,9838.60058985384
Bulgaria,2020,10198.5388313404
Bulgaria,2021,12274.0775950496
Bulgaria,2022,13644.201582807
Bulgaria,2023,15885.5391311331
Burkina Faso,2000,248.908526921752
Burkina Faso,2001,259.485223380436
Burkina Faso,2002,285.654087637533
Burkina Faso,2003,362.373899996953
Burkina Faso,2004,403.81283743461
Burkina Faso,2005,441.164148016012
Burkina Faso,2006,455.513655620024
Burkina Faso,2007,514.684451177238
Burkina Faso,2008,619.437533256264
Burkina Faso,2009,601.569520671859
Burkina Faso,2010,624.957252224766
Burkina Faso,2011,725.024767725475
Burkina Faso,2012,731.470138867833
Burkina Faso,2013,759.762065168498
Burkina Faso,2014,764.861675106225
Burkina Faso,2015,630.124750752312
Burkina Faso,2016,663.742364842886
Burkina Faso,2017,709.091535894695
Burkina Faso,2018,777.465618514048
Burkina Faso,2019,764.853077774946
Burkina Faso,2020,825.237038782475
Burkina Faso,2021,895.535288442991
Burkina Faso,2022,836.118304593682
Burkina Faso,2023,882.689810086163
Burundi,2000,134.537861752389
Burundi,2001,132.159554541932
Burundi,2002,120.952308575468
Burundi,2003,111.406682804391
Burundi,2004,125.194965184533
Burundi,2005,147.234619294225
Burundi,2006,161.892755640319
Burundi,2007,166.162744906755
Burundi,2008,189.502074570768
Burundi,2009,199.097633037708
Burundi,2010,216.727705301976
Burundi,2011,230.070577369084
Burundi,2012,231.688496393569
Burundi,2013,234.843045388828
Burundi,2014,250.540481111877
Burundi,2015,280.966831311923
Burundi,2016,235.286205393908
Burundi,2017,236.694472592753
Burundi,2018,224.89939239264
Burundi,2019,210.236494521532
Burundi,2020,210.008139902508
Burundi,2021,214.091455416133
Burundi,2022,250.634225368744
Burundi,2023,193.007145564804
Cameroon,2000,708.565731625965
Cameroon,2001,715.470296470585
Cameroon,2002,789.623811072554
Cameroon,2003,988.241276791846
Cameroon,2004,1133.39326749673
Cameroon,2005,1142.62466252106
Cameroon,2006,1191.45458990968
Cameroon,2007,1325.67248215933
Cameroon,2008,1492.14269801453
Cameroon,2009,1461.38999232337
Cameroon,2010,1398.58702025047
Cameroon,2011,1513.96056994878
Cameroon,2012,1449.09874362279
Cameroon,2013,1575.92882118897
Cameroon,2014,1649.4433905949
Cameroon,2015,1415.00009710569
Cameroon,2016,1441.7201725688
Cameroon,2017,1496.08951771242
Cameroon,2018,1610.69641591017
Cameroon,2019,1555.22660476477
Cameroon,2020,1555.60370660749
Cameroon,2021,1672.32657340872
Cameroon,2022,1604.87726954895
Cameroon,2023,1736.86091073524
Canada,2000,24271.0020563821
Canada,2001,23822.096210932
Canada,2002,24256.0192337185
Canada,2003,28301.8645937428
Canada,2004,32145.5412620217
Canada,2005,36383.6600068095
Canada,2006,40504.0370977806
Canada,2007,44660.0838892281
Canada,2008,46710.2526864484
Canada,2009,40874.8831932903
Canada,2010,47560.6666009406
Canada,2011,52223.8588398531
Canada,2012,52670.3447335415
Canada,2013,52638.1187235237
Canada,2014,50960.8431174661
Canada,2015,43594.1941045394
Canada,2016,42314.0615817218
Canada,2017,45129.628116623
Canada,2018,46539.1761570405
Canada,2019,46352.8693445211
Canada,2020,43537.839298904
Canada,2021,52496.8441693242
Canada,2022,55509.393176404
Canada,2023,53431.1857063879
Cape Verde,2000,1189.51479345891
Cape Verde,2001,1223.33055331575
Cape Verde,2002,1328.57874270666
Cape Verde,2003,1717.97565369655
Cape Verde,2004,1929.49081468781
Cape Verde,2005,2004.14680417563
Cape Verde,2006,2256.99666191075
Cape Verde,2007,3324.57675212498
Cape Verde,2008,3908.64885822576
Cape Verde,2009,3659.72046361628
Cape Verde,2010,3579.46006137809
Cape Verde,2011,4002.01386888785
Cape Verde,2012,3736.81517011087
Cape Verde,2013,3960.97596791345
Cape Verde,2014,3985.60706548134
Cape Verde,2015,3415.06266730931
Cape Verde,2016,3608.96606551232
Cape Verde,2017,3893.09572292025
Cape Verde,2018,4294.96510456428
Cape Verde,2019,4380.7811916403
Cape Verde,2020,3539.22662027109
Cape Verde,2021,3971.4440744985
Cape Verde,2022,4323.31362665974
Cape Verde,2023,4850.98415849643
Chile,2000,5052.99245768719
Chile,2001,4563.5952986689
Chile,2002,4430.84741157069
Chile,2003,4773.40177520754
Chile,2004,6120.59152052304
Chile,2005,7480.3233099645
Chile,2006,9318.65655299547
Chile,2007,10346.4138184533
Chile,2008,10683.2188772853
Chile,2009,10098.8017166866
Chile,2010,12632.8704725219
Chile,2011,14487.3927827263
Chile,2012,15241.9069977366
Chile,2013,15683.54863663
Chile,2014,14529.6767210362
Chile,2015,13433.9202985339
Chile,2016,13649.8520455553
Chile,2017,14879.9086230423
Chile,2018,15659.4808675628
Chile,2019,14495.716721687
Chile,2020,13114.815470545
Chile,2021,16216.5706467899
Chile,2022,15451.1319576678
Chile,2023,17067.8136150601
China,2000,959.360431369138
China,2001,1053.11231442789
China,2002,1148.51425710711
China,2003,1288.63749134336
China,2004,1508.66791560781
China,2005,1753.41419160544
China,2006,2099.2194300499
China,2007,2693.95873160283
China,2008,3468.32706307504
China,2009,3832.2274569094
China,2010,4550.47394356715
China,2011,5614.38602225277
China,2012,6300.58217951734
China,2013,7020.3860742288
China,2014,7636.07434020616
China,2015,8016.44559489998
China,2016,8094.39016735149
China,2017,8817.04560829162
China,2018,9905.40638304527
China,2019,10143.8602206165
China,2020,10408.7195541075
China,2021,12617.5051041181
China,2022,12662.5826712038
China,2023,12614.0617416421
Colombia,2000,2555.00751039968
Colombia,2001,2472.99084035833
Colombia,2002,2428.92969771584
Colombia,2003,2311.94218760291
Colombia,2004,2818.57195413044
Colombia,2005,3456.06610874512
Colombia,2006,3789.85361217027
Colombia,2007,4769.926147194
Colombia,2008,5541.83629665898
Colombia,2009,5250.97292433518
Colombia,2010,6398.2958447102
Colombia,2011,7400.9940695669
Colombia,2012,8108.59838244229
Colombia,2013,8279.10255642981
Colombia,2014,8187.20824890084
Colombia,2015,6248.51490534512
Colombia,2016,5959.84250367574
Colombia,2017,6479.53231292429
Colombia,2018,6816.96818309544
Colombia,2019,6472.54544924705
Colombia,2020,5339.68711357943
Colombia,2021,6222.62164397614
Colombia,2022,6674.59601948063
Colombia,2023,6947.35928681966
Costa Rica,2000,3812.75388284924
Costa Rica,2001,3985.12984506207
Costa Rica,2002,4067.71851429092
Costa Rica,2003,4173.14856415514
Costa Rica,2004,4431.0117207843
Costa Rica,2005,4703.00721784778
Costa Rica,2006,5256.59640859159
Costa Rica,2007,6137.71199925542
Costa Rica,2008,6937.24261596055
Costa Rica,2009,6832.69829924138
Costa Rica,2010,8265.78820275582
Costa Rica,2011,9276.39107511347
Costa Rica,2012,10126.9991024177
Costa Rica,2013,10803.2401962173
Costa Rica,2014,10911.497878334
Costa Rica,2015,11714.7105980732
Costa Rica,2016,12091.0301606154
Costa Rica,2017,12317.0902771304
Costa Rica,2018,12590.2493781614
Costa Rica,2019,12884.6859951989
Costa Rica,2020,12394.0493969492
Costa Rica,2021,12838.1185358931
Costa Rica,2022,13625.9008491328
Costa Rica,2023,16942.0268119375
Croatia,2000,4953.65158789022
Croatia,2001,5364.83824691607
Croatia,2002,6219.58164143945
Croatia,2003,8190.11135193887
Croatia,2004,9718.97322801967
Croatia,2005,10443.5278353294
Croatia,2006,11502.753124287
Croatia,2007,13757.605654192
Croatia,2008,15889.4347074759
Croatia,2009,14475.9632928725
Croatia,2010,13731.2865213989
Croatia,2011,14694.9993201417
Croatia,2012,13508.6836989693
Croatia,2013,14136.3967669505
Croatia,2014,14187.9694531493
Croatia,2015,12285.3032582105
Croatia,2016,12821.1738140304
Croatia,2017,13902.6310485422
Croatia,2018,15460.4183295843
Croatia,2019,15563.8167397199
Croatia,2020,14808.4620188819
Croatia,2021,17789.9304736722
Croatia,2022,18466.0955472648
Croatia,2023,21865.4562838641
Cuba,2000,2751.3817714814
Cuba,2001,2842.96704310394
Cuba,2002,3005.21104247868
Cuba,2003,3202.78109865637
Cuba,2004,3399.21962893402
Cuba,2005,3786.33799225291
Cuba,2006,4329.98265964383
Cuba,2007,4807.43888960684
Cuba,2008,4986.12436479175
Cuba,2009,5089.23519757167
Cuba,2010,5272.26755824835
Cuba,2011,6104.46105236166
Cuba,2012,6470.83673392653
Cuba,2013,6828.36428245396
Cuba,2014,7146.70459051328
Cuba,2015,7727.91997207998
Cuba,2016,8110.55873961397
Cuba,2017,8610.60829531998
Cuba,2018,8911.46205964193
Cuba,2019,9232.26115935183
Cuba,2020,9605.26125067263
Cyprus,2000,14388.3525390625
Cyprus,2001,14821.44921875
Cyprus,2002,16093.2158203125
Cyprus,2003,20252.24609375
Cyprus,2004,23792.619140625
Cyprus,2005,24959.26171875
Cyprus,2006,26729.28125
Cyprus,2007,31244.87890625
Cyprus,2008,35397.296875
Cyprus,2009,32236.44921875
Cyprus,2010,31105.02734375
Cyprus,2011,32485.796875
Cyprus,2012,28991.935546875
Cyprus,2013,27797.45703125
Cyprus,2014,27244.3515625
Cyprus,2015,23487.228515625
Cyprus,2016,24715.154296875
Cyprus,2017,26696.990234375
Cyprus,2018,29599.986328125
Cyprus,2019,29703.052734375
Cyprus,2020,28649.015625
Cyprus,2021,33734.29296875
Cyprus,2022,33938.9453125
Cyprus,2023,36551.41796875
Czech Republic,2000,6062.92152842793
Czech Republic,2001,6669.07494847497
Czech Republic,2002,8101.26018588111
Czech Republic,2003,9852.45677945801
Czech Republic,2004,11782.5546676117
Czech Republic,2005,13442.4916284309
Czech Republic,2006,15259.0788162004
Czech Republic,2007,18452.6532812196
Czech Republic,2008,22774.7045076205
Czech Republic,2009,19817.4215836554
Czech Republic,2010,20160.4355077059
Czech Republic,2011,22049.1080788682
Czech Republic,2012,20014.0354015165
Czech Republic,2013,20260.4954999375
Czech Republic,2014,20038.4163180257
Czech Republic,2015,17931.5987670768
Czech Republic,2016,18753.9686718096
Czech Republic,2017,20913.197632212
Czech Republic,2018,23705.9329811299
Czech Republic,2019,24062.7190013343
Czech Republic,2020,23472.8915454417
Czech Republic,2021,27696.4619527544
Czech Republic,2022,28282.2236715857
Czech Republic,2023,31591.1770732969
Denmark,2000,30722.0251837567
Denmark,2001,30768.4775471112
Denmark,2002,33257.1622586509
Denmark,2003,40519.0974905924
Denmark,2004,46625.050098011
Denmark,2005,48925.8076698784
Denmark,2006,52119.1787984282
Denmark,2007,58631.6566433635
Denmark,2008,64616.6657583663
Denmark,2009,58412.7472358513
Denmark,2010,58104.5445594981
Denmark,2011,61809.737898222
Denmark,2012,58443.7747103968
Denmark,2013,61377.5940590412
Denmark,2014,62520.4509747011
Denmark,2015,53094.0133607574
Denmark,2016,54500.9260410217
Denmark,2017,57521.5514992225
Denmark,2018,61324.7665045565
Denmark,2019,59404.2663247723
Denmark,2020,60985.4885601514
Denmark,2021,69727.9873677012
Denmark,2022,68091.3191138669
Denmark,2023,68453.8769281145
Dominica,2000,4867.39896323759
Dominica,2001,4981.89584851956
Dominica,2002,4873.64220013013
Dominica,2003,5009.57393166758
Dominica,2004,5348.94900144212
Dominica,2005,5299.49596350504
Dominica,2006,5671.77065738238
Dominica,2007,6120.44205374343
Dominica,2008,6654.49921411812
Dominica,2009,7102.02825967231
Dominica,2010,7171.5523885901
Dominica,2011,7255.67210585964
Dominica,2012,7031.39987118111
Dominica,2013,7147.61954093518
Dominica,2014,7395.30259658718
Dominica,2015,7679.83293618857
Dominica,2016,8278.44768597003
Dominica,2017,7614.34028048137
Dominica,2018,8137.56520624242
Dominica,2019,9009.09011545429
Dominica,2020,7461.77933220095
Dominica,2021,8262.65091316727
Dominica,2022,9085.67412772363
Dominica,2023,9832.99643050057
Dominican Republic,2000,2831.45883638033
Dominican Republic,2001,2935.89367312668
Dominican Republic,2002,3065.60329524196
Dominican Republic,2003,2383.26171780393
Dominican Republic,2004,2451.69161616569
Dominican Republic,2005,3878.31206735244
Dominican Republic,2006,4055.14270347371
Dominican Republic,2007,4649.64558875814
Dominican Republic,2008,5026.84091100115
Dominican Republic,2009,4977.79884445929
Dominican Republic,2010,5484.64637931191
Dominican Republic,2011,5834.70590719826
Dominican Republic,2012,6025.72582713231
Dominican Republic,2013,6149.02748927076
Dominican Republic,2014,6512.50771431953
Dominican Republic,2015,6819.93225155181
Dominican Republic,2016,7174.82349574
Dominican Republic,2017,7499.69286187019
Dominican Republic,2018,7934.98141208525
Dominican Republic,2019,8164.22080932117
Dominican Republic,2020,7162.29175242114
Dominican Republic,2021,8472.47982000992
Dominican Republic,2022,10109.5234003521
Dominican Republic,2023,10717.6276712204
Ecuador,2000,1382.23421759909
Ecuador,2001,1791.30359685037
Ecuador,2002,2059.1585535974
Ecuador,2003,2315.62215223014
Ecuador,2004,2586.20914663347
Ecuador,2005,2909.02606014388
Ecuador,2006,3243.67010359339
Ecuador,2007,3478.92488770671
Ecuador,2008,4194.75750661981
Ecuador,2009,4053.36331139298
Ecuador,2010,4520.30959039763
Ecuador,2011,5153.6916424375
Ecuador,2012,5634.08393191094
Ecuador,2013,6109.29031510341
Ecuador,2014,6405.79979300441
Ecuador,2015,5976.1596805651
Ecuador,2016,5917.63771271481
Ecuador,2017,6233.32244797718
Ecuador,2018,6303.91892523596
Ecuador,2019,6205.05759479761
Ecuador,2020,5463.64509649315
Ecuador,2021,6075.8026572556
Ecuador,2022,6540.99824522101
Ecuador,2023,6609.80408154957
Egypt,2000,1366.09274372613
Egypt,2001,1295.1374184163
Egypt,2002,1116.82884626213
Egypt,2003,1031.27556291284
Egypt,2004,991.255689145253
Egypt,2005,1104.80340733395
Egypt,2006,1298.97900203124
Egypt,2007,1547.74170735909
Egypt,2008,1896.21594269779
Egypt,2009,2161.63964573927
Egypt,2010,2455.08194645282
Egypt,2011,2590.64384891965
Egypt,2012,2996.0677072015
Egypt,2013,3025.52563552448
Egypt,2014,3133.39102265541
Egypt,2015,3306.98159414141
Egypt,2016,3270.6287768197
Egypt,2017,2395.10333299491
Egypt,2018,2484.70315630508
Egypt,2019,2962.98892023003
Egypt,2020,3511.11381026379
Egypt,2021,3827.35415374308
Egypt,2022,4233.30783744856
Egypt,2023,3457.45691570455
Eritrea,2000,314.357396753501
Eritrea,2001,325.409161513593
Eritrea,2002,304.775756465092
Eritrea,2003,348.950327077742
Eritrea,2004,426.840947887032
Eritrea,2005,412.753079199423
Eritrea,2006,447.997404727201
Eritrea,2007,480.44762365456
Eritrea,2008,490.066956003333
Eritrea,2009,642.92572288007
Eritrea,2010,539.699512069686
Eritrea,2011,688.68165957684
Estonia,2000,4070.60902410208
Estonia,2001,4502.66614992392
Estonia,2002,5343.18310760735
Estonia,2003,7205.40703313243
Estonia,2004,8916.0728274602
Estonia,2005,10414.6381183565
Estonia,2006,12641.4800976473
Estonia,2007,16745.4308011148
Estonia,2008,18205.9064113446
Estonia,2009,14712.4494217916
Estonia,2010,14663.7041018705
Estonia,2011,17555.5455239426
Estonia,2012,17568.2137969714
Estonia,2013,19310.3874900757
Estonia,2014,20581.7898991695
Estonia,2015,17722.1557669523
Estonia,2016,18666.3736521706
Estonia,2017,20851.5223496861
Estonia,2018,23618.1361254581
Estonia,2019,24021.2501413306
Estonia,2020,23933.9939421065
Estonia,2021,27953.7670230126
Estonia,2022,28451.1477825175
Estonia,2023,30133.304450454
Ethiopia,2000,122.269202606069
Ethiopia,2001,118.457204255261
Ethiopia,2002,109.593813612988
Ethiopia,2003,116.800491132777
Ethiopia,2004,133.169812538096
Ethiopia,2005,158.243458082465
Ethiopia,2006,189.345737521418
Ethiopia,2007,237.146255996319
Ethiopia,2008,316.410475118075
Ethiopia,2009,368.574712267445
Ethiopia,2010,330.619412798644
Ethiopia,2011,343.024942351887
Ethiopia,2012,452.101031885754
Ethiopia,2013,484.039833104062
Ethiopia,2014,549.986577082588
Ethiopia,2015,621.845673808133
Ethiopia,2016,696.195884706786
Ethiopia,2017,745.632449222154
Ethiopia,2018,747.968143637014
Ethiopia,2019,828.70897229725
Ethiopia,2020,905.313175805855
Ethiopia,2021,910.947840320752
Ethiopia,2022,1011.0732858233
Ethiopia,2023,1272.01628209211
Fiji,2000,1995.72071163264
Fiji,2001,1944.997414609
Fiji,2002,2136.56794118683
Fiji,2003,2655.58079586044
Fiji,2004,3097.19096651759
Fiji,2005,3377.69126953493
Fiji,2006,3455.10599907349
Fiji,2007,3762.74692789299
Fiji,2008,3899.92231512129
Fiji,2009,3164.13275408169
Fiji,2010,3449.14452883369
Fiji,2011,4139.60288609702
Fiji,2012,4341.40338748749
Fiji,2013,4572.44377544245
Fiji,2014,5293.35679137747
Fiji,2015,5097.53108832569
Fiji,2016,5363.79025590254
Fiji,2017,5826.84814087383
Fiji,2018,6085.41979209299
Fiji,2019,5950.82868635508
Fiji,2020,4844.42129036462
Fiji,2021,4696.17101880318
Fiji,2022,5405.03007408295
Fiji,2023,5888.73668639357
Finland,2000,24335.9225082659
Finland,2001,24965.202996776
Finland,2002,26989.389260959
Finland,2003,32920.0857192568
Finland,2004,37768.1334202029
Finland,2005,39049.8703780223
Finland,2006,41214.0187765069
Finland,2007,48473.0240091455
Finland,2008,53769.4726240385
Finland,2009,47478.3495310999
Finland,2010,46506.2919016566
Finland,2011,51060.3242589767
Finland,2012,47551.6740841369
Finland,2013,49691.0145200739
Finland,2014,50073.7760815871
Finland,2015,42560.3456767103
Finland,2016,43451.2562442158
Finland,2017,46085.0174739036
Finland,2018,49654.2497035329
Finland,2019,48358.1807773701
Finland,2020,48828.6846862799
Finland,2021,53099.1351400148
Finland,2022,50438.4753952355
Finland,2023,52925.6897638424
France,2000,22340.5939516217
France,2001,22331.7948343036
France,2002,24144.5727019529
France,2003,29479.5222101175
France,2004,33644.9282220364
France,2005,34696.3718316971
France,2006,36431.5658906555
France,2007,41486.1907828787
France,2008,45464.8181385158
France,2009,41728.0884164132
France,2010,40694.8211697025
France,2011,43929.7840873812
France,2012,40863.5814412333
France,2013,42669.1795111893
France,2014,43148.0459288416
France,2015,36702.4323733379
France,2016,37024.2157133669
France,2017,38687.1626407164
France,2018,41418.1766484844
France,2019,40408.2848574751
France,2020,39169.8606000707
France,2021,43725.0999521245
France,2022,41082.8119320747
France,2023,44690.9345395117
Gabon,2000,3982.906200928
Gabon,2001,3835.75718279727
Gabon,2002,3966.48001864663
Gabon,2003,4710.74862768151
Gabon,2004,5465.79193590708
Gabon,2005,6547.87613955186
Gabon,2006,6847.00985685394
Gabon,2007,8003.54289696049
Gabon,2008,9688.64519690633
Gabon,2009,7290.57526093114
Gabon,2010,8356.74662013345
Gabon,2011,10219.1139339454
Gabon,2012,9296.96587941088
Gabon,2013,9197.70106323947
Gabon,2014,9201.36276648105
Gabon,2015,7047.12654634355
Gabon,2016,6677.07003901644
Gabon,2017,6921.73373135624
Gabon,2018,7624.2775233771
Gabon,2019,7441.1786472281
Gabon,2020,6605.80346077565
Gabon,2021,8181.40914134656
Gabon,2022,8409.2074145028
Gabon,2023,7802.83659565049
Georgia,2000,749.908534993961
Georgia,2001,801.98383707929
Georgia,2002,853.526171868939
Georgia,2003,1010.03151630868
Georgia,2004,1305.04748557208
Georgia,2005,1642.78359414797
Georgia,2006,1996.02013272284
Georgia,2007,2635.36650276116
Georgia,2008,3324.7537205015
Georgia,2009,2822.68939668797
Georgia,2010,3281.72930937343
Georgia,2011,4119.66818307193
Georgia,2012,4530.69533409431
Georgia,2013,4712.00229382665
Georgia,2014,4830.33486170249
Georgia,2015,4086.6223465965
Georgia,2016,4143.40125686315
Georgia,2017,4418.75206546679
Georgia,2018,4804.0546040444
Georgia,2019,4741.2832715876
Georgia,2020,4300.85701291207
Georgia,2021,5083.60695484577
Georgia,2022,6729.84659930283
Georgia,2023,8283.66960242964
Germany,2000,23925.8559901991
Germany,2001,23878.3641471651
Germany,2002,25486.5942008748
Germany,2003,30711.1022511331
Germany,2004,34566.7359143735
Germany,2005,35084.4363546269
Germany,2006,36980.3349948954
Germany,2007,42350.9217211489
Germany,2008,46386.3295924799
Germany,2009,42487.2137101496
Germany,2010,42409.9356994694
Germany,2011,47646.582043143
Germany,2012,44735.5882319701
Germany,2013,47220.0102098851
Germany,2014,48971.0824722599
Germany,2015,41911.0109851054
Germany,2016,42961.0356905775
Germany,2017,45526.5999576533
Germany,2018,48874.8595028454
Germany,2019,47623.8656074829
Germany,2020,47379.765194548
Germany,2021,52265.6541620571
Germany,2022,49686.1154582583
Germany,2023,54343.2265084958
Ghana,2000,253.746936203344
Ghana,2001,263.542156494853
Ghana,2002,297.46164468774
Ghana,2003,358.39927142073
Ghana,2004,406.132105329565
Ghana,2005,478.611909191028
Ghana,2006,906.441027564887
Ghana,2007,1050.12461524926
Ghana,2008,1182.65761256016
Ghana,2009,1047.70430093586
Ghana,2010,1263.89251760539
Ghana,2011,1507.43573198753
Ghana,2012,1543.77524235764
Ghana,2013,2294.025645187
Ghana,2014,1953.64513603117
Ghana,2015,1721.69964380717
Ghana,2016,1913.18673253576
Ghana,2017,2012.97025750655
Ghana,2018,2196.61290615342
Ghana,2019,2186.18924111824
Ghana,2020,2196.54789313621
Ghana,2021,2445.50081810782
Ghana,2022,2240.27945094566
Ghana,2023,2260.28741289427
Great Britain,2000,28280.926786099
Great Britain,2001,27906.5695029641
Great Britain,2002,30077.741432188
Great Britain,2003,34442.6875402308
Great Britain,2004,40366.8886650968
Great Britain,2005,42104.7884375024
Great Britain,2006,44512.4590296865
Great Britain,2007,50397.6854954706
Great Britain,2008,47396.1202078484
Great Britain,2009,38744.131693043
Great Britain,2010,39598.957119545
Great Britain,2011,42109.6418795749
Great Britain,2012,42497.3404974322
Great Britain,2013,43426.2981405143
Great Britain,2014,47439.6165895125
Great Britain,2015,44964.3911437292
Great Britain,2016,40985.2351382417
Great Britain,2017,40572.1214823783
Great Britain,2018,43203.8141057739
Great Britain,2019,42662.5353740311
Great Britain,2020,40201.6812422928
Great Britain,2021,46896.8662432834
Great Britain,2022,45935.9276473925
Great Britain,2023,49463.8554617343
Greece,2000,11638.2010697215
Greece,2001,12156.9572824221
Greece,2002,13782.195640943
Greece,2003,18020.612039764
Greece,2004,21449.2552764245
Greece,2005,22054.1315756886
Greece,2006,24416.0232970275
Greece,2007,28440.7625328955
Greece,2008,31695.8331092209
Greece,2009,29425.4573200263
Greece,2010,26653.0488008626
Greece,2011,25504.7866510124
Greece,2012,21624.346052551
Greece,2013,21573.3449762805
Greece,2014,21474.7257123892
Greece,2015,17980.7298238137
Greece,2016,17919.2426377048
Greece,2017,18631.9930129293
Greece,2018,19873.4015238771
Greece,2019,19335.3602002969
Greece,2020,17886.733165236
Greece,2021,20654.7001960815
Greece,2022,20971.8349258283
Greece,2023,23400.7278817691
Grenada,2000,4839.82811114248
Grenada,2001,4819.50776653843
Grenada,2002,4984.47405931447
Grenada,2003,5427.96377252312
Grenada,2004,5480.26117644588
Grenada,2005,6338.56011405358
Grenada,2006,6344.0383771432
Grenada,2007,6864.54816771858
Grenada,2008,7448.2040563865
Grenada,2009,6932.56472176781
Grenada,2010,6909.60169568597
Grenada,2011,6947.38136096464
Grenada,2012,7092.71985352677
Grenada,2013,7424.80212287327
Grenada,2014,7986.33421210788
Grenada,2015,8694.12438005692
Grenada,2016,9221.23461079424
Grenada,2017,9751.42661155932
Grenada,2018,10083.021279225
Grenada,2019,10462.7929159533
Grenada,2020,8968.55890108484
Grenada,2021,9622.24050459345
Grenada,2022,10474.2652893842
Grenada,2023,11246.3451228921
Guatemala,2000,1648.96578971559
Guatemala,2001,1537.68663578252
Guatemala,2002,1669.33517469705
Guatemala,2003,1722.54701910774
Guatemala,2004,1840.91184884
Guatemala,2005,2046.46611650758
Guatemala,2006,2225.1234753878
Guatemala,2007,2458.81573919384
Guatemala,2008,2763.05988172926
Guatemala,2009,2611.64632773352
Guatemala,2010,2805.25960237322
Guatemala,2011,3168.98370607705
Guatemala,2012,3286.61959336267
Guatemala,2013,3444.15971843874
Guatemala,2014,3689.14472473545
Guatemala,2015,3893.50521848131
Guatemala,2016,4060.13755621218
Guatemala,2017,4324.99607911366
Guatemala,2018,4352.94651790253
Guatemala,2019,4511.99755157656
Guatemala,2020,4477.61761796418
Guatemala,2021,4913.94712869347
Guatemala,2022,5358.08963795
Guatemala,2023,5762.82174615918
Hong Kong,2000,25756.7728723704
Hong Kong,2001,25230.3780910304
Hong Kong,2002,24665.8362318216
Hong Kong,2003,23977.1734120477
Hong Kong,2004,24928.1003722551
Hong Kong,2005,26649.637724155
Hong Kong,2006,28224.0951563146
Hong Kong,2007,30593.9511738646
Hong Kong,2008,31515.5292103443
Hong Kong,2009,30697.5383861641
Hong Kong,2010,32550.136489179
Hong Kong,2011,35142.4879344543
Hong Kong,2012,36730.796195815
Hong Kong,2013,38403.7777145477
Hong Kong,2014,40315.3739510191
Hong Kong,2015,42432.1619740441
Hong Kong,2016,43734.1980702999
Hong Kong,2017,46160.429791493
Hong Kong,2018,48537.5668888343
Hong Kong,2019,48359.0011950597
Hong Kong,2020,46109.2299946609
Hong Kong,2021,49770.5642374739
Hong Kong,2022,48826.0527728276
Hong Kong,2023,50531.7385421945
Hungary,2000,4624.28165670295
Hungary,2001,5276.03318905496
Hungary,2002,6655.33300865319
Hungary,2003,8419.43087098103
Hungary,2004,10301.7033946743
Hungary,2005,11223.3993032598
Hungary,2006,11489.5608654088
Hungary,2007,13940.9092761999
Hungary,2008,15772.3300839383
Hungary,2009,13077.305465178
Hungary,2010,13217.5045951108
Hungary,2011,14234.471576937
Hungary,2012,12984.8365730133
Hungary,2013,13715.0703590361
Hungary,2014,14294.2584180751
Hungary,2015,12717.038597002
Hungary,2016,13104.6995457458
Hungary,2017,14621.2395956755
Hungary,2018,16425.2050299693
Hungary,2019,16786.2136399075
Hungary,2020,16131.9540355923
Hungary,2021,18755.1023464312
Hungary,2022,18353.298364905
Hungary,2023,22141.8669799276
Iceland,2000,32096.3722613695
Iceland,2001,28897.4439396908
Iceland,2002,32409.2161491753
Iceland,2003,39476.6978486684
Iceland,2004,47334.9306537723
Iceland,2005,56794.8501588953
Iceland,2006,57492.9342498703
Iceland,2007,69495.7267376825
Iceland,2008,56943.3704468563
Iceland,2009,41301.273219718
Iceland,2010,43237.0729488958
Iceland,2011,47714.5922308485
Iceland,2012,45995.5478789467
Iceland,2013,49804.9829978371
Iceland,2014,54576.7448146565
Iceland,2015,52951.6815110898
Iceland,2016,61987.9263620283
Iceland,2017,72010.1490316258
Iceland,2018,74452.1890731447
Iceland,2019,68452.23622306
Iceland,2020,59023.5663465778
Iceland,2021,69325.9078287926
Iceland,2022,75314.085560994
Iceland,2023,79636.9548578508
India,2000,442.750218937263
India,2001,450.357900514128
India,2002,469.149928973927
India,2003,544.143133545002
India,2004,624.258826510066
India,2005,710.488080408949
India,2006,801.668353659022
India,2007,1021.88707706826
India,2008,992.519584923828
India,2009,1094.94974598436
India,2010,1347.51939071367
India,2011,1445.46127486037
India,2012,1429.32199520032
India,2013,1432.84397512195
India,2014,1553.88396075118
India,2015,1583.99815907985
India,2016,1707.50892912243
India,2017,1950.10468280866
India,2018,1966.25455171679
India,2019,2041.42863698585
India,2020,1907.04251637669
India,2021,2239.61384367482
India,2022,2352.61392452078
India,2023,2480.79208721621
Indonesia,2000,763.711124950924
Indonesia,2001,732.307093405708
Indonesia,2002,881.002913569131
Indonesia,2003,1043.2105838671
Indonesia,2004,1126.84004447173
Indonesia,2005,1238.21447629488
Indonesia,2006,1558.31562847164
Indonesia,2007,1823.21976255073
Indonesia,2008,2124.55483920617
Indonesia,2009,2218.48541852977
Indonesia,2010,3065.68348366636
Indonesia,2011,3579.46442452684
Indonesia,2012,3632.272540431
Indonesia,2013,3566.60284506078
Indonesia,2014,3441.06808455308
Indonesia,2015,3288.22269737572
Indonesia,2016,3521.46943456251
Indonesia,2017,3798.88326177649
Indonesia,2018,3860.95353077708
Indonesia,2019,4106.94856173421
Indonesia,2020,3853.70288778903
Indonesia,2021,4287.17313989405
Indonesia,2022,4730.74548910499
Indonesia,2023,4876.31432703188
Iran,2000,1650.01385832603
Iran,2001,1881.02266634748
Iran,2002,1891.25756092031
Iran,2003,2208.99636553529
Iran,2004,2672.42266512669
Iran,2005,3132.05081925856
Iran,2006,3618.9160136791
Iran,2007,4687.99166265915
Iran,2008,5377.41150725587
Iran,2009,5415.52280554144
Iran,2010,6291.19443652344
Iran,2011,8025.68743364356
Iran,2012,8114.08099831877
Iran,2013,6222.74194840326
Iran,2014,5672.06372896319
Iran,2015,4952.73355532178
Iran,2016,5477.03712389913
Iran,2017,5753.11544659399
Iran,2018,4631.78709016514
Iran,2019,3831.27894763337
Iran,2020,2988.78122414716
Iran,2021,4334.79268631354
Iran,2022,4405.09291519791
Iran,2023,4465.63766994952
Ireland,2000,26334.5672050501
Ireland,2001,28282.409882073
Ireland,2002,32705.4345565698
Ireland,2003,41203.5295847568
Ireland,2004,47754.2023194244
Ireland,2005,50933.0216095589
Ireland,2006,54329.1618599624
Ireland,2007,61396.417461176
Ireland,2008,61353.1065629523
Ireland,2009,52133.0909237885
Ireland,2010,48679.4026820361
Ireland,2011,52692.7813135606
Ireland,2012,49411.7387476787
Ireland,2013,52619.2123745817
Ireland,2014,57278.2590911107
Ireland,2015,64311.8234684057
Ireland,2016,64292.659966313
Ireland,2017,72499.3268743015
Ireland,2018,81248.3135388
Ireland,2019,82508.4659883582
Ireland,2020,87567.1148972037
Ireland,2021,105561.137468992
Ireland,2022,106194.755859223
Ireland,2023,103887.800388081
Israel,2000,21660.840378309
Israel,2001,20907.1143041538
Israel,2002,19034.3175740071
Israel,2003,19629.4145135202
Israel,2004,20546.2291718399
Israel,2005,21226.7213913393
Israel,2006,22502.0722209991
Israel,2007,25635.926838502
Israel,2008,30176.2865128483
Israel,2009,28381.6449423376
Israel,2010,31338.5568903917
Israel,2011,34433.822610733
Israel,2012,33236.5731239421
Israel,2013,36929.6042163752
Israel,2014,38230.4954049785
Israel,2015,36123.9907881129
Israel,2016,37556.6272863143
Israel,2017,40997.9110240274
Israel,2018,42233.2610344935
Israel,2019,44140.8289372511
Israel,2020,44679.7715799755
Israel,2021,52255.6159050999
Israel,2022,54930.7261602593
Israel,2023,52642.4267486308
Italy,2000,20190.0035636084
Italy,2001,20571.4787737914
Italy,2002,22463.5222129968
Italy,2003,27618.9417740066
Italy,2004,31425.8208728669
Italy,2005,32171.793374715
Italy,2006,33684.7200358552
Italy,2007,38031.9709472716
Italy,2008,41095.4063415012
Italy,2009,37388.4537139699
Italy,2010,36184.7118698678
Italy,2011,38851.3881339353
Italy,2012,35235.7989058242
Italy,2013,35747.707952689
Italy,2014,35750.7197500382
Italy,2015,30387.1293187854
Italy,2016,31126.3246947273
Italy,2017,32554.14668453
Italy,2018,34746.3441392416
Italy,2019,33812.788724868
Italy,2020,32091.4866621366
Italy,2021,36852.5425414951
Italy,2022,35635.7442204098
Italy,2023,39003.3160954123
Ivory Coast,2000,936.636541348798
Ivory Coast,2001,924.727294962066
Ivory Coast,2002,967.815864415991
Ivory Coast,2003,1111.17135087887
Ivory Coast,2004,1199.82524528546
Ivory Coast,2005,1197.74616979415
Ivory Coast,2006,1230.43056838584
Ivory Coast,2007,1367.53817722326
Ivory Coast,2008,1583.97066701372
Ivory Coast,2009,1540.45393569596
Ivory Coast,2010,1553.54887048143
Ivory Coast,2011,1596.62826565998
Ivory Coast,2012,1546.9460184731
Ivory Coast,2013,1786.15862031324
Ivory Coast,2014,1991.36539423404
Ivory Coast,2015,1814.71855088017
Ivory Coast,2016,1862.59597081287
Ivory Coast,2017,1964.29930338343
Ivory Coast,2018,2130.86619381144
Ivory Coast,2019,2141.76836170115
Ivory Coast,2020,2179.72934832935
Ivory Coast,2021,2455.98127641148
Ivory Coast,2022,2308.70654660366
Ivory Coast,2023,2530.84659301723
Jamaica,2000,3453.09252800226
Jamaica,2001,3503.55026688858
Jamaica,2002,3680.64551727724
Jamaica,2003,3549.70758394618
Jamaica,2004,3807.56293124552
Jamaica,2005,4184.43974867497
Jamaica,2006,4417.00127135363
Jamaica,2007,4716.48612542727
Jamaica,2008,5029.80095281745
Jamaica,2009,4428.38153333557
Jamaica,2010,4809.977380312
Jamaica,2011,5232.63644918132
Jamaica,2012,5340.83333232158
Jamaica,2013,5124.21301411137
Jamaica,2014,4975.11326954633
Jamaica,2015,5062.89556466908
Jamaica,2016,5009.79450059092
Jamaica,2017,5259.31334136812
Jamaica,2018,5578.10346083169
Jamaica,2019,5607.24300668501
Jamaica,2020,4879.44024631319
Jamaica,2021,5165.33780988607
Jamaica,2022,6022.15341099999
Jamaica,2023,6839.72503886968
Japan,2000,39169.3595701504
Japan,2001,34406.1824638092
Japan,2002,32820.7936433254
Japan,2003,35387.0374203599
Japan,2004,38298.9801712303
Japan,2005,37812.8950199948
Japan,2006,35991.546002862
Japan,2007,35779.0245416427
Japan,2008,39876.3039685725
Japan,2009,41308.9968370512
Japan,2010,44968.1562349739
Japan,2011,48760.0789494211
Japan,2012,49145.2804308193
Japan,2013,40898.6478964744
Japan,2014,38475.3952461838
Japan,2015,34960.6393843385
Japan,2016,39375.4731620781
Japan,2017,38834.0529341227
Japan,2018,39751.1330982711
Japan,2019,40415.9567649547
Japan,2020,40040.7655055923
Japan,2021,40058.5373276179
Japan,2022,34017.2718075024
Japan,2023,33766.5268253808
Jordan,2000,1570.61002940477
Jordan,2001,1632.29454010563
Jordan,2002,1706.26744384401
Jordan,2003,1775.67625581432
Jordan,2004,1940.08641342805
Jordan,2005,2087.87079273635
Jordan,2006,2342.63459574933
Jordan,2007,2506.20599484139
Jordan,2008,3241.6524135556
Jordan,2009,3435.8337590698
Jordan,2010,3718.46571622945
Jordan,2011,3946.85503855525
Jordan,2012,4169.50470054618
Jordan,2013,4311.21916713038
Jordan,2014,4191.18050084986
Jordan,2015,4042.75678097555
Jordan,2016,3986.71677010853
Jordan,2017,4065.61628749384
Jordan,2018,4145.43989673265
Jordan,2019,4170.1144003465
Jordan,2020,4022.0401356135
Jordan,2021,4183.49998326866
Jordan,2022,4332.25159897931
Jordan,2023,4455.50540514568
Kazakhstan,2000,1180.0444563226
Kazakhstan,2001,1422.27331810957
Kazakhstan,2002,1573.55219932325
Kazakhstan,2003,1958.02050246511
Kazakhstan,2004,2722.47407755402
Kazakhstan,2005,3577.35804001782
Kazakhstan,2006,5030.13494711519
Kazakhstan,2007,6449.43931096532
Kazakhstan,2008,8123.54705891736
Kazakhstan,2009,6938.01175663001
Kazakhstan,2010,8793.07589980782
Kazakhstan,2011,11287.1464926039
Kazakhstan,2012,12018.7966527993
Kazakhstan,2013,13478.459627612
Kazakhstan,2014,12427.7094576939
Kazakhstan,2015,10196.1226255982
Kazakhstan,2016,7475.56688689424
Kazakhstan,2017,8943.08416791984
Kazakhstan,2018,9472.48527327758
Kazakhstan,2019,9457.12614657136
Kazakhstan,2020,8781.50797787648
Kazakhstan,2021,9983.60103576902
Kazakhstan,2022,11255.3396437881
Kazakhstan,2023,12918.8661346014
Kenya,2000,414.626365130846
Kenya,2001,410.700452474814
Kenya,2002,402.936385605382
Kenya,2003,442.898457253405
Kenya,2004,463.662781300121
Kenya,2005,523.456312433863
Kenya,2006,699.80237063381
Kenya,2007,840.201439476765
Kenya,2008,915.54435473604
Kenya,2009,1047.9678324485
Kenya,2010,1091.51873101194
Kenya,2011,1096.14499807675
Kenya,2012,1285.00536171512
Kenya,2013,1370.87885214659
Kenya,2014,1482.81566253497
Kenya,2015,1489.11959777284
Kenya,2016,1554.12610314423
Kenya,2017,1667.48447230835
Kenya,2018,1836.45275528993
Kenya,2019,1960.40808854893
Kenya,2020,1927.66459027849
Kenya,2021,2061.35622089594
Kenya,2022,2109.56288513137
Kenya,2023,1952.30457929636
Kosovo,2008,2877.39331402724
Kosovo,2009,2794.86699473069
Kosovo,2010,2987.54519574464
Kosovo,2011,3538.94759838576
Kosovo,2012,3410.65550749316
Kosovo,2013,3704.55872781672
Kosovo,2014,3902.49424360946
Kosovo,2015,3520.62850699375
Kosovo,2016,3759.44959067104
Kosovo,2017,4009.31799347588
Kosovo,2018,4384.18624084947
Kosovo,2019,4415.99716107514
Kosovo,2020,4310.88824737367
Kosovo,2021,5270.42670206205
Kosovo,2022,5290.94747224687
Kosovo,2023,5960.15820477447
Kuwait,2000,19296.3471698729
Kuwait,2001,17374.2318664227
Kuwait,2002,18512.7523035862
Kuwait,2003,22690.655175144
Kuwait,2004,27552.2827399787
Kuwait,2005,36122.6142741227
Kuwait,2006,42946.6374104066
Kuwait,2007,45709.4132876371
Kuwait,2008,55585.1889344442
Kuwait,2009,37907.1001320042
Kuwait,2010,39212.2726673435
Kuwait,2011,49169.6063983139
Kuwait,2012,52155.2225460479
Kuwait,2013,49651.0439709448
Kuwait,2014,44368.781373043
Kuwait,2015,29882.2126867068
Kuwait,2016,27323.6890643847
Kuwait,2017,29047.6535822842
Kuwait,2018,32067.9623689512
Kuwait,2019,31707.8737464917
Kuwait,2020,25236.0755520534
Kuwait,2021,34043.542153557
Kuwait,2022,40077.238047746
Kuwait,2023,33729.7985494456
Kyrgyzstan,2000,279.621767006739
Kyrgyzstan,2001,308.411326685178
Kyrgyzstan,2002,321.726775366804
Kyrgyzstan,2003,380.505828812441
Kyrgyzstan,2004,433.233915720699
Kyrgyzstan,2005,476.548239793618
Kyrgyzstan,2006,543.113512472219
Kyrgyzstan,2007,721.771646044636
Kyrgyzstan,2008,966.388569370494
Kyrgyzstan,2009,870.198894546917
Kyrgyzstan,2010,876.954476440354
Kyrgyzstan,2011,1117.40184423062
Kyrgyzstan,2012,1168.62244675446
Kyrgyzstan,2013,1269.66303464348
Kyrgyzstan,2014,1264.52679529608
Kyrgyzstan,2015,1105.65202996955
Kyrgyzstan,2016,1103.27498361324
Kyrgyzstan,2017,1221.39056490366
Kyrgyzstan,2018,1283.52040333083
Kyrgyzstan,2019,1421.99927504102
Kyrgyzstan,2020,1229.51775742135
Kyrgyzstan,2021,1349.99730650542
Kyrgyzstan,2022,1739.72030814894
Kyrgyzstan,2023,1970.15780961839
Latvia,2000,3278.17896440803
Latvia,2001,3504.61829462397
Latvia,2002,4003.60935783538
Latvia,2003,4914.57992829302
Latvia,2004,6109.73265186817
Latvia,2005,7283.78738127622
Latvia,2006,9211.7374468148
Latvia,2007,13370.9789452508
Latvia,2008,15677.6080864506
Latvia,2009,11996.0322729773
Latvia,2010,11188.4191700977
Latvia,2011,12902.574053337
Latvia,2012,13329.3499931271
Latvia,2013,14484.4715282132
Latvia,2014,15185.814581236
Latvia,2015,13321.9753140616
Latvia,2016,13838.5266823272
Latvia,2017,15132.4958333982
Latvia,2018,17252.1710428626
Latvia,2019,17294.9751600969
Latvia,2020,17564.2321549354
Latvia,2021,20262.8433862451
Latvia,2022,20229.4613617326
Latvia,2023,22502.8429938094
Liechtenstein,2000,76087.911114202
Liechtenstein,2001,75067.8001680043
Liechtenstein,2002,79795.1785891101
Liechtenstein,2003,90108.3673647008
Liechtenstein,2004,100280.831356705
Liechtenstein,2005,105295.057027611
Liechtenstein,2006,114167.939211301
Liechtenstein,2007,130492.595349517
Liechtenstein,2008,143249.227302093
Liechtenstein,2009,126024.714567466
Liechtenstein,2010,141089.812849014
Liechtenstein,2011,158066.369379163
Liechtenstein,2012,148842.035144342
Liechtenstein,2013,172823.607794648
Liechtenstein,2014,178735.153020908
Liechtenstein,2015,167187.15730982
Liechtenstein,2016,165375.491396259
Liechtenstein,2017,170547.092298954
Liechtenstein,2018,174988.775083446
Liechtenstein,2019,166907.839305016
Liechtenstein,2020,164671.093553454
Liechtenstein,2021,196783.729414593
Liechtenstein,2022,186400.23376784
Lithuania,2000,3300.63634928559
Lithuania,2001,3532.52787363242
Lithuania,2002,4148.13091485015
Lithuania,2003,5507.47434187652
Lithuania,2004,6734.57487061946
Lithuania,2005,7857.03148786492
Lithuania,2006,9210.10118229413
Lithuania,2007,12295.1212779366
Lithuania,2008,14955.5345462921
Lithuania,2009,11854.3711053096
Lithuania,2010,11829.122609457
Lithuania,2011,14261.8433787325
Lithuania,2012,14294.7178607152
Lithuania,2013,15655.3513307327
Lithuania,2014,16473.5678231709
Lithuania,2015,14300.2553666736
Lithuania,2016,14981.6208126311
Lithuania,2017,16884.7100319318
Lithuania,2018,19368.5391045353
Lithuania,2019,19727.7607453736
Lithuania,2020,20541.824988603
Lithuania,2021,23934.728489916
Lithuania,2022,25085.784063499
Lithuania,2023,27786.0057829276
Malaysia,2000,4083.52874483605
Malaysia,2001,3943.79943910239
Malaysia,2002,4184.03163773539
Malaysia,2003,4465.32194567208
Malaysia,2004,4939.24851854427
Malaysia,2005,5555.58179951206
Malaysia,2006,6158.40785533236
Malaysia,2007,7168.93031942508
Malaysia,2008,8371.82156086005
Malaysia,2009,7191.43287234626
Malaysia,2010,8899.34505544675
Malaysia,2011,10217.1068585031
Malaysia,2012,10600.5744240026
Malaysia,2013,10713.6407638899
Malaysia,2014,11013.3107334403
Malaysia,2015,9648.6797937523
Malaysia,2016,9476.53409809923
Malaysia,2017,9862.54806612235
Malaysia,2018,10901.8019954421
Malaysia,2019,10920.191763972
Malaysia,2020,9957.52626697613
Malaysia,2021,10903.1116425938
Malaysia,2022,11748.0919307944
Malaysia,2023,11379.0861000632
Mauritius,2000,3981.98343249582
Mauritius,2001,3908.55694927435
Mauritius,2002,4073.06053055903
Mauritius,2003,4858.26575549747
Mauritius,2004,5460.60800184198
Mauritius,2005,5354.02974260642
Mauritius,2006,5695.97525509869
Mauritius,2007,6574.6635764099
Mauritius,2008,8030.05228087539
Mauritius,2009,7318.12640972422
Mauritius,2010,8000.37643182154
Mauritius,2011,9197.04299089459
Mauritius,2012,9291.23627601053
Mauritius,2013,9764.64413060045
Mauritius,2014,10366.3550754936
Mauritius,2015,9507.87133656424
Mauritius,2016,9965.72531085228
Mauritius,2017,10841.6847754844
Mauritius,2018,11643.4605962124
Mauritius,2019,11403.2527870674
Mauritius,2020,9011.04288445023
Mauritius,2021,9068.97300226707
Mauritius,2022,10239.7970461095
Mauritius,2023,11613.0441587588
Mexico,2000,7524.02713693678
Mexico,2001,7952.7647961764
Mexico,2002,7983.03398483743
Mexico,2003,7434.0746485155
Mexico,2004,7849.66759649565
Mexico,2005,8671.75891885163
Mexico,2006,9512.63575346699
Mexico,2007,10134.3327138119
Mexico,2008,10523.7685403244
Mexico,2009,8423.56933214711
Mexico,2010,9728.80078377082
Mexico,2011,10664.4944032313
Mexico,2012,10744.1335242686
Mexico,2013,11216.8008505428
Mexico,2014,11391.3773497683
Mexico,2015,10021.2386118827
Mexico,2016,9097.92397674769
Mexico,2017,9649.27816772402
Mexico,2018,10084.7937562021
Mexico,2019,10369.5553568761
Mexico,2020,8841.27075003163
Mexico,2021,10314.0506741437
Mexico,2022,11385.4070757929
Mexico,2023,13790.0243428344
Moldova,2000,440.538683980372
Moldova,2001,507.404076252819
Moldova,2002,570.799866188293
Moldova,2003,682.319095965299
Moldova,2004,897.178494749468
Moldova,2005,1034.39197746993
Moldova,2006,1183.02481442894
Moldova,2007,1531.21618590748
Moldova,2008,2110.55305353857
Moldova,2009,1898.43975710988
Moldova,2010,2436.79935102421
Moldova,2011,2941.36224066021
Moldova,2012,3044.8084324815
Moldova,2013,3321.04397795719
Moldova,2014,3289.95758568777
Moldova,2015,2749.55137054338
Moldova,2016,2847.08794770479
Moldova,2017,3453.26727720294
Moldova,2018,4156.44981956646
Moldova,2019,4405.33418162155
Moldova,2020,4375.7788930524
Moldova,2021,5274.60582195352
Moldova,2022,5738.42473515618
Moldova,2023,6729.41286813969
Mongolia,2000,476.02755082717
Mongolia,2001,524.453483552485
Mongolia,2002,570.249213248399
Mongolia,2003,643.168068921658
Mongolia,2004,794.154552001815
Mongolia,2005,994.90010913241
Mongolia,2006,1329.89179579053
Mongolia,2007,1627.68787743359
Mongolia,2008,2127.42678594737
Mongolia,2009,1703.32756790019
Mongolia,2010,2625.21881402433
Mongolia,2011,3736.04201455077
Mongolia,2012,4328.89001905655
Mongolia,2013,4340.14310544449
Mongolia,2014,4126.23975800524
Mongolia,2015,3838.92126989984
Mongolia,2016,3619.90026383792
Mongolia,2017,3645.96708669551
Mongolia,2018,4107.64288528468
Mongolia,2019,4347.54610314873
Mongolia,2020,4001.25193077703
Mongolia,2021,4517.61578018785
Mongolia,2022,4993.51487463495
Mongolia,2023,5838.63108083902
Montenegro,2000,1627.06511911987
Montenegro,2001,1909.59870186179
Montenegro,2002,2106.6350684523
Montenegro,2003,2789.15906483509
Montenegro,2004,3380.16512135859
Montenegro,2005,3674.6179242797
Montenegro,2006,4425.67887307803
Montenegro,2007,5976.39414454596
Montenegro,2008,7367.75190910882
Montenegro,2009,6727.10776676969
Montenegro,2010,6688.40259641346
Montenegro,2011,7328.78943085498
Montenegro,2012,6586.39970256684
Montenegro,2013,7188.86361611271
Montenegro,2014,7387.87296917548
Montenegro,2015,6517.19267514764
Montenegro,2016,7033.43962398373
Montenegro,2017,7803.35824465203
Montenegro,2018,8850.3749248372
Montenegro,2019,8909.6538759126
Montenegro,2020,7677.37132106817
Montenegro,2021,9465.96153027794
Montenegro,2022,10093.4387007266
Montenegro,2023,12221.4775546967
Morocco,2000,1499.107421875
Morocco,2001,1506.24523925781
Morocco,2002,1596.02062988281
Morocco,2003,1941.87255859375
Morocco,2004,2183.55541992188
Morocco,2005,2242.98828125
Morocco,2006,2438.12646484375
Morocco,2007,2755.5859375
Morocco,2008,3183.20043945313
Morocco,2009,3119.58862304688
Morocco,2010,3067.9853515625
Morocco,2011,3301.98876953125
Morocco,2012,3164.17724609375
Morocco,2013,3379.7431640625
Morocco,2014,3435.40698242188
Morocco,2015,3146.24780273438
Morocco,2016,3140.85546875
Morocco,2017,3296.52661132813
Morocco,2018,3501.69799804688
Morocco,2019,3508.09765625
Morocco,2020,3268.0302734375
Morocco,2021,3785.93627929688
Morocco,2022,3455.39624023438
Morocco,2023,3771.4462890625
Mozambique,2000,327.12623979157
Mozambique,2001,304.792138621913
Mozambique,2002,313.886661721198
Mozambique,2003,339.488737800648
Mozambique,2004,400.056973161545
Mozambique,2005,436.773856167384
Mozambique,2006,457.487647833183
Mozambique,2007,507.874923914304
Mozambique,2008,592.159111184122
Mozambique,2009,547.697144193651
Mozambique,2010,496.185839392659
Mozambique,2011,618.17649286789
Mozambique,2012,685.685748199513
Mozambique,2013,686.505672517351
Mozambique,2014,697.142680444123
Mozambique,2015,610.563774706589
Mozambique,2016,441.489734819071
Mozambique,2017,470.93856305196
Mozambique,2018,517.507260258101
Mozambique,2019,519.09255091362
Mozambique,2020,462.433876479921
Mozambique,2021,509.907829475551
Mozambique,2022,578.251663751351
Mozambique,2023,622.985619320596
Namibia,2000,2156.67590512714
Namibia,2001,1915.58926594875
Namibia,2002,1772.07565537493
Namibia,2003,2569.24739317883
Namibia,2004,3403.15496192955
Namibia,2005,3685.77299991587
Namibia,2006,4017.1834716928
Namibia,2007,4379.04313682732
Namibia,2008,4204.78555422749
Namibia,2009,4302.91374148376
Namibia,2010,5418.21633365814
Namibia,2011,5834.7917675794
Namibia,2012,5942.64680978673
Namibia,2013,5346.62131149967
Namibia,2014,5378.32326241205
Namibia,2015,4774.10650865775
Namibia,2016,4395.68776162376
Namibia,2017,5143.96072323076
Namibia,2018,5308.60813408705
Namibia,2019,4731.9210318831
Namibia,2020,3878.58982993966
Namibia,2021,4412.8355693052
Namibia,2022,4349.04532248966
Namibia,2023,4168.28521087347
Netherlands,2000,26225.1697734149
Netherlands,2001,26955.7128032278
Netherlands,2002,29446.5330872868
Netherlands,2003,35896.7504630706
Netherlands,2004,40611.3414353091
Netherlands,2005,42165.396168388
Netherlands,2006,45123.5432406426
Netherlands,2007,52100.7996285947
Netherlands,2008,58246.7026905874
Netherlands,2009,53172.0261581418
Netherlands,2010,51305.7338533973
Netherlands,2011,54701.7728030611
Netherlands,2012,50473.9442002689
Netherlands,2013,52602.2860520766
Netherlands,2014,53457.2234864322
Netherlands,2015,45793.8135434697
Netherlands,2016,46808.5291492503
Netherlands,2017,49513.6817346384
Netherlands,2018,53955.0770024266
Netherlands,2019,53554.9007491475
Netherlands,2020,53467.9277413737
Netherlands,2021,60141.9880911492
Netherlands,2022,59123.318556487
Netherlands,2023,64572.0059558854
New Zealand,2000,13641.1027183822
New Zealand,2001,13882.8568268586
New Zealand,2002,16874.1874918196
New Zealand,2003,21913.7081719961
New Zealand,2004,25420.234882944
New Zealand,2005,27751.0654708859
New Zealand,2006,26654.5932018985
New Zealand,2007,32479.9817381467
New Zealand,2008,31252.9625640673
New Zealand,2009,28209.3623271229
New Zealand,2010,33676.7741239925
New Zealand,2011,38388.5280906616
New Zealand,2012,39974.2997334925
New Zealand,2013,42977.388040868
New Zealand,2014,44578.2253868016
New Zealand,2015,38639.3501941427
New Zealand,2016,40070.8956577431
New Zealand,2017,42913.186956185
New Zealand,2018,43228.6976473771
New Zealand,2019,42747.2099299966
New Zealand,2020,41785.6922905898
New Zealand,2021,49624.1816729553
New Zealand,2022,48216.5095836302
New Zealand,2023,48280.8114166238
Niger,2000,194.771959898935
Niger,2001,205.417936120931
Niger,2002,225.294391147438
Niger,2003,265.225363452469
Niger,2004,283.468281798296
Niger,2005,318.643121918273
Niger,2006,333.345078419447
Niger,2007,387.168065883301
Niger,2008,475.044955398162
Niger,2009,461.131533961487
Niger,2010,474.425692340831
Niger,2011,510.75956176268
Niger,2012,528.510104469655
Niger,2013,552.103334363117
Niger,2014,565.30989731175
Niger,2015,485.662574175279
Niger,2016,502.706475406446
Niger,2017,521.804130023434
Niger,2018,578.568035680892
Niger,2019,561.691304349698
Niger,2020,579.512495758236
Niger,2021,608.722439593808
Niger,2022,609.745147574878
Niger,2023,642.937917863471
Nigeria,2000,547.318298903379
Nigeria,2001,566.428231812933
Nigeria,2002,712.164852077686
Nigeria,2003,763.388745367223
Nigeria,2004,962.48104194733
Nigeria,2005,1211.37703504386
Nigeria,2006,1599.53891556365
Nigeria,2007,1815.52697545827
Nigeria,2008,2154.10543545364
Nigeria,2009,1820.48633854782
Nigeria,2010,2202.25672957344
Nigeria,2011,2418.41316975875
Nigeria,2012,2633.19734671361
Nigeria,2013,2872.79083379398
Nigeria,2014,3088.72131316169
Nigeria,2015,2585.73360671797
Nigeria,2016,2070.4127339595
Nigeria,2017,1876.34027111773
Nigeria,2018,2057.87944554011
Nigeria,2019,2265.15520863056
Nigeria,2020,2019.65706326224
Nigeria,2021,2017.27486481527
Nigeria,2022,2139.37478476974
Nigeria,2023,1596.63696129001
North Macedonia,2000,1861.89899780644
North Macedonia,2001,1823.02267682636
North Macedonia,2002,1989.13537265159
North Macedonia,2003,2445.36286400013
North Macedonia,2004,2818.5814561242
North Macedonia,2005,3120.98401394233
North Macedonia,2006,3440.4411057968
North Macedonia,2007,4204.11328760452
North Macedonia,2008,5026.4202989873
North Macedonia,2009,4799.78722768888
North Macedonia,2010,4833.36586759968
North Macedonia,2011,5416.86672931659
North Macedonia,2012,5049.8265386157
North Macedonia,2013,5626.26115664893
North Macedonia,2014,5925.38592218015
North Macedonia,2015,5262.68671928674
North Macedonia,2016,5598.48622617967
North Macedonia,2017,5955.2973863451
North Macedonia,2018,6713.98925398989
North Macedonia,2019,6718.85826635458
North Macedonia,2020,6659.59651070776
North Macedonia,2021,7620.80296977508
North Macedonia,2022,7606.2375253797
North Macedonia,2023,8624.29360948531
Norway,2000,38178.2368777076
Norway,2001,38601.897639231
Norway,2002,43170.557174499
Norway,2003,50250.3298214345
Norway,2004,57768.6980958462
Norway,2005,67047.1704558264
Norway,2006,74434.4996835671
Norway,2007,85502.2677087731
Norway,2008,97503.5407803783
Norway,2009,80347.5700665184
Norway,2010,88163.2085931423
Norway,2011,101221.813476644
Norway,2012,102175.919298374
Norway,2013,103553.840134417
Norway,2014,97666.6951838749
Norway,2015,74809.9658049898
Norway,2016,70867.3609970749
Norway,2017,76131.8384032764
Norway,2018,82792.8427113304
Norway,2019,76430.5889473338
Norway,2020,68340.0181033702
Norway,2021,93072.8925119571
Norway,2022,108798.451165901
Norway,2023,87925.0944188399
Pakistan,2000,642.338346499898
Pakistan,2001,609.939506905073
Pakistan,2002,599.937345723927
Pakistan,2003,672.44178669894
Pakistan,2004,771.902247348954
Pakistan,2005,827.619861189926
Pakistan,2006,900.873564984808
Pakistan,2007,998.090114197524
Pakistan,2008,1067.04324565284
Pakistan,2009,963.788066395225
Pakistan,2010,987.304571124485
Pakistan,2011,1131.73513834324
Pakistan,2012,1204.36475491585
Pakistan,2013,1225.4340119198
Pakistan,2014,1266.61340849959
Pakistan,2015,1380.47020838317
Pakistan,2016,1424.69161195897
Pakistan,2017,1519.23459514248
Pakistan,2018,1569.33814626355
Pakistan,2019,1390.41690981745
Pakistan,2020,1278.39735206896
Pakistan,2021,1455.31922370186
Pakistan,2022,1538.3228133171
Pakistan,2023,1365.27743222493
Panama,2000,3975.09308659503
Panama,2001,3991.7767076924
Panama,2002,4090.58617397129
Panama,2003,4264.66428846636
Panama,2004,4644.56582353041
Panama,2005,5017.7410922824
Panama,2006,5528.76705469354
Panama,2007,6317.81730274124
Panama,2008,7347.59050324397
Panama,2009,7796.92617035048
Panama,2010,8331.46421351868
Panama,2011,9662.29592216607
Panama,2012,11064.8063606203
Panama,2013,12273.3225037637
Panama,2014,13213.1989637473
Panama,2015,14082.6548502728
Panama,2016,14832.3611608191
Panama,2017,15694.6297454295
Panama,2018,16151.3273478476
Panama,2019,16477.9066285687
Panama,2020,13290.5608347594
Panama,2021,15509.8069109784
Panama,2022,17332.4360742988
Panama,2023,18686.4050961265
Paraguay,2000,1736.11729210765
Paraguay,2001,1637.68615122932
Paraguay,2002,1367.76506935997
Paraguay,2003,1443.99885236205
Paraguay,2004,1786.21533938543
Paraguay,2005,1970.87169852378
Paraguay,2006,2439.43124694576
Paraguay,2007,3211.93621659546
Paraguay,2008,4384.9546943793
Paraguay,2009,3941.84815479271
Paraguay,2010,4750.96273669322
Paraguay,2011,5805.40154543044
Paraguay,2012,5642.1699167298
Paraguay,2013,6435.68342733182
Paraguay,2014,6652.25478942291
Paraguay,2015,5879.33792308671
Paraguay,2016,5775.1596339946
Paraguay,2017,6152.26711537703
Paraguay,2018,6258.44991640954
Paraguay,2019,5821.18199548637
Paraguay,2020,5365.47220721191
Paraguay,2021,5976.9317978996
Paraguay,2022,6205.62595379319
Paraguay,2023,6276.35113919957
Peru,2000,1945.41338451698
Peru,2001,1929.57273038846
Peru,2002,2007.37019626753
Peru,2003,2129.44114197634
Peru,2004,2397.25147277714
Peru,2005,2706.66947297608
Peru,2006,3129.55996496982
Peru,2007,3581.0893081917
Peru,2008,4197.58444634142
Peru,2009,4181.18755462253
Peru,2010,5072.11494019615
Peru,2011,5861.35793645245
Peru,2012,6519.37852981527
Peru,2013,6746.80025696601
Peru,2014,6667.13410360861
Peru,2015,6231.71150338894
Peru,2016,6217.03599995447
Peru,2017,6736.16693725487
Peru,2018,6978.49121548627
Peru,2019,7037.00803692604
Peru,2020,6133.32552410183
Peru,2021,6826.9720069846
Peru,2022,7363.27206939639
Peru,2023,7906.58502858
Philippines,2000,1050.79272954492
Philippines,2001,969.530611744453
Philippines,2002,1014.90879320106
Philippines,2003,1027.2301192843
Philippines,2004,1099.63013023758
Philippines,2005,1220.46018559867
Philippines,2006,1426.14649179546
Philippines,2007,1712.65543282793
Philippines,2008,1959.29233534978
Philippines,2009,1864.45043406471
Philippines,2010,2162.91375885614
Philippines,2011,2383.91892526787
Philippines,2012,2614.61644410764
Philippines,2013,2781.27957670473
Philippines,2014,2866.83803767919
Philippines,2015,2909.85818014474
Philippines,2016,2985.19564020101
Philippines,2017,3038.12124955619
Philippines,2018,3168.51036606257
Philippines,2019,3400.78949772302
Philippines,2020,3227.57910235199
Philippines,2021,3484.38593882819
Philippines,2022,3548.06930572116
Philippines,2023,3804.8725797521
Poland,2000,4520.64100449111
Poland,2001,5015.23790036613
Poland,2002,5223.45178967082
Poland,2003,5720.81366178104
Poland,2004,6711.72715262967
Poland,2005,8043.92332253757
Poland,2006,9068.85528307627
Poland,2007,11272.5293683383
Poland,2008,14048.5604672654
Poland,2009,11556.3026866026
Poland,2010,12567.7317676382
Poland,2011,13867.6669408192
Poland,2012,13087.420943321
Poland,2013,13621.9023794031
Poland,2014,14262.2841914116
Poland,2015,12637.5220324406
Poland,2016,12464.0110508476
Poland,2017,13913.3402919927
Poland,2018,15658.2120316794
Poland,2019,15874.5220531254
Poland,2020,15987.5753654045
Poland,2021,18635.5104895754
Poland,2022,18891.2121169279
Poland,2023,22056.6661704127
Portugal,2000,11526.3720667968
Portugal,2001,11734.7649743954
Portugal,2002,12936.6928204482
Portugal,2003,15797.7821340276
Portugal,2004,18064.1580932987
Portugal,2005,18780.12751241
Portugal,2006,19839.4540499032
Portugal,2007,22811.0564844365
Portugal,2008,24949.0413566739
Portugal,2009,23151.2154130712
Portugal,2010,22551.935098809
Portugal,2011,23246.5425416481
Portugal,2012,20593.4274224109
Portugal,2013,21676.4859642714
Portugal,2014,22120.6850127107
Portugal,2015,19215.7813014347
Portugal,2016,19980.2808866516
Portugal,2017,21442.3842768879
Portugal,2018,23541.1401075289
Portugal,2019,23343.3628970034
Portugal,2020,22299.4044062173
Portugal,2021,24711.4510062111
Portugal,2022,24620.519556875
Portugal,2023,27331.2094945255
Puerto Rico,2000,16192.1269719638
Puerto Rico,2001,18123.1987019918
Puerto Rico,2002,18731.4593897378
Puerto Rico,2003,19557.1202492358
Puerto Rico,2004,20988.9923326534
Puerto Rico,2005,21959.322696986
Puerto Rico,2006,22935.9411586313
Puerto Rico,2007,23664.8823485096
Puerto Rico,2008,24898.3345857045
Puerto Rico,2009,25768.7258883384
Puerto Rico,2010,26435.74878578
Puerto Rico,2011,27278.8830499205
Puerto Rico,2012,27944.7338937424
Puerto Rico,2013,28513.1657351067
Puerto Rico,2014,28981.4573305866
Puerto Rico,2015,29763.4883013861
Puerto Rico,2016,30627.1634017011
Puerto Rico,2017,31108.7527508912
Puerto Rico,2018,31615.0667918433
Puerto Rico,2019,32916.866800639
Puerto Rico,2020,31427.4291136799
Puerto Rico,2021,32619.250416757
Puerto Rico,2022,35268.0791015719
Puerto Rico,2023,36779.0594913858
Qatar,2000,27535.182940934
Qatar,2001,25870.7991864314
Qatar,2002,27226.6593510117
Qatar,2003,31602.470865136
Qatar,2004,41035.5008380177
Qatar,2005,53949.6764091147
Qatar,2006,62582.4453138755
Qatar,2007,65954.3419525051
Qatar,2008,80781.4039187792
Qatar,2009,60785.7351551657
Qatar,2010,77387.3267885308
Qatar,2011,103261.506539346
Qatar,2012,108470.378825036
Qatar,2013,103697.008372373
Qatar,2014,95840.6310094498
Qatar,2015,68985.2946961507
Qatar,2016,61253.6375482797
Qatar,2017,63279.8556949332
Qatar,2018,71039.8490579352
Qatar,2019,66841.3013472693
Qatar,2020,51683.5054353851
Qatar,2021,71751.8831234838
Qatar,2022,88701.463350036
Qatar,2023,80195.874646942
Romania,2000,1659.92904910528
Romania,2001,1825.19299373184
Romania,2002,2119.85509684554
Romania,2003,2679.40626016154
Romania,2004,3494.99056448955
Romania,2005,4618.00350802913
Romania,2006,5757.53127301178
Romania,2007,8360.33775916596
Romania,2008,10435.1561230787
Romania,2009,8548.4543409242
Romania,2010,8399.5374234284
Romania,2011,9560.6755277458
Romania,2012,8929.95366231474
Romania,2013,9497.67411615237
Romania,2014,10031.7710755404
Romania,2015,8977.01748158196
Romania,2016,9404.54005870715
Romania,2017,10727.9822007426
Romania,2018,12502.2624061935
Romania,2019,12992.0326104674
Romania,2020,13082.3006559554
Romania,2021,14986.7854904274
Romania,2022,15557.8826247584
Romania,2023,18404.2730871704
Russian Olympic Committee,2000,1771.59411621094
Russian Olympic Committee,2001,2100.3525390625
Russian Olympic Committee,2002,2377.52954101563
Russian Olympic Committee,2003,2975.123046875
Russian Olympic Committee,2004,4102.36474609375
Russian Olympic Committee,2005,5323.455078125
Russian Olympic Committee,2006,6920.19970703125
Russian Olympic Committee,2007,9101.2392578125
Russian Olympic Committee,2008,11635.2841796875
Russian Olympic Committee,2009,8562.82421875
Russian Olympic Committee,2010,10674.990234375
Russian Olympic Committee,2011,14305.33203125
Russian Olympic Committee,2012,15401.8515625
Russian Olympic Committee,2013,15941.4482421875
Russian Olympic Committee,2014,14055.47265625
Russian Olympic Committee,2015,9277.7138671875
Russian Olympic Committee,2016,8663.158203125
Russian Olympic Committee,2017,10658.9130859375
Russian Olympic Committee,2018,11211.8876953125
Russian Olympic Committee,2019,11447.701171875
Russian Olympic Committee,2020,10108.3271484375
Russian Olympic Committee,2021,12521.5224609375
Russian Olympic Committee,2022,15445.2421875
Russian Olympic Committee,2023,13817.0458984375
Saint Lucia,2000,5879.56191426207
Saint Lucia,2001,5570.45247098106
Saint Lucia,2002,5567.89428424719
Saint Lucia,2003,6058.60622059326
Saint Lucia,2004,6494.60034867886
Saint Lucia,2005,6863.43641919345
Saint Lucia,2006,7611.17856675319
Saint Lucia,2007,7964.38211480117
Saint Lucia,2008,8516.96075488787
Saint Lucia,2009,8250.52180732734
Saint Lucia,2010,8673.68720340529
Saint Lucia,2011,9128.99442011613
Saint Lucia,2012,9260.30006551714
Saint Lucia,2013,9576.23463377087
Saint Lucia,2014,10044.8218377677
Saint Lucia,2015,10334.9225558425
Saint Lucia,2016,10638.1901982143
Saint Lucia,2017,11333.1963940441
Saint Lucia,2018,11642.7403185172
Saint Lucia,2019,11794.2056521711
Saint Lucia,2020,8411.19941821204
Saint Lucia,2021,10459.1321248092
Saint Lucia,2022,13103.7621654634
Saint Lucia,2023,13554.6651875402
Samoa,2000,1424.75240002471
Samoa,2001,1453.87021324606
Samoa,2002,1527.55790455937
Samoa,2003,1798.12429714048
Samoa,2004,2189.26042607992
Samoa,2005,2550.04221437511
Samoa,2006,2663.29135939532
Samoa,2007,3038.61904093377
Samoa,2008,3373.60639884263
Samoa,2009,3279.18269477295
Samoa,2010,3524.2479246203
Samoa,2011,3821.50678264479
Samoa,2012,3934.60320799981
Samoa,2013,4023.5254013825
Samoa,2014,3982.68080202084
Samoa,2015,4084.36083819933
Samoa,2016,4147.07097674888
Samoa,2017,4307.59381964907
Samoa,2018,4231.81409469194
Samoa,2019,4351.94234943706
Samoa,2020,4099.6600907147
Samoa,2021,3947.64517905415
Samoa,2022,3869.46639492144
Samoa,2023,4330.17840531329
San Marino,2000,37600.7077379601
San Marino,2001,39035.1034290445
San Marino,2002,41790.8432718184
San Marino,2003,52529.9093701059
San Marino,2004,58232.0176184948
San Marino,2005,59877.8005839737
San Marino,2006,63270.7780755157
San Marino,2007,70124.4634385624
San Marino,2008,75902.1320521765
San Marino,2009,62428.9943269418
San Marino,2010,56543.1898204098
San Marino,2011,55601.3929703047
San Marino,2012,47945.8991734281
San Marino,2013,50807.8289138024
San Marino,2014,51260.4938347125
San Marino,2015,43146.8240435428
San Marino,2016,44359.4797662688
San Marino,2017,45192.0279766943
San Marino,2018,47950.6880557136
San Marino,2019,46627.0122356944
San Marino,2020,44426.6463400658
San Marino,2021,54168.9828262684
San Marino,2022,54264.570495898
Saudi Arabia,2000,11714.5623675159
Saudi Arabia,2001,10805.311325122
Saudi Arabia,2002,10586.0543471363
Saudi Arabia,2003,11487.220410693
Saudi Arabia,2004,13154.4978989446
Saudi Arabia,2005,15975.7473782258
Saudi Arabia,2006,17563.6145370639
Saudi Arabia,2007,18596.1502627898
Saudi Arabia,2008,22320.4888964331
Saudi Arabia,2009,17718.3911648365
Saudi Arabia,2010,22028.3790215788
Saudi Arabia,2011,26966.2941648251
Saudi Arabia,2012,28348.5730107499
Saudi Arabia,2013,27290.1978052614
Saudi Arabia,2014,27079.6733871148
Saudi Arabia,2015,22453.571552265
Saudi Arabia,2016,21515.6600083775
Saudi Arabia,2017,23081.2045336558
Saudi Arabia,2018,28036.0264674095
Saudi Arabia,2019,27892.8421521179
Saudi Arabia,2020,23271.4037647084
Saudi Arabia,2021,28396.0864182336
Saudi Arabia,2022,34454.1957708412
Saudi Arabia,2023,32093.9622984711
Serbia,2000,974.725469278615
Serbia,2001,1812.42088281393
Serbia,2002,2390.73459447107
Serbia,2003,3153.9011312754
Serbia,2004,3597.08798057009
Serbia,2005,3807.97417321786
Serbia,2006,4492.7136699046
Serbia,2007,6081.08765700202
Serbia,2008,7376.73517910716
Serbia,2009,6414.0448463847
Serbia,2010,5970.92660940072
Serbia,2011,7082.2861666075
Serbia,2012,6263.04086072815
Serbia,2013,7040.41812068781
Serbia,2014,6886.67809068704
Serbia,2015,5820.3215576888
Serbia,2016,5982.37030126471
Serbia,2017,6548.03653824187
Serbia,2018,7559.86165747394
Serbia,2019,7755.632986437
Serbia,2020,8098.70955668849
Serbia,2021,9680.52798074468
Serbia,2022,10022.9688543402
Serbia,2023,12281.5058488303
Singapore,2000,23852.8389514753
Singapore,2001,21699.7414868907
Singapore,2002,22159.8373710639
Singapore,2003,23730.3840054566
Singapore,2004,27608.080013423
Singapore,2005,29961.3172812732
Singapore,2006,33768.4528234651
Singapore,2007,39432.8860198877
Singapore,2008,40008.5720489092
Singapore,2009,38926.8054365453
Singapore,2010,47236.683084953
Singapore,2011,53891.4570264372
Singapore,2012,55547.5553077786
Singapore,2013,56967.4257940383
Singapore,2014,57564.8023114977
Singapore,2015,55645.6068614606
Singapore,2016,56899.9181805173
Singapore,2017,61162.0973932771
Singapore,2018,66840.6373389791
Singapore,2019,66081.7199235165
Singapore,2020,61466.803676358
Singapore,2021,79601.4129622433
Singapore,2022,88428.7024226232
Singapore,2023,84734.2559206054
Slovakia,2000,5421.6448441887
Slovakia,2001,5712.47802761654
Slovakia,2002,6554.62808369461
Slovakia,2003,8675.39633696465
Slovakia,2004,10650.1290097126
Slovakia,2005,11641.5410321763
Slovakia,2006,13167.8954730379
Slovakia,2007,16110.4817265237
Slovakia,2008,18744.3192278346
Slovakia,2009,16586.7527805228
Slovakia,2010,16899.448680529
Slovakia,2011,18469.4354316836
Slovakia,2012,17516.9691054078
Slovakia,2013,18312.7805149823
Slovakia,2014,18770.9289896545
Slovakia,2015,16442.0760860018
Slovakia,2016,16636.0769133073
Slovakia,2017,17645.5298716761
Slovakia,2018,19573.3717031314
Slovakia,2019,19406.0589683582
Slovakia,2020,19735.4858280801
Slovakia,2021,22138.1949833348
Slovakia,2022,21342.7666714692
Slovakia,2023,24491.3771867262
Slovenia,2000,10135.7219109212
Slovenia,2001,10375.6255869861
Slovenia,2002,11639.1297780477
Slovenia,2003,14711.674874253
Slovenia,2004,17103.8297783905
Slovenia,2005,17969.7095907161
Slovenia,2006,19563.005059144
Slovenia,2007,23725.1596001515
Slovenia,2008,27461.9764165315
Slovenia,2009,24501.7897290425
Slovenia,2010,23329.8417691156
Slovenia,2011,24940.6284841605
Slovenia,2012,22442.1417859955
Slovenia,2013,23236.9655321695
Slovenia,2014,24013.0682060959
Slovenia,2015,20697.2748530619
Slovenia,2016,21447.8377796036
Slovenia,2017,23303.077705959
Slovenia,2018,25888.0481065655
Slovenia,2019,25814.1687167572
Slovenia,2020,25392.0651093612
Slovenia,2021,29187.369382785
Slovenia,2022,28373.8382265999
Slovenia,2023,32610.110922729
South Africa,2000,3217.84693448467
South Africa,2001,2847.15191945908
South Africa,2002,2688.23676032806
South Africa,2003,4062.21755993786
South Africa,2004,5221.46333731721
South Africa,2005,5836.87663325127
South Africa,2006,6077.38293388876
South Africa,2007,6591.85535960564
South Africa,2008,6184.75474328399
South Africa,2009,6374.70560042992
South Africa,2010,7973.47195771517
South Africa,2011,8646.05571071635
South Africa,2012,8076.97678479741
South Africa,2013,7331.65467384919
South Africa,2014,6856.73137092522
South Africa,2015,6112.27382485974
South Africa,2016,5651.20585165749
South Africa,2017,6618.33508255701
South Africa,2018,6914.1780318076
South Africa,2019,6533.71121032856
South Africa,2020,5580.60383075189
South Africa,2021,6843.39941886204
South Africa,2022,6523.41097815853
South Africa,2023,6022.5425418935
South Korea,2000,12257.0206622345
South Korea,2001,11561.2071745115
South Korea,2002,13165.08362497
South Korea,2003,14672.8057539465
South Korea,2004,16496.1316167114
South Korea,2005,19402.5026259549
South Korea,2006,21743.4774514254
South Korea,2007,24086.4104391677
South Korea,2008,21350.427979823
South Korea,2009,19143.8516053025
South Korea,2010,23079.2601257735
South Korea,2011,25097.595426845
South Korea,2012,25459.1689000965
South Korea,2013,27179.5170146052
South Korea,2014,29252.9312377352
South Korea,2015,28737.4391706499
South Korea,2016,29280.4403170048
South Korea,2017,31600.7358741365
South Korea,2018,33447.1562836166
South Korea,2019,31902.4169048194
South Korea,2020,31721.2989141857
South Korea,2021,35125.5224984723
South Korea,2022,32394.6833725203
South Korea,2023,33121.3712885508
Spain,2000,14743.2671031455
Spain,2001,15368.2337984435
Spain,2002,17111.0685058941
Spain,2003,21522.0170990262
Spain,2004,24925.0267844576
Spain,2005,26450.9530130382
Spain,2006,28421.686527407
Spain,2007,32652.015594702
Spain,2008,35603.248328071
Spain,2009,32279.8208476151
Spain,2010,30658.7422282912
Spain,2011,31824.6219134777
Spain,2012,28456.4438151477
Spain,2013,29218.9105170888
Spain,2014,29694.8874886229
Spain,2015,25969.8383138327
Spain,2016,26740.6851818829
Spain,2017,28367.9392609439
Spain,2018,30592.1264795541
Spain,2019,29776.2011500384
Spain,2020,27230.3599933583
Spain,2021,30817.6828559001
Spain,2022,30287.3657583614
Spain,2023,33509.0127982139
Sri Lanka,2000,846.460813304966
Sri Lanka,2001,803.544026627385
Sri Lanka,2002,834.936014905338
Sri Lanka,2003,946.382255128072
Sri Lanka,2004,1028.62068132555
Sri Lanka,2005,1207.21994764165
Sri Lanka,2006,1389.50625583936
Sri Lanka,2007,1578.63451125392
Sri Lanka,2008,1973.58476901287
Sri Lanka,2009,2026.65939950702
Sri Lanka,2010,2808.36779237408
Sri Lanka,2011,3224.95736331928
Sri Lanka,2012,3327.77612404326
Sri Lanka,2013,3740.61589348326
Sri Lanka,2014,3971.91913148166
Sri Lanka,2015,4060.13139670248
Sri Lanka,2016,4149.76105454457
Sri Lanka,2017,4401.05567045499
Sri Lanka,2018,4360.58473469252
Sri Lanka,2019,4082.69404871533
Sri Lanka,2020,3846.17449566736
Sri Lanka,2021,3999.33764677637
Sri Lanka,2022,3342.71989646203
Sri Lanka,2023,3827.96495637489
Sudan,2000,362.116882324219
Sudan,2001,451.293304443359
Sudan,2002,506.262634277344
Sudan,2003,580.320251464844
Sudan,2004,705.113342285156
Sudan,2005,905.543640136719
Sudan,2006,1132.474609375
Sudan,2007,1444.37219238281
Sudan,2008,1527.58239746094
Sudan,2009,1178.22180175781
Sudan,2010,1305.63598632813
Sudan,2011,1332.6572265625
Sudan,2012,1019.22210693359
Sudan,2013,1138.62780761719
Sudan,2014,1275.43835449219
Sudan,2015,1292.37963867188
Sudan,2016,1033.21594238281
Sudan,2017,966.505676269531
Sudan,2018,731.027465820313
Sudan,2019,709.975280761719
Sudan,2020,577.795227050781
Sudan,2021,712.122009277344
Sudan,2022,1046.24084472656
Sudan,2023,2183.44140625
Sweden,2000,29632.7736101599
Sweden,2001,27259.4806735435
Sweden,2002,29957.9387652616
Sweden,2003,37292.4214343004
Sweden,2004,42758.2015503417
Sweden,2005,43378.6152117149
Sweden,2006,46531.6001120572
Sweden,2007,53568.5645523213
Sweden,2008,55817.4392710726
Sweden,2009,46707.8673215418
Sweden,2010,52542.8274141037
Sweden,2011,60379.7748160321
Sweden,2012,57749.8251328664
Sweden,2013,60844.2767113975
Sweden,2014,59583.7140001673
Sweden,2015,51197.9529341175
Sweden,2016,51820.3972482676
Sweden,2017,53300.8587281785
Sweden,2018,54181.9069780904
Sweden,2019,51773.0464558993
Sweden,2020,52653.7565934247
Sweden,2021,61174.9680215622
Sweden,2022,55296.9371472535
Sweden,2023,55516.836477474
Switzerland,2000,38865.021939688
Switzerland,2001,39638.7911061864
Switzerland,2002,42458.7384679187
Switzerland,2003,49335.7456291067
Switzerland,2004,54659.4571488233
Switzerland,2005,56242.8933645639
Switzerland,2006,59011.0324592016
Switzerland,2007,64989.1553256031
Switzerland,2008,74175.1927898555
Switzerland,2009,71568.3123885672
Switzerland,2010,76531.3729407691
Switzerland,2011,90476.7589651577
Switzerland,2012,85836.2076767359
Switzerland,2013,87304.3305813557
Switzerland,2014,88724.9909402638
Switzerland,2015,83806.4476003837
Switzerland,2016,82153.0745447889
Switzerland,2017,82254.3769269767
Switzerland,2018,85217.3691512274
Switzerland,2019,84121.9310304414
Switzerland,2020,85897.7843338323
Switzerland,2021,93446.4344518943
Switzerland,2022,93245.7952120851
Switzerland,2023,99564.710026145
Syria,2000,1138.1884854278
Syria,2001,1186.82913474027
Syria,2002,1183.2473451033
Syria,2003,1220.179077256
Syria,2004,1368.1148230028
Syria,2005,1533.90166536568
Syria,2006,1718.78347217338
Syria,2007,1937.61138578027
Syria,2008,2429.12477087189
Syria,2009,2462.20193643202
Syria,2010,2730.61477118949
Syria,2011,2952.14349372257
Syria,2012,1897.66115018696
Syria,2013,985.892669227054
Syria,2014,1060.59105886854
Syria,2015,847.731631942565
Syria,2016,656.3490586313
Syria,2017,851.502005254153
Syria,2018,1098.0668642357
Syria,2019,1109.53926036049
Syria,2020,572.355289831901
Syria,2021,663.614245706815
Syria,2022,1051.67149587463
Tajikistan,2000,136.925716400723
Tajikistan,2001,168.676285365186
Tajikistan,2002,186.951638285222
Tajikistan,2003,233.58124845289
Tajikistan,2004,305.745158587502
Tajikistan,2005,333.927150941684
Tajikistan,2006,401.018403316427
Tajikistan,2007,516.997210618914
Tajikistan,2008,703.327375898643
Tajikistan,2009,664.795655734657
Tajikistan,2010,737.338883219356
Tajikistan,2011,833.601978202852
Tajikistan,2012,952.452819695469
Tajikistan,2013,1028.19704279396
Tajikistan,2014,1081.54402932039
Tajikistan,2015,956.916310930656
Tajikistan,2016,788.710481734485
Tajikistan,2017,829.45714764957
Tajikistan,2018,834.288404578801
Tajikistan,2019,871.022372934846
Tajikistan,2020,834.311715460625
Tajikistan,2021,896.748053372182
Tajikistan,2022,1052.17949484894
Tajikistan,2023,1160.81187026311
Thailand,2000,2005.97694514234
Thailand,2001,1889.93432467144
Thailand,2002,2089.75183111554
Thailand,2003,2347.54001286066
Thailand,2004,2641.56268717857
Thailand,2005,2867.70383436062
Thailand,2006,3331.32043511773
Thailand,2007,3918.52817434581
Thailand,2008,4309.13509292986
Thailand,2009,4135.43986952819
Thailand,2010,4973.86288823778
Thailand,2011,5373.6232832898
Thailand,2012,5725.52802835463
Thailand,2013,6018.08244729255
Thailand,2014,5801.1978916205
Thailand,2015,5688.85335397884
Thailand,2016,5833.57715617098
Thailand,2017,6413.09182530343
Thailand,2018,7099.77650081458
Thailand,2019,7605.69657797759
Thailand,2020,6985.64393892574
Thailand,2021,7058.0694998852
Thailand,2022,6909.35997481451
Thailand,2023,7182.02525812415
Togo,2000,409.889802792768
Togo,2001,396.692654520135
Togo,2002,445.238691488925
Togo,2003,538.16537776929
Togo,2004,560.266308533382
Togo,2005,551.259850017077
Togo,2006,552.50227125256
Togo,2007,607.588224471809
Togo,2008,718.948786366771
Togo,2009,720.694168794129
Togo,2010,704.987164181378
Togo,2011,783.989380490906
Togo,2012,762.392047587088
Togo,2013,826.543259457126
Togo,2014,855.585284856656
Togo,2015,751.052405084336
Togo,2016,772.581787093976
Togo,2017,792.765487219069
Togo,2018,851.130806891807
Togo,2019,826.260654099894
Togo,2020,853.578220263722
Togo,2021,939.613373786407
Togo,2022,898.758154410712
Togo,2023,985.697512629974
Trinidad and Tobago,2000,6178.58975559687
Trinidad and Tobago,2001,6657.41466937221
Trinidad and Tobago,2002,6762.93080808096
Trinidad and Tobago,2003,8445.04653518298
Trinidad and Tobago,2004,9871.03419820086
Trinidad and Tobago,2005,12346.4373094075
Trinidad and Tobago,2006,14152.6607422113
Trinidad and Tobago,2007,16606.675360681
Trinidad and Tobago,2008,21298.9945258063
Trinidad and Tobago,2009,14634.0565003912
Trinidad and Tobago,2010,16815.424737361
Trinidad and Tobago,2011,19151.0870229722
Trinidad and Tobago,2012,20472.3574298508
Trinidad and Tobago,2013,21416.3660842916
Trinidad and Tobago,2014,22074.4263087858
Trinidad and Tobago,2015,20024.754663902
Trinidad and Tobago,2016,17521.8007525013
Trinidad and Tobago,2017,17720.4972365332
Trinidad and Tobago,2018,18076.3565550233
Trinidad and Tobago,2019,17431.0269266696
Trinidad and Tobago,2020,15224.5083495616
Trinidad and Tobago,2021,17912.5106245714
Trinidad and Tobago,2022,22004.1997884125
Trinidad and Tobago,2023,20016.1503008736
Tunisia,2000,2199.04465936314
Tunisia,2001,2235.71981624751
Tunisia,2002,2320.7723805785
Tunisia,2003,2725.8643148859
Tunisia,2004,3067.41936376975
Tunisia,2005,3146.8260743927
Tunisia,2006,3322.56933570096
Tunisia,2007,3726.91672935667
Tunisia,2008,4255.05008019523
Tunisia,2009,4080.09032448781
Tunisia,2010,4291.86120891575
Tunisia,2011,4420.64772206537
Tunisia,2012,4297.26782454273
Tunisia,2013,4369.79345826358
Tunisia,2014,4458.97895464547
Tunisia,2015,4014.94773686432
Tunisia,2016,3847.80354448809
Tunisia,2017,3619.03247319953
Tunisia,2018,3628.10366464236
Tunisia,2019,3528.87213306798
Tunisia,2020,3548.65363663803
Tunisia,2021,3885.28166485296
Tunisia,2022,3678.40023411347
Tunisia,2023,3977.69516639644
Turkey,2000,4192.44316738494
Turkey,2001,3045.55413956926
Turkey,2002,3583.19745897158
Turkey,2003,4637.88218501529
Turkey,2004,5960.77898909049
Turkey,2005,7303.01388860245
Turkey,2006,7953.07848024969
Turkey,2007,9711.22376120832
Turkey,2008,10843.5036940489
Turkey,2009,9012.99945793034
Turkey,2010,10622.7020439723
Turkey,2011,11300.7852215681
Turkey,2012,11713.2849831139
Turkey,2013,12578.1878632
Turkey,2014,12165.220135038
Turkey,2015,11049.9951100942
Turkey,2016,10970.0458948862
Turkey,2017,10695.550196231
Turkey,2018,9568.83506330228
Turkey,2019,9215.44049888114
Turkey,2020,8638.73903848102
Turkey,2021,9743.21277804855
Turkey,2022,10674.504157865
Turkey,2023,13105.6585678319
Turkmenistan,2000,633.835487638011
Turkmenistan,2001,756.034976276398
Turkmenistan,2002,935.540801478466
Turkmenistan,2003,1228.94870289404
Turkmenistan,2004,1379.23009682692
Turkmenistan,2005,1604.01618452312
Turkmenistan,2006,1996.59310717308
Turkmenistan,2007,2414.96071986964
Turkmenistan,2008,3605.50395120549
Turkmenistan,2009,3707.97850699617
Turkmenistan,2010,4058.53937000739
Turkmenistan,2011,5143.61929334647
Turkmenistan,2012,6053.8748468749
Turkmenistan,2013,6599.64529055481
Turkmenistan,2014,7164.14536184006
Turkmenistan,2015,5759.497903834
Turkmenistan,2016,5686.98040962764
Turkmenistan,2017,5828.4816623489
Turkmenistan,2018,6125.05169712085
Turkmenistan,2019,6648.0348960628
Turkmenistan,2020,6592.60146027748
Turkmenistan,2021,7051.20211079213
Turkmenistan,2022,8156.35211950774
Turkmenistan,2023,8232.65225980002
Uganda,2000,258.050338731086
Uganda,2001,236.021188853993
Uganda,2002,241.984688408335
Uganda,2003,250.71543664681
Uganda,2004,292.38185796262
Uganda,2005,330.405402707025
Uganda,2006,346.518255310647
Uganda,2007,401.389130865581
Uganda,2008,472.842681495852
Uganda,2009,798.947089938247
Uganda,2010,823.488144282
Uganda,2011,835.620060555838
Uganda,2012,795.222867553127
Uganda,2013,818.285427416713
Uganda,2014,896.054795546394
Uganda,2015,862.934610355811
Uganda,2016,752.696571725656
Uganda,2017,765.218332297361
Uganda,2018,792.16570022814
Uganda,2019,822.057058189153
Uganda,2020,845.766463890124
Uganda,2021,882.791717542504
Uganda,2022,963.067314117178
Uganda,2023,1002.30913917142
Ukraine,2000,653.294311523438
Ukraine,2001,800.49072265625
Ukraine,2002,903.011901855469
Ukraine,2003,1076.48156738281
Ukraine,2004,1401.01806640625
Ukraine,2005,1875.33508300781
Ukraine,2006,2366.494140625
Ukraine,2007,3160.32763671875
Ukraine,2008,4017.806640625
Ukraine,2009,2607.08764648438
Ukraine,2010,3039.63232421875
Ukraine,2011,3656.69799804688
Ukraine,2012,3951.34228515625
Ukraine,2013,4129.89697265625
Ukraine,2014,3054.908203125
Ukraine,2015,2094.47387695313
Ukraine,2016,2158.46118164063
Ukraine,2017,2604.28759765625
Ukraine,2018,3059.0517578125
Ukraine,2019,3619.86157226563
Ukraine,2020,3709.76928710938
Ukraine,2021,4775.94580078125
Ukraine,2022,4199.6708984375
Ukraine,2023,5069.703125
United Arab Emirates,2000,29865.502347066
United Arab Emirates,2001,27745.1708087672
United Arab Emirates,2002,27753.6089526346
United Arab Emirates,2003,29659.5428567811
United Arab Emirates,2004,33376.7152295209
United Arab Emirates,2005,38719.3138307623
United Arab Emirates,2006,44342.6048322482
United Arab Emirates,2007,45854.7325158162
United Arab Emirates,2008,50054.1700681803
United Arab Emirates,2009,37803.0663738777
United Arab Emirates,2010,43696.6712597922
United Arab Emirates,2011,50789.0505418347
United Arab Emirates,2012,52034.4762466073
United Arab Emirates,2013,52023.5170958751
United Arab Emirates,2014,51381.4069909213
United Arab Emirates,2015,43534.9972681733
United Arab Emirates,2016,41326.4018161834
United Arab Emirates,2017,42340.5917145576
United Arab Emirates,2018,45689.8570040215
United Arab Emirates,2019,44251.4541390148
United Arab Emirates,2020,37173.8754100281
United Arab Emirates,2021,43360.0211014806
United Arab Emirates,2022,49899.0652978649
United Arab Emirates,2023,49040.6947525825
United States,2000,36329.9702595751
United States,2001,37133.6203973517
United States,2002,37997.7424300242
United States,2003,39490.3023903176
United States,2004,41724.6411982614
United States,2005,44123.3996470026
United States,2006,46301.9876485519
United States,2007,48050.227412195
United States,2008,48570.0594269601
United States,2009,47194.9500893872
United States,2010,48650.6643227232
United States,2011,50065.9789470675
United States,2012,51784.4114692048
United States,2013,53409.7507774372
United States,2014,55304.3155317137
United States,2015,57040.2082136605
United States,2016,58206.6141931844
United States,2017,60322.2614241747
United States,2018,63201.0458483771
United States,2019,65604.6815198734
United States,2020,64411.3731779373
United States,2021,71318.3073592183
United States,2022,78035.1753604212
United States,2023,82769.4122114216
Uruguay,2000,6987.70098766257
Uruguay,2001,6382.76104740859
Uruguay,2002,4149.76140312687
Uruguay,2003,3671.12329256883
Uruguay,2004,4168.66065438387
Uruguay,2005,5284.25677987129
Uruguay,2006,6001.33294783172
Uruguay,2007,7222.05403645877
Uruguay,2008,9423.96562595893
Uruguay,2009,9881.39573127081
Uruguay,2010,12641.0576849008
Uruguay,2011,15132.2675725587
Uruguay,2012,16259.5940814256
Uruguay,2013,18335.2594772322
Uruguay,2014,18322.4276767157
Uruguay,2015,17125.9016800298
Uruguay,2016,17009.7586944503
Uruguay,2017,19184.6626659717
Uruguay,2018,19249.9401532664
Uruguay,2019,18315.7352857194
Uruguay,2020,15789.6857422214
Uruguay,2021,17888.211510172
Uruguay,2022,20691.9738991763
Uruguay,2023,22797.8111731861
Uzbekistan,2000,555.149231099186
Uzbekistan,2001,454.415812256778
Uzbekistan,2002,381.409296889283
Uzbekistan,2003,394.164028897235
Uzbekistan,2004,462.171492867885
Uzbekistan,2005,542.835808692209
Uzbekistan,2006,649.118167003925
Uzbekistan,2007,824.028192334768
Uzbekistan,2008,1074.72928796701
Uzbekistan,2009,1205.7993547038
Uzbekistan,2010,1753.20730243278
Uzbekistan,2011,2087.86386135694
Uzbekistan,2012,2307.34649117185
Uzbekistan,2013,2461.97947403595
Uzbekistan,2014,2674.9628382103
Uzbekistan,2015,2803.19018021751
Uzbekistan,2016,2753.37951427589
Uzbekistan,2017,2190.60411562888
Uzbekistan,2018,1813.08530813664
Uzbekistan,2019,2041.38480729431
Uzbekistan,2020,1978.28051860763
Uzbekistan,2021,2258.51964119278
Uzbekistan,2022,2578.66689394219
Uzbekistan,2023,2849.51461071911
Venezuela,2000,4776.2816763938
Venezuela,2001,4920.39313600453
Venezuela,2002,3652.09896501865
Venezuela,2003,3229.50557082079
Venezuela,2004,4269.08970872392
Venezuela,2005,5432.4854184654
Venezuela,2006,6739.38065342219
Venezuela,2007,8331.62096991844
Venezuela,2008,11262.4514256759
Venezuela,2009,11596.6021921731
Venezuela,2010,13646.3046622664
Venezuela,2011,10843.9229703167
Venezuela,2012,12901.4171582274
Venezuela,2013,12403.1466957582
Venezuela,2014,15943.6127197163
Vietnam,2000,404.029784055118
Vietnam,2001,419.205677580901
Vietnam,2002,445.132861817313
Vietnam,2003,497.117089249256
Vietnam,2004,565.452284586212
Vietnam,2005,710.746759994861
Vietnam,2006,807.756645117054
Vietnam,2007,925.640338348717
Vietnam,2008,1163.83195772873
Vietnam,2009,1226.16976051536
Vietnam,2010,1683.16182443979
Vietnam,2011,1950.92504174913
Vietnam,2012,2185.11767654291
Vietnam,2013,2359.51736472828
Vietnam,2014,2546.38464459903
Vietnam,2015,2577.56885340113
Vietnam,2016,2735.0604380416
Vietnam,2017,2956.10992127753
Vietnam,2018,3222.31003125366
Vietnam,2019,3440.90025375434
Vietnam,2020,3534.03953482647
Vietnam,2021,3704.1935590038
Vietnam,2022,4116.38576094153
Vietnam,2023,4282.08851724506
Zambia,2000,359.429500988221
Zambia,2001,396.548952993504
Zambia,2002,393.864625518616
Zambia,2003,446.290104839041
Zambia,2004,548.685974566277
Zambia,2005,710.982068171696
Zambia,2006,1051.71714895686
Zambia,2007,1118.73162626953
Zambia,2008,1375.50211006997
Zambia,2009,1136.24168316848
Zambia,2010,1451.10616017155
Zambia,2011,1624.86817763443
Zambia,2012,1710.05061343728
Zambia,2013,1820.71854827391
Zambia,2014,1707.48573136694
Zambia,2015,1295.87788680068
Zambia,2016,1239.08527877713
Zambia,2017,1483.46577328065
Zambia,2018,1463.89997855593
Zambia,2019,1258.98619844462
Zambia,2020,951.644316655957
Zambia,2021,1127.16077872857
Zambia,2022,1447.12310138035
Zambia,2023,1330.72780576709
Zimbabwe,2000,562.556900384332
Zimbabwe,2001,566.107646563399
Zimbabwe,2002,524.677238832055
Zimbabwe,2003,468.234185771582
Zimbabwe,2004,469.484653598898
Zimbabwe,2005,461.0282813252
Zimbabwe,2006,430.809179322191
Zimbabwe,2007,413.302571731556
Zimbabwe,2008,340.740182862316
Zimbabwe,2009,735.444551727601
Zimbabwe,2010,901.554443558321
Zimbabwe,2011,1037.25491018154
Zimbabwe,2012,1238.60109002194
Zimbabwe,2013,1362.30066802685
Zimbabwe,2014,1372.21278071456
Zimbabwe,2015,1386.42284717709
Zimbabwe,2016,1407.41536437554
Zimbabwe,2017,3448.08253696926
Zimbabwe,2018,2271.8533351306
Zimbabwe,2019,1684.02790388182
Zimbabwe,2020,1730.41348946953
Zimbabwe,2021,1724.38773104902
Zimbabwe,2022,2040.55245910726
Zimbabwe,2023,2156.0340040333
