Country,Year,Health Exp (%GDP)
Afghanistan,2000,
Afghanistan,2001,
Afghanistan,2002,9.44339085
Afghanistan,2003,8.94125843
Afghanistan,2004,9.80847359
Afghanistan,2005,9.94828892
Afghanistan,2006,10.62276554
Afghanistan,2007,9.90467453
Afghanistan,2008,10.25649548
Afghanistan,2009,9.81848717
Afghanistan,2010,8.56967163
Afghanistan,2011,8.56190777
Afghanistan,2012,7.89716864
Afghanistan,2013,8.80596447
Afghanistan,2014,9.52887821
Afghanistan,2015,10.10534763
Afghanistan,2016,11.81859016
Afghanistan,2017,12.62081718
Afghanistan,2018,14.20841885
Afghanistan,2019,14.83131981
Afghanistan,2020,15.53361416
Afghanistan,2021,21.508461
Afghanistan,2022,23.0881691
Afghanistan,2023,
Albania,2000,5.94419765
Albania,2001,5.92584515
Albania,2002,5.66464472
Albania,2003,5.91140795
Albania,2004,5.89364862
Albania,2005,5.72954512
Albania,2006,5.63177013
Albania,2007,5.92609119
Albania,2008,5.50900269
Albania,2009,5.82603931
Albania,2010,6.23667669
Albania,2011,6.18297672
Albania,2012,6.15746212
Albania,2013,6.28286266
Albania,2014,6.43451118
Albania,2015,6.46411896
Albania,2016,6.7293272
Albania,2017,6.57848787
Albania,2018,6.66844559
Albania,2019,6.86214113
Albania,2020,7.50389433
Albania,2021,7.39913177
Albania,2022,6.19368076
Albania,2023,
Algeria,2000,3.21485448
Algeria,2001,3.53628588
Algeria,2002,3.44169641
Algeria,2003,3.32569361
Algeria,2004,3.29030514
Algeria,2005,3.1188612
Algeria,2006,3.18999887
Algeria,2007,3.62011433
Algeria,2008,3.98331022
Algeria,2009,4.89210796
Algeria,2010,4.64001417
Algeria,2011,4.82567501
Algeria,2012,5.63657808
Algeria,2013,5.64542007
Algeria,2014,6.01485014
Algeria,2015,6.3343544
Algeria,2016,6.00079727
Algeria,2017,5.94846106
Algeria,2018,5.93238592
Algeria,2019,5.41731071
Algeria,2020,5.63831711
Algeria,2021,5.0110569
Algeria,2022,3.6230433
Algeria,2023,
Argentina,2000,8.22001076
Argentina,2001,8.37179852
Argentina,2002,7.3933115
Argentina,2003,6.89451647
Argentina,2004,7.22868252
Argentina,2005,7.61078882
Argentina,2006,7.64032793
Argentina,2007,7.83455086
Argentina,2008,8.1826973
Argentina,2009,9.45599556
Argentina,2010,9.44546413
Argentina,2011,9.41819859
Argentina,2012,9.82726669
Argentina,2013,9.78097916
Argentina,2014,9.67129993
Argentina,2015,10.22933674
Argentina,2016,9.85558891
Argentina,2017,10.23174763
Argentina,2018,10.29146862
Argentina,2019,10.1555109
Argentina,2020,10.45030594
Argentina,2021,10.03832245
Argentina,2022,9.86305332
Argentina,2023,
Armenia,2000,4.19581175
Armenia,2001,4.64563894
Armenia,2002,7.61358786
Armenia,2003,7.17936182
Armenia,2004,6.05510139
Armenia,2005,5.8618803
Armenia,2006,5.85007095
Armenia,2007,5.49814034
Armenia,2008,6.63976622
Armenia,2009,8.44377708
Armenia,2010,9.23538303
Armenia,2011,9.37588882
Armenia,2012,9.13455009
Armenia,2013,10.32345009
Armenia,2014,10.17827892
Armenia,2015,10.11762714
Armenia,2016,9.95194912
Armenia,2017,10.36270332
Armenia,2018,10.00543404
Armenia,2019,11.3798008
Armenia,2020,12.24056244
Armenia,2021,12.32268524
Armenia,2022,9.96212864
Armenia,2023,
Australia,2000,7.58869076
Australia,2001,7.67391729
Australia,2002,7.87221003
Australia,2003,7.87659502
Australia,2004,8.08257675
Australia,2005,7.9648633
Australia,2006,7.97161102
Australia,2007,8.0517149
Australia,2008,8.24737453
Australia,2009,8.54235363
Australia,2010,8.41878414
Australia,2011,8.53360462
Australia,2012,8.66922569
Australia,2013,8.74458122
Australia,2014,9.82490253
Australia,2015,10.17367649
Australia,2016,10.08972931
Australia,2017,10.11242294
Australia,2018,10.05163097
Australia,2019,10.21285057
Australia,2020,10.66040134
Australia,2021,10.42525291
Australia,2022,9.92687893
Australia,2023,
Austria,2000,9.20371342
Austria,2001,9.26942921
Austria,2002,9.3947649
Austria,2003,9.5472393
Austria,2004,9.70939922
Austria,2005,9.62702942
Austria,2006,9.5311327
Austria,2007,9.53209686
Austria,2008,9.72564602
Austria,2009,10.22582531
Austria,2010,10.22101879
Austria,2011,10.02613258
Austria,2012,10.19915581
Austria,2013,10.28574848
Austria,2014,10.36809158
Austria,2015,10.36746693
Austria,2016,10.3522625
Austria,2017,10.38402557
Austria,2018,10.34885597
Austria,2019,10.48753643
Austria,2020,11.31641102
Austria,2021,12.15228558
Austria,2022,11.15729332
Austria,2023,10.87779903
Azerbaijan,2000,2.89007497
Azerbaijan,2001,2.774194
Azerbaijan,2002,2.73097301
Azerbaijan,2003,2.72699213
Azerbaijan,2004,2.65944242
Azerbaijan,2005,2.22960997
Azerbaijan,2006,2.07059145
Azerbaijan,2007,1.99422264
Azerbaijan,2008,2.04814458
Azerbaijan,2009,2.76541352
Azerbaijan,2010,2.64634848
Azerbaijan,2011,2.59547186
Azerbaijan,2012,3.15682149
Azerbaijan,2013,3.22551084
Azerbaijan,2014,3.58703041
Azerbaijan,2015,4.34131384
Azerbaijan,2016,4.42241955
Azerbaijan,2017,4.07396507
Azerbaijan,2018,3.83661342
Azerbaijan,2019,4.18188763
Azerbaijan,2020,5.84817696
Azerbaijan,2021,4.68526697
Azerbaijan,2022,3.97840643
Azerbaijan,2023,
"Bahamas, The",2000,3.80487037
"Bahamas, The",2001,3.92440891
"Bahamas, The",2002,3.81251931
"Bahamas, The",2003,4.01998568
"Bahamas, The",2004,4.04628181
"Bahamas, The",2005,4.03196478
"Bahamas, The",2006,4.30935764
"Bahamas, The",2007,4.49598694
"Bahamas, The",2008,4.86261654
"Bahamas, The",2009,5.1500144
"Bahamas, The",2010,5.25594234
"Bahamas, The",2011,5.32398558
"Bahamas, The",2012,5.3190918
"Bahamas, The",2013,5.6846571
"Bahamas, The",2014,5.62925673
"Bahamas, The",2015,5.24419451
"Bahamas, The",2016,5.71206808
"Bahamas, The",2017,6.75126934
"Bahamas, The",2018,6.02687502
"Bahamas, The",2019,5.86800623
"Bahamas, The",2020,7.59303093
"Bahamas, The",2021,7.0057478
"Bahamas, The",2022,7.21692038
"Bahamas, The",2023,
Bahrain,2000,3.33542562
Bahrain,2001,3.48573017
Bahrain,2002,3.67866111
Bahrain,2003,3.88658071
Bahrain,2004,3.49817729
Bahrain,2005,3.25870824
Bahrain,2006,3.10821271
Bahrain,2007,3.29534078
Bahrain,2008,3.2038722
Bahrain,2009,4.32666922
Bahrain,2010,4.08934975
Bahrain,2011,3.8651762
Bahrain,2012,4.10642147
Bahrain,2013,4.30853891
Bahrain,2014,4.41240263
Bahrain,2015,4.97671938
Bahrain,2016,4.86051178
Bahrain,2017,4.51235676
Bahrain,2018,4.12745667
Bahrain,2019,3.95980334
Bahrain,2020,4.7196188
Bahrain,2021,4.49223804
Bahrain,2022,3.83745313
Bahrain,2023,
Barbados,2000,5.33187246
Barbados,2001,5.52529192
Barbados,2002,5.86123466
Barbados,2003,6.69148111
Barbados,2004,7.31297731
Barbados,2005,6.77536297
Barbados,2006,6.58370161
Barbados,2007,6.05665207
Barbados,2008,6.47753286
Barbados,2009,7.14522552
Barbados,2010,6.77094746
Barbados,2011,6.89690495
Barbados,2012,7.77819967
Barbados,2013,7.39746428
Barbados,2014,6.96651411
Barbados,2015,6.81827545
Barbados,2016,6.83311653
Barbados,2017,6.64785957
Barbados,2018,6.43943882
Barbados,2019,6.12043858
Barbados,2020,7.27405739
Barbados,2021,7.93866014
Barbados,2022,6.29389191
Barbados,2023,
Belarus,2000,5.28088045
Belarus,2001,5.7064805
Belarus,2002,5.62404203
Belarus,2003,5.77103186
Belarus,2004,5.73650646
Belarus,2005,6.07036304
Belarus,2006,5.57366323
Belarus,2007,5.6917243
Belarus,2008,5.29448891
Belarus,2009,5.3906498
Belarus,2010,5.65694332
Belarus,2011,4.87452745
Belarus,2012,5.24538946
Belarus,2013,5.69563103
Belarus,2014,5.38792181
Belarus,2015,6.06528044
Belarus,2016,5.91054153
Belarus,2017,5.75974846
Belarus,2018,5.52699471
Belarus,2019,5.86133814
Belarus,2020,6.40607214
Belarus,2021,6.56549978
Belarus,2022,6.65919876
Belarus,2023,
Belgium,2000,7.99917603
Belgium,2001,8.14988899
Belgium,2002,8.3182106
Belgium,2003,9.16443443
Belgium,2004,9.32808685
Belgium,2005,9.22216892
Belgium,2006,9.12786484
Belgium,2007,9.13448715
Belgium,2008,9.59315872
Belgium,2009,10.31897831
Belgium,2010,10.20009708
Belgium,2011,10.3613987
Belgium,2012,10.50250053
Belgium,2013,10.57460022
Belgium,2014,10.6084671
Belgium,2015,10.79679203
Belgium,2016,10.79323006
Belgium,2017,10.80117512
Belgium,2018,10.86121368
Belgium,2019,10.75969219
Belgium,2020,11.26481915
Belgium,2021,11.04724503
Belgium,2022,10.76192474
Belgium,2023,
Bermuda,2000,
Bermuda,2001,
Bermuda,2002,
Bermuda,2003,
Bermuda,2004,
Bermuda,2005,
Bermuda,2006,
Bermuda,2007,
Bermuda,2008,
Bermuda,2009,
Bermuda,2010,
Bermuda,2011,
Bermuda,2012,
Bermuda,2013,
Bermuda,2014,
Bermuda,2015,
Bermuda,2016,
Bermuda,2017,
Bermuda,2018,
Bermuda,2019,
Bermuda,2020,
Bermuda,2021,
Bermuda,2022,
Bermuda,2023,
Botswana,2000,6.10838556
Botswana,2001,6.3660779
Botswana,2002,6.66529799
Botswana,2003,6.40933847
Botswana,2004,6.09125996
Botswana,2005,5.26532936
Botswana,2006,4.87599421
Botswana,2007,5.52080727
Botswana,2008,5.89747286
Botswana,2009,6.62081194
Botswana,2010,6.26718187
Botswana,2011,5.86915016
Botswana,2012,6.35010576
Botswana,2013,6.49913645
Botswana,2014,5.8804059
Botswana,2015,6.10287762
Botswana,2016,5.76837635
Botswana,2017,6.62986994
Botswana,2018,6.04010344
Botswana,2019,6.12193203
Botswana,2020,6.1213398
Botswana,2021,6.30754805
Botswana,2022,5.72838593
Botswana,2023,
Brazil,2000,8.33457184
Brazil,2001,8.54963303
Brazil,2002,8.69686985
Brazil,2003,8.18899441
Brazil,2004,8.12491989
Brazil,2005,8.03539562
Brazil,2006,8.24952507
Brazil,2007,8.20182991
Brazil,2008,8.01128483
Brazil,2009,8.39480495
Brazil,2010,7.94516611
Brazil,2011,7.78819132
Brazil,2012,7.73637724
Brazil,2013,7.9766016
Brazil,2014,8.39644146
Brazil,2015,8.90929985
Brazil,2016,9.16901684
Brazil,2017,9.47125053
Brazil,2018,9.46475029
Brazil,2019,9.61449146
Brazil,2020,9.62326527
Brazil,2021,9.63646507
Brazil,2022,9.14277458
Brazil,2023,
Bulgaria,2000,5.82970953
Bulgaria,2001,6.85958815
Bulgaria,2002,7.0809865
Bulgaria,2003,7.19987392
Bulgaria,2004,6.89090872
Bulgaria,2005,6.89011478
Bulgaria,2006,6.52544546
Bulgaria,2007,6.15651751
Bulgaria,2008,6.28281593
Bulgaria,2009,6.59577608
Bulgaria,2010,7.09477949
Bulgaria,2011,7.10250568
Bulgaria,2012,7.53903675
Bulgaria,2013,7.14167452
Bulgaria,2014,7.68306208
Bulgaria,2015,7.39363575
Bulgaria,2016,7.45975018
Bulgaria,2017,7.49624491
Bulgaria,2018,7.33192015
Bulgaria,2019,7.09237671
Bulgaria,2020,8.48235893
Bulgaria,2021,8.61892796
Bulgaria,2022,7.66357517
Bulgaria,2023,
Burkina Faso,2000,2.9502635
Burkina Faso,2001,2.88835382
Burkina Faso,2002,2.97113013
Burkina Faso,2003,3.14307284
Burkina Faso,2004,4.21720934
Burkina Faso,2005,3.95109582
Burkina Faso,2006,4.51446247
Burkina Faso,2007,5.23373222
Burkina Faso,2008,4.64780712
Burkina Faso,2009,5.08159161
Burkina Faso,2010,5.23958349
Burkina Faso,2011,4.64868164
Burkina Faso,2012,4.60267258
Burkina Faso,2013,5.56331587
Burkina Faso,2014,5.00027227
Burkina Faso,2015,5.13192415
Burkina Faso,2016,5.95486307
Burkina Faso,2017,6.05965996
Burkina Faso,2018,4.9995389
Burkina Faso,2019,5.36802721
Burkina Faso,2020,6.57714844
Burkina Faso,2021,6.40747881
Burkina Faso,2022,6.77182007
Burkina Faso,2023,
Burundi,2000,4.22181606
Burundi,2001,5.68180418
Burundi,2002,5.34983587
Burundi,2003,5.27245188
Burundi,2004,7.09572744
Burundi,2005,7.56016588
Burundi,2006,8.71264839
Burundi,2007,9.1855402
Burundi,2008,7.74147511
Burundi,2009,9.23238468
Burundi,2010,11.28196716
Burundi,2011,10.06996346
Burundi,2012,8.63756466
Burundi,2013,8.62834644
Burundi,2014,7.21081543
Burundi,2015,6.29022646
Burundi,2016,7.06148243
Burundi,2017,6.95275736
Burundi,2018,7.29396152
Burundi,2019,9.05010796
Burundi,2020,10.71837234
Burundi,2021,8.99484253
Burundi,2022,8.39522648
Burundi,2023,
Cabo Verde,2000,4.43401194
Cabo Verde,2001,4.75244379
Cabo Verde,2002,4.7555151
Cabo Verde,2003,4.85960436
Cabo Verde,2004,4.75073719
Cabo Verde,2005,4.47569275
Cabo Verde,2006,5.12305117
Cabo Verde,2007,5.14727354
Cabo Verde,2008,4.35203123
Cabo Verde,2009,3.96602345
Cabo Verde,2010,4.08108234
Cabo Verde,2011,3.92477369
Cabo Verde,2012,4.6740551
Cabo Verde,2013,4.82468271
Cabo Verde,2014,4.85231543
Cabo Verde,2015,4.40073681
Cabo Verde,2016,4.36134005
Cabo Verde,2017,4.74573231
Cabo Verde,2018,4.76032305
Cabo Verde,2019,4.47111464
Cabo Verde,2020,6.63319778
Cabo Verde,2021,7.316607
Cabo Verde,2022,6.67440224
Cabo Verde,2023,
Cameroon,2000,4.29573393
Cameroon,2001,4.16830397
Cameroon,2002,4.02669907
Cameroon,2003,3.90227985
Cameroon,2004,3.72798991
Cameroon,2005,3.77274442
Cameroon,2006,3.73662829
Cameroon,2007,3.79498792
Cameroon,2008,3.65843678
Cameroon,2009,3.49997187
Cameroon,2010,3.57742167
Cameroon,2011,3.85282946
Cameroon,2012,3.9310236
Cameroon,2013,3.63136435
Cameroon,2014,4.34148788
Cameroon,2015,4.12600517
Cameroon,2016,4.02253723
Cameroon,2017,3.79293942
Cameroon,2018,3.61970162
Cameroon,2019,3.65157914
Cameroon,2020,4.25051928
Cameroon,2021,4.30539274
Cameroon,2022,4.47835922
Cameroon,2023,
Canada,2000,8.24814415
Canada,2001,8.62482357
Canada,2002,8.85670471
Canada,2003,9.01090145
Canada,2004,9.06628132
Canada,2005,9.03540611
Canada,2006,9.32523441
Canada,2007,9.42872047
Canada,2008,9.58826923
Canada,2009,10.69968033
Canada,2010,10.70405102
Canada,2011,10.40832329
Canada,2012,10.54460621
Canada,2013,10.43964291
Canada,2014,10.28526115
Canada,2015,10.76850224
Canada,2016,11.06097317
Canada,2017,10.93421078
Canada,2018,10.94313335
Canada,2019,11.05897045
Canada,2020,13.02419472
Canada,2021,12.41920948
Canada,2022,11.23432541
Canada,2023,11.22370815
Chile,2000,7.00020742
Chile,2001,7.09733105
Chile,2002,7.20833778
Chile,2003,7.25047779
Chile,2004,6.91028595
Chile,2005,6.62372065
Chile,2006,6.07235622
Chile,2007,6.21259642
Chile,2008,6.73954487
Chile,2009,7.25026846
Chile,2010,6.81958389
Chile,2011,6.79947519
Chile,2012,7.01951265
Chile,2013,7.47552681
Chile,2014,7.84150171
Chile,2015,8.3513937
Chile,2016,8.55767059
Chile,2017,9.090518
Chile,2018,9.15040398
Chile,2019,9.29919815
Chile,2020,9.68910599
Chile,2021,9.68593311
Chile,2022,10.06172848
Chile,2023,10.09532642
China,2000,4.50828123
China,2001,4.25330067
China,2002,4.38285255
China,2003,4.41762781
China,2004,4.29347467
China,2005,4.17605019
China,2006,3.94742203
China,2007,3.67491412
China,2008,3.900002
China,2009,4.34958458
China,2010,4.23068333
China,2011,4.34274387
China,2012,4.56584787
China,2013,4.71490669
China,2014,4.77790594
China,2015,4.93827963
China,2016,4.97955608
China,2017,5.06592178
China,2018,5.16790485
China,2019,5.3502779
China,2020,5.59359741
China,2021,5.38360548
China,2022,5.36948681
China,2023,
Colombia,2000,5.63529348
Colombia,2001,5.94238281
Colombia,2002,5.73296547
Colombia,2003,5.77505445
Colombia,2004,5.79892111
Colombia,2005,6.06710577
Colombia,2006,6.33546638
Colombia,2007,6.49102163
Colombia,2008,6.84192181
Colombia,2009,7.31134558
Colombia,2010,7.07130194
Colombia,2011,6.78076792
Colombia,2012,6.74601603
Colombia,2013,7.01724052
Colombia,2014,7.18553209
Colombia,2015,7.52338505
Colombia,2016,7.53117037
Colombia,2017,7.67864323
Colombia,2018,7.62541389
Colombia,2019,7.77954912
Colombia,2020,8.71432114
Colombia,2021,9.01772404
Colombia,2022,7.57361269
Colombia,2023,7.69168758
Costa Rica,2000,6.56498718
Costa Rica,2001,6.47409868
Costa Rica,2002,6.8690877
Costa Rica,2003,6.9691925
Costa Rica,2004,6.63006067
Costa Rica,2005,6.66429663
Costa Rica,2006,6.93530846
Costa Rica,2007,6.99642611
Costa Rica,2008,7.4685483
Costa Rica,2009,7.86019182
Costa Rica,2010,8.02937698
Costa Rica,2011,8.12197781
Costa Rica,2012,7.78642273
Costa Rica,2013,7.68229342
Costa Rica,2014,7.66376209
Costa Rica,2015,7.59196186
Costa Rica,2016,7.31724358
Costa Rica,2017,7.04522991
Costa Rica,2018,7.28587723
Costa Rica,2019,7.2212491
Costa Rica,2020,7.82545757
Costa Rica,2021,7.61130476
Costa Rica,2022,7.18368196
Costa Rica,2023,
Cote d'Ivoire,2000,4.00220871
Cote d'Ivoire,2001,3.98514533
Cote d'Ivoire,2002,3.92374444
Cote d'Ivoire,2003,3.95147705
Cote d'Ivoire,2004,4.02148724
Cote d'Ivoire,2005,3.96639085
Cote d'Ivoire,2006,3.92861462
Cote d'Ivoire,2007,4.19379663
Cote d'Ivoire,2008,4.1387105
Cote d'Ivoire,2009,4.63971424
Cote d'Ivoire,2010,4.57494831
Cote d'Ivoire,2011,4.39700699
Cote d'Ivoire,2012,4.4273715
Cote d'Ivoire,2013,3.71773791
Cote d'Ivoire,2014,3.7310183
Cote d'Ivoire,2015,3.2198832
Cote d'Ivoire,2016,3.32101274
Cote d'Ivoire,2017,3.24693036
Cote d'Ivoire,2018,3.0916779
Cote d'Ivoire,2019,3.18916845
Cote d'Ivoire,2020,3.62327886
Cote d'Ivoire,2021,3.76207662
Cote d'Ivoire,2022,3.6424129
Cote d'Ivoire,2023,
Croatia,2000,7.65291882
Croatia,2001,7.17128897
Croatia,2002,6.14294004
Croatia,2003,6.29590559
Croatia,2004,6.50386047
Croatia,2005,6.83877182
Croatia,2006,6.90203142
Croatia,2007,7.38673019
Croatia,2008,7.63114071
Croatia,2009,8.0626564
Croatia,2010,7.96871901
Croatia,2011,7.64100933
Croatia,2012,7.65283728
Croatia,2013,6.4009738
Croatia,2014,6.57961845
Croatia,2015,6.65469885
Croatia,2016,6.68087435
Croatia,2017,6.61199808
Croatia,2018,6.69267464
Croatia,2019,6.7431674
Croatia,2020,7.64949179
Croatia,2021,8.01351929
Croatia,2022,7.21545315
Croatia,2023,
Cuba,2000,6.58189821
Cuba,2001,6.9820981
Cuba,2002,7.11481619
Cuba,2003,7.10295439
Cuba,2004,6.83178711
Cuba,2005,8.75525475
Cuba,2006,8.2719059
Cuba,2007,10.9674921
Cuba,2008,11.31422806
Cuba,2009,12.29053974
Cuba,2010,10.6880827
Cuba,2011,11.31298637
Cuba,2012,9.29940987
Cuba,2013,10.43099499
Cuba,2014,12.14121914
Cuba,2015,12.81404305
Cuba,2016,12.21769619
Cuba,2017,11.47201538
Cuba,2018,11.01842499
Cuba,2019,11.08501148
Cuba,2020,12.48641968
Cuba,2021,13.78727913
Cuba,2022,11.78683186
Cuba,2023,
Cyprus,2000,5.30800056
Cyprus,2001,5.33940458
Cyprus,2002,5.61565971
Cyprus,2003,5.63568783
Cyprus,2004,5.40558147
Cyprus,2005,5.43580961
Cyprus,2006,5.46357489
Cyprus,2007,5.35744858
Cyprus,2008,6.01427698
Cyprus,2009,6.46531534
Cyprus,2010,6.50055742
Cyprus,2011,6.43139076
Cyprus,2012,6.53638792
Cyprus,2013,6.92774534
Cyprus,2014,6.93137264
Cyprus,2015,6.79382181
Cyprus,2016,6.65254688
Cyprus,2017,6.62192535
Cyprus,2018,6.82599831
Cyprus,2019,7.06576538
Cyprus,2020,8.76033878
Cyprus,2021,9.47552109
Cyprus,2022,8.87060547
Cyprus,2023,
Czechia,2000,5.70103025
Czechia,2001,5.86295414
Czechia,2002,6.17736149
Czechia,2003,6.52412462
Czechia,2004,6.35071039
Czechia,2005,6.34086704
Czechia,2006,6.16380167
Czechia,2007,5.98578405
Czechia,2008,6.33024931
Czechia,2009,7.24880648
Czechia,2010,7.55343866
Czechia,2011,7.5335784
Czechia,2012,7.59409809
Czechia,2013,7.49541759
Czechia,2014,7.59510136
Czechia,2015,7.3351512
Czechia,2016,7.3930459
Czechia,2017,7.33911419
Czechia,2018,7.46030998
Czechia,2019,7.61342955
Czechia,2020,9.15721989
Czechia,2021,9.45247459
Czechia,2022,8.79904652
Czechia,2023,8.53962803
Denmark,2000,8.10438347
Denmark,2001,8.44832516
Denmark,2002,8.70251179
Denmark,2003,8.9036293
Denmark,2004,9.00743198
Denmark,2005,9.0905695
Denmark,2006,9.16879559
Denmark,2007,9.3251543
Denmark,2008,9.51134396
Denmark,2009,10.67432022
Denmark,2010,10.60774708
Denmark,2011,10.40702915
Denmark,2012,10.5219717
Denmark,2013,10.32915878
Denmark,2014,10.30918217
Denmark,2015,10.34411812
Denmark,2016,10.25162029
Denmark,2017,10.09825516
Denmark,2018,10.09764194
Denmark,2019,10.1524353
Denmark,2020,10.71854591
Denmark,2021,10.74728584
Denmark,2022,9.4758625
Denmark,2023,9.41784573
Dominica,2000,5.32374382
Dominica,2001,4.64501858
Dominica,2002,4.6531105
Dominica,2003,4.84617901
Dominica,2004,4.74520159
Dominica,2005,4.97772503
Dominica,2006,4.78092194
Dominica,2007,4.79109955
Dominica,2008,5.04968786
Dominica,2009,4.98329306
Dominica,2010,5.15711927
Dominica,2011,5.33450365
Dominica,2012,5.79509926
Dominica,2013,5.34749842
Dominica,2014,5.26141691
Dominica,2015,5.15941811
Dominica,2016,5.12308073
Dominica,2017,5.46245432
Dominica,2018,6.18495989
Dominica,2019,5.16903925
Dominica,2020,6.12651205
Dominica,2021,6.31661367
Dominica,2022,6.31969738
Dominica,2023,
Dominican Republic,2000,4.88427496
Dominican Republic,2001,4.88183308
Dominican Republic,2002,4.98649025
Dominican Republic,2003,4.38888264
Dominican Republic,2004,4.2877388
Dominican Republic,2005,4.35391188
Dominican Republic,2006,3.99365425
Dominican Republic,2007,4.08935308
Dominican Republic,2008,4.56146193
Dominican Republic,2009,4.76337624
Dominican Republic,2010,4.92355442
Dominican Republic,2011,5.03797865
Dominican Republic,2012,5.04897833
Dominican Republic,2013,4.91598225
Dominican Republic,2014,4.79757166
Dominican Republic,2015,4.72216797
Dominican Republic,2016,4.57663107
Dominican Republic,2017,4.49336958
Dominican Republic,2018,4.12601566
Dominican Republic,2019,4.23948717
Dominican Republic,2020,4.93967104
Dominican Republic,2021,4.91807747
Dominican Republic,2022,4.57254791
Dominican Republic,2023,
Ecuador,2000,3.4825685
Ecuador,2001,3.97254419
Ecuador,2002,4.72293711
Ecuador,2003,5.70121288
Ecuador,2004,5.790411
Ecuador,2005,5.76793766
Ecuador,2006,5.84506655
Ecuador,2007,5.55722475
Ecuador,2008,5.52174902
Ecuador,2009,6.03388453
Ecuador,2010,6.34925699
Ecuador,2011,6.60509682
Ecuador,2012,6.87859821
Ecuador,2013,6.77866411
Ecuador,2014,6.76601839
Ecuador,2015,7.76786041
Ecuador,2016,7.58817482
Ecuador,2017,7.52484131
Ecuador,2018,7.83214045
Ecuador,2019,7.80768251
Ecuador,2020,8.6576252
Ecuador,2021,8.20646191
Ecuador,2022,7.53457022
Ecuador,2023,
"Egypt, Arab Rep.",2000,4.92244291
"Egypt, Arab Rep.",2001,5.40030336
"Egypt, Arab Rep.",2002,5.5107379
"Egypt, Arab Rep.",2003,5.2242527
"Egypt, Arab Rep.",2004,4.85732365
"Egypt, Arab Rep.",2005,4.92229176
"Egypt, Arab Rep.",2006,4.84190083
"Egypt, Arab Rep.",2007,4.44493246
"Egypt, Arab Rep.",2008,4.46634817
"Egypt, Arab Rep.",2009,4.37870932
"Egypt, Arab Rep.",2010,4.15319157
"Egypt, Arab Rep.",2011,4.35707569
"Egypt, Arab Rep.",2012,4.45891809
"Egypt, Arab Rep.",2013,4.6710043
"Egypt, Arab Rep.",2014,4.77415323
"Egypt, Arab Rep.",2015,5.06153202
"Egypt, Arab Rep.",2016,5.07462406
"Egypt, Arab Rep.",2017,5.34661913
"Egypt, Arab Rep.",2018,4.74892998
"Egypt, Arab Rep.",2019,4.5994668
"Egypt, Arab Rep.",2020,4.15384626
"Egypt, Arab Rep.",2021,4.60955143
"Egypt, Arab Rep.",2022,4.70438385
"Egypt, Arab Rep.",2023,
Eritrea,2000,5.76670074
Eritrea,2001,5.91931677
Eritrea,2002,6.68857431
Eritrea,2003,7.33703375
Eritrea,2004,7.00984907
Eritrea,2005,6.8641758
Eritrea,2006,6.85727453
Eritrea,2007,5.2786293
Eritrea,2008,6.57807541
Eritrea,2009,5.42343187
Eritrea,2010,4.81866503
Eritrea,2011,5.1622901
Eritrea,2012,3.74245787
Eritrea,2013,4.96765137
Eritrea,2014,3.91432285
Eritrea,2015,4.50776815
Eritrea,2016,3.73838949
Eritrea,2017,4.15359449
Eritrea,2018,4.24748898
Eritrea,2019,4.64806461
Eritrea,2020,4.31046677
Eritrea,2021,4.17839003
Eritrea,2022,3.87447667
Eritrea,2023,
Estonia,2000,5.17029095
Estonia,2001,4.78060246
Estonia,2002,4.70329475
Estonia,2003,5.13883257
Estonia,2004,5.33758926
Estonia,2005,5.29536009
Estonia,2006,4.97390509
Estonia,2007,5.18455648
Estonia,2008,5.95724869
Estonia,2009,6.84477043
Estonia,2010,6.59433842
Estonia,2011,6.0781703
Estonia,2012,6.09506845
Estonia,2013,6.28062296
Estonia,2014,6.36199951
Estonia,2015,6.64135027
Estonia,2016,6.70240974
Estonia,2017,6.59727049
Estonia,2018,6.6912818
Estonia,2019,6.81699181
Estonia,2020,7.57906437
Estonia,2021,7.47860336
Estonia,2022,6.98701143
Estonia,2023,
Ethiopia,2000,4.36504698
Ethiopia,2001,4.72316694
Ethiopia,2002,4.7126298
Ethiopia,2003,4.89970922
Ethiopia,2004,4.31281853
Ethiopia,2005,4.10098124
Ethiopia,2006,4.45757294
Ethiopia,2007,5.00128317
Ethiopia,2008,4.28063869
Ethiopia,2009,4.6496563
Ethiopia,2010,5.46637249
Ethiopia,2011,4.46897745
Ethiopia,2012,4.5395956
Ethiopia,2013,4.07506514
Ethiopia,2014,4.03365517
Ethiopia,2015,3.82316828
Ethiopia,2016,3.60033751
Ethiopia,2017,3.45336914
Ethiopia,2018,3.30371761
Ethiopia,2019,3.24287128
Ethiopia,2020,3.48096275
Ethiopia,2021,3.2075386
Ethiopia,2022,2.85274577
Ethiopia,2023,
Fiji,2000,3.42441177
Fiji,2001,2.90547299
Fiji,2002,2.98349524
Fiji,2003,2.97298193
Fiji,2004,3.25768542
Fiji,2005,3.25656676
Fiji,2006,3.34798193
Fiji,2007,3.41514993
Fiji,2008,3.18467116
Fiji,2009,3.53587627
Fiji,2010,3.41664124
Fiji,2011,3.14293504
Fiji,2012,3.2655499
Fiji,2013,3.20040679
Fiji,2014,3.36860466
Fiji,2015,3.32468939
Fiji,2016,3.27979708
Fiji,2017,3.18689561
Fiji,2018,4.10572624
Fiji,2019,4.28229284
Fiji,2020,5.28987408
Fiji,2021,7.06084681
Fiji,2022,4.00910091
Fiji,2023,3.57928777
Finland,2000,7.09253168
Finland,2001,7.25090456
Finland,2002,7.62769508
Finland,2003,7.9380517
Finland,2004,8.05912876
Finland,2005,8.28795624
Finland,2006,8.2841177
Finland,2007,8.08359432
Finland,2008,8.34310627
Finland,2009,9.16122341
Finland,2010,9.14202785
Finland,2011,9.22303009
Finland,2012,9.5857954
Finland,2013,9.80534649
Finland,2014,9.78115082
Finland,2015,9.64523888
Finland,2016,9.37796021
Finland,2017,9.12670135
Finland,2018,9.04514217
Finland,2019,9.17142677
Finland,2020,9.63249588
Finland,2021,9.83458328
Finland,2022,9.6589222
Finland,2023,
France,2000,9.58447742
France,2001,9.7056284
France,2002,10.02218628
France,2003,10.08283424
France,2004,10.16429329
France,2005,10.2148447
France,2006,10.38566494
France,2007,10.31564426
France,2008,10.50084686
France,2009,11.28756237
France,2010,11.22560215
France,2011,11.18497562
France,2012,11.29740047
France,2013,11.39591122
France,2014,11.52531433
France,2015,11.43985462
France,2016,11.49048996
France,2017,11.37063789
France,2018,11.21033764
France,2019,11.09938431
France,2020,12.07226849
France,2021,12.29229355
France,2022,11.8819046
France,2023,
Gabon,2000,2.90124774
Gabon,2001,3.1483891
Gabon,2002,3.32413292
Gabon,2003,3.53187943
Gabon,2004,3.32979941
Gabon,2005,2.93180609
Gabon,2006,3.14270139
Gabon,2007,3.162256
Gabon,2008,2.78922606
Gabon,2009,3.83494425
Gabon,2010,2.47556901
Gabon,2011,2.55771565
Gabon,2012,2.42097569
Gabon,2013,2.84087205
Gabon,2014,2.53282261
Gabon,2015,2.65743947
Gabon,2016,3.1076982
Gabon,2017,2.78068876
Gabon,2018,2.75235105
Gabon,2019,2.7768569
Gabon,2020,3.41717625
Gabon,2021,2.69024062
Gabon,2022,2.85591531
Gabon,2023,
Georgia,2000,7.194592
Georgia,2001,7.16950893
Georgia,2002,7.81474257
Georgia,2003,8.02952862
Georgia,2004,8.08910847
Georgia,2005,8.07734203
Georgia,2006,7.63208008
Georgia,2007,7.43517828
Georgia,2008,8.44424057
Georgia,2009,9.56681633
Georgia,2010,8.93945503
Georgia,2011,7.82405472
Georgia,2012,7.8538909
Georgia,2013,7.73560286
Georgia,2014,7.75487041
Georgia,2015,7.29130507
Georgia,2016,7.839849
Georgia,2017,6.95936155
Georgia,2018,6.99180031
Georgia,2019,6.59411573
Georgia,2020,8.34160137
Georgia,2021,8.3153286
Georgia,2022,7.25569582
Georgia,2023,
Germany,2000,9.88843536
Germany,2001,9.92069149
Germany,2002,10.18365669
Germany,2003,10.40202236
Germany,2004,10.14603233
Germany,2005,10.31153965
Germany,2006,10.17995167
Germany,2007,10.05132961
Germany,2008,10.25128746
Germany,2009,11.23791218
Germany,2010,11.09592915
Germany,2011,10.77844906
Germany,2012,10.85345554
Germany,2013,10.99905777
Germany,2014,11.02588272
Germany,2015,11.19027996
Germany,2016,11.24166584
Germany,2017,11.32552433
Germany,2018,11.47314644
Germany,2019,11.71595001
Germany,2020,12.6902256
Germany,2021,12.90171242
Germany,2022,12.60513115
Germany,2023,11.79903221
Ghana,2000,1.7894485
Ghana,2001,2.00262952
Ghana,2002,2.0873971
Ghana,2003,2.29618859
Ghana,2004,2.5311327
Ghana,2005,3.50288439
Ghana,2006,3.92255616
Ghana,2007,3.96242404
Ghana,2008,3.95173097
Ghana,2009,4.40091085
Ghana,2010,4.73425055
Ghana,2011,4.4685564
Ghana,2012,3.91583276
Ghana,2013,4.59225416
Ghana,2014,4.01644135
Ghana,2015,4.5429678
Ghana,2016,3.39035821
Ghana,2017,2.68786979
Ghana,2018,2.43001175
Ghana,2019,3.25450468
Ghana,2020,4.4331708
Ghana,2021,3.86030865
Ghana,2022,3.6993649
Ghana,2023,
Greece,2000,7.24332571
Greece,2001,7.9878397
Greece,2002,8.23377991
Greece,2003,8.44915581
Greece,2004,8.0939045
Greece,2005,8.56466961
Greece,2006,8.25866985
Greece,2007,8.39808273
Greece,2008,8.82774162
Greece,2009,9.40688515
Greece,2010,9.59662342
Greece,2011,9.19330311
Greece,2012,8.92415524
Greece,2013,8.43796444
Greece,2014,7.8914113
Greece,2015,8.22004509
Greece,2016,8.44874573
Greece,2017,8.13515854
Greece,2018,8.12024307
Greece,2019,8.1982832
Greece,2020,9.5242157
Greece,2021,9.18476486
Greece,2022,8.49983692
Greece,2023,
Grenada,2000,5.35886383
Grenada,2001,5.62456989
Grenada,2002,6.17569733
Grenada,2003,5.28485727
Grenada,2004,5.36568451
Grenada,2005,5.14460278
Grenada,2006,5.11352158
Grenada,2007,5.23867893
Grenada,2008,5.386199
Grenada,2009,5.43471003
Grenada,2010,5.4188118
Grenada,2011,5.80423355
Grenada,2012,5.82235765
Grenada,2013,5.62652922
Grenada,2014,4.77353573
Grenada,2015,4.64675617
Grenada,2016,4.43910027
Grenada,2017,4.65701056
Grenada,2018,4.58373737
Grenada,2019,4.93189621
Grenada,2020,5.3228159
Grenada,2021,5.34433317
Grenada,2022,4.94846392
Grenada,2023,
Guatemala,2000,5.39686108
Guatemala,2001,6.07023716
Guatemala,2002,6.01301289
Guatemala,2003,6.15306854
Guatemala,2004,6.26182795
Guatemala,2005,6.14826393
Guatemala,2006,6.36362219
Guatemala,2007,6.1918335
Guatemala,2008,6.08129978
Guatemala,2009,6.33938646
Guatemala,2010,6.1247797
Guatemala,2011,5.96306896
Guatemala,2012,6.07316971
Guatemala,2013,5.77188921
Guatemala,2014,5.8885684
Guatemala,2015,6.00602007
Guatemala,2016,6.07008219
Guatemala,2017,6.13563824
Guatemala,2018,6.10662699
Guatemala,2019,6.17443275
Guatemala,2020,6.45951891
Guatemala,2021,6.97680426
Guatemala,2022,7.44098806
Guatemala,2023,
"Hong Kong SAR, China",2000,
"Hong Kong SAR, China",2001,
"Hong Kong SAR, China",2002,
"Hong Kong SAR, China",2003,
"Hong Kong SAR, China",2004,
"Hong Kong SAR, China",2005,
"Hong Kong SAR, China",2006,
"Hong Kong SAR, China",2007,
"Hong Kong SAR, China",2008,
"Hong Kong SAR, China",2009,
"Hong Kong SAR, China",2010,
"Hong Kong SAR, China",2011,
"Hong Kong SAR, China",2012,
"Hong Kong SAR, China",2013,
"Hong Kong SAR, China",2014,
"Hong Kong SAR, China",2015,
"Hong Kong SAR, China",2016,
"Hong Kong SAR, China",2017,
"Hong Kong SAR, China",2018,
"Hong Kong SAR, China",2019,
"Hong Kong SAR, China",2020,
"Hong Kong SAR, China",2021,
"Hong Kong SAR, China",2022,
"Hong Kong SAR, China",2023,
Hungary,2000,6.77804327
Hungary,2001,6.82614756
Hungary,2002,7.1210165
Hungary,2003,8.1208477
Hungary,2004,7.75805521
Hungary,2005,7.98451281
Hungary,2006,7.77806187
Hungary,2007,7.20393276
Hungary,2008,7.08839607
Hungary,2009,7.22221708
Hungary,2010,7.44858313
Hungary,2011,7.48130894
Hungary,2012,7.41063309
Hungary,2013,7.23441315
Hungary,2014,7.04665947
Hungary,2015,6.85402203
Hungary,2016,6.9877739
Hungary,2017,6.74387121
Hungary,2018,6.57987547
Hungary,2019,6.28167295
Hungary,2020,7.28760386
Hungary,2021,7.38329268
Hungary,2022,6.68981791
Hungary,2023,6.3573041
Iceland,2000,8.89924335
Iceland,2001,8.75266171
Iceland,2002,9.40382481
Iceland,2003,9.72930241
Iceland,2004,9.32854366
Iceland,2005,8.94694996
Iceland,2006,8.55709076
Iceland,2007,8.3535862
Iceland,2008,8.34370804
Iceland,2009,8.77518463
Iceland,2010,8.36173058
Iceland,2011,8.25498867
Iceland,2012,8.23091221
Iceland,2013,8.22651291
Iceland,2014,8.29044247
Iceland,2015,8.13121986
Iceland,2016,8.15569115
Iceland,2017,8.3243084
Iceland,2018,8.43817616
Iceland,2019,8.63996315
Iceland,2020,9.67780685
Iceland,2021,9.78697014
Iceland,2022,9.28593922
Iceland,2023,8.99166012
India,2000,4.10568476
India,2001,4.33754253
India,2002,4.31453371
India,2003,4.07877731
India,2004,4.02679491
India,2005,3.85508275
India,2006,3.66901541
India,2007,3.58103991
India,2008,3.58856082
India,2009,3.54637694
India,2010,3.33625913
India,2011,3.24634218
India,2012,3.32935286
India,2013,3.74944186
India,2014,3.61956549
India,2015,3.59565973
India,2016,3.50430417
India,2017,2.93597651
India,2018,2.8584938
India,2019,2.95299792
India,2020,3.34146094
India,2021,3.34680939
India,2022,3.3058846
India,2023,
Indonesia,2000,1.85297656
Indonesia,2001,2.11850214
Indonesia,2002,1.98062706
Indonesia,2003,2.24837184
Indonesia,2004,2.12002277
Indonesia,2005,2.53189397
Indonesia,2006,2.61946416
Indonesia,2007,2.82385564
Indonesia,2008,2.54842305
Indonesia,2009,2.62324095
Indonesia,2010,2.7908783
Indonesia,2011,2.98942471
Indonesia,2012,2.91427088
Indonesia,2013,2.86934805
Indonesia,2014,2.96433568
Indonesia,2015,2.92428517
Indonesia,2016,3.02147198
Indonesia,2017,2.90417194
Indonesia,2018,2.86757827
Indonesia,2019,2.87862897
Indonesia,2020,3.42067289
Indonesia,2021,3.70634937
Indonesia,2022,2.69394851
Indonesia,2023,
"Iran, Islamic Rep.",2000,4.72250843
"Iran, Islamic Rep.",2001,5.16087341
"Iran, Islamic Rep.",2002,4.65182209
"Iran, Islamic Rep.",2003,4.95589161
"Iran, Islamic Rep.",2004,5.12801409
"Iran, Islamic Rep.",2005,5.29996157
"Iran, Islamic Rep.",2006,5.15990877
"Iran, Islamic Rep.",2007,4.91188192
"Iran, Islamic Rep.",2008,5.03990459
"Iran, Islamic Rep.",2009,6.11493444
"Iran, Islamic Rep.",2010,6.29153061
"Iran, Islamic Rep.",2011,6.09787989
"Iran, Islamic Rep.",2012,6.12235117
"Iran, Islamic Rep.",2013,5.54722023
"Iran, Islamic Rep.",2014,6.35239553
"Iran, Islamic Rep.",2015,7.53311825
"Iran, Islamic Rep.",2016,7.99202633
"Iran, Islamic Rep.",2017,7.83454609
"Iran, Islamic Rep.",2018,7.73915195
"Iran, Islamic Rep.",2019,6.27398872
"Iran, Islamic Rep.",2020,5.40149546
"Iran, Islamic Rep.",2021,5.77013779
"Iran, Islamic Rep.",2022,5.34889174
"Iran, Islamic Rep.",2023,
Ireland,2000,5.8990283
Ireland,2001,6.39249372
Ireland,2002,6.67263031
Ireland,2003,7.00761414
Ireland,2004,7.21972942
Ireland,2005,7.64242792
Ireland,2006,7.51646996
Ireland,2007,7.80773735
Ireland,2008,9.12564754
Ireland,2009,10.52275753
Ireland,2010,10.52404499
Ireland,2011,10.5987215
Ireland,2012,10.6218853
Ireland,2013,10.28716469
Ireland,2014,9.49471951
Ireland,2015,7.32119417
Ireland,2016,7.4818964
Ireland,2017,7.10795546
Ireland,2018,6.47943211
Ireland,2019,6.71554708
Ireland,2020,7.06342745
Ireland,2021,6.59614468
Ireland,2022,6.11978531
Ireland,2023,
Israel,2000,6.61731339
Israel,2001,7.01818132
Israel,2002,6.92267561
Israel,2003,6.85543919
Israel,2004,6.80059671
Israel,2005,6.90324974
Israel,2006,6.70972347
Israel,2007,6.69537067
Israel,2008,6.82830238
Israel,2009,6.91636944
Israel,2010,6.88817596
Israel,2011,6.83919144
Israel,2012,6.97648525
Israel,2013,6.95815229
Israel,2014,7.04530668
Israel,2015,7.02217817
Israel,2016,7.09562969
Israel,2017,7.17605686
Israel,2018,7.22799444
Israel,2019,7.17438793
Israel,2020,7.70120192
Israel,2021,7.67129993
Israel,2022,7.34161806
Israel,2023,
Italy,2000,7.56665516
Italy,2001,7.7376852
Italy,2002,7.86693573
Italy,2003,7.83297729
Italy,2004,8.16549301
Italy,2005,8.33931828
Italy,2006,8.43673038
Italy,2007,8.13616276
Italy,2008,8.53282356
Italy,2009,8.95162296
Italy,2010,8.91602039
Italy,2011,8.77407074
Italy,2012,8.78352833
Italy,2013,8.77543831
Italy,2014,8.86791801
Italy,2015,8.85689163
Italy,2016,8.72533035
Italy,2017,8.67773914
Italy,2018,8.68187714
Italy,2019,8.65633965
Italy,2020,9.62485981
Italy,2021,9.34389782
Italy,2022,9.02753067
Italy,2023,8.51808929
Jamaica,2000,5.64462519
Jamaica,2001,5.15652943
Jamaica,2002,4.74544334
Jamaica,2003,4.22014141
Jamaica,2004,4.80435276
Jamaica,2005,4.54581785
Jamaica,2006,4.20788145
Jamaica,2007,5.32057667
Jamaica,2008,5.61143064
Jamaica,2009,5.14654493
Jamaica,2010,5.2951932
Jamaica,2011,5.23845339
Jamaica,2012,4.88512897
Jamaica,2013,4.95443439
Jamaica,2014,5.16564465
Jamaica,2015,5.62470436
Jamaica,2016,5.70102215
Jamaica,2017,6.14859295
Jamaica,2018,5.96798849
Jamaica,2019,6.09761
Jamaica,2020,6.62580395
Jamaica,2021,7.18521214
Jamaica,2022,7.77706337
Jamaica,2023,
Japan,2000,7.03456163
Japan,2001,7.23947906
Japan,2002,7.35235405
Japan,2003,7.48654842
Japan,2004,7.53518438
Japan,2005,7.65818596
Japan,2006,7.68688869
Japan,2007,7.77935696
Japan,2008,8.08909321
Japan,2009,8.9587822
Japan,2010,9.0630064
Japan,2011,10.48780155
Japan,2012,10.67169094
Japan,2013,10.67438698
Japan,2014,10.7290144
Japan,2015,10.74969959
Japan,2016,10.65891552
Japan,2017,10.65627098
Japan,2018,10.73988247
Japan,2019,10.96998405
Japan,2020,11.20903683
Japan,2021,11.18996906
Japan,2022,11.42183685
Japan,2023,
Jordan,2000,9.34367943
Jordan,2001,9.57236385
Jordan,2002,9.2786417
Jordan,2003,8.78901005
Jordan,2004,8.74670506
Jordan,2005,8.49441624
Jordan,2006,7.67925692
Jordan,2007,7.90982628
Jordan,2008,8.48880577
Jordan,2009,9.22396946
Jordan,2010,8.17025661
Jordan,2011,8.14807701
Jordan,2012,7.81799555
Jordan,2013,7.16592407
Jordan,2014,7.20892906
Jordan,2015,7.4609561
Jordan,2016,6.97644138
Jordan,2017,7.10953665
Jordan,2018,6.98295021
Jordan,2019,7.07244635
Jordan,2020,7.11578226
Jordan,2021,7.20182657
Jordan,2022,6.82820034
Jordan,2023,
Kazakhstan,2000,4.16032362
Kazakhstan,2001,3.47098351
Kazakhstan,2002,3.61481094
Kazakhstan,2003,3.72334599
Kazakhstan,2004,3.98307943
Kazakhstan,2005,3.90173173
Kazakhstan,2006,3.39824891
Kazakhstan,2007,2.70314884
Kazakhstan,2008,3.02569818
Kazakhstan,2009,3.47355556
Kazakhstan,2010,2.73641348
Kazakhstan,2011,2.60236716
Kazakhstan,2012,3.03725958
Kazakhstan,2013,2.66286707
Kazakhstan,2014,2.97468472
Kazakhstan,2015,3.04051137
Kazakhstan,2016,3.42235589
Kazakhstan,2017,3.05244446
Kazakhstan,2018,2.8178606
Kazakhstan,2019,2.78745699
Kazakhstan,2020,3.75300956
Kazakhstan,2021,3.92458963
Kazakhstan,2022,3.74026752
Kazakhstan,2023,
Kenya,2000,3.62446713
Kenya,2001,3.73997474
Kenya,2002,3.82154393
Kenya,2003,4.03360462
Kenya,2004,4.21154118
Kenya,2005,4.2173605
Kenya,2006,5.01337528
Kenya,2007,5.12351847
Kenya,2008,5.19043827
Kenya,2009,5.29172945
Kenya,2010,5.38849831
Kenya,2011,5.20212841
Kenya,2012,5.0180583
Kenya,2013,4.93100405
Kenya,2014,4.91267347
Kenya,2015,4.76439571
Kenya,2016,4.75429106
Kenya,2017,3.98597503
Kenya,2018,4.09903383
Kenya,2019,4.36874676
Kenya,2020,4.49248838
Kenya,2021,4.56525421
Kenya,2022,4.32603645
Kenya,2023,
"Korea, Rep.",2000,3.85544205
"Korea, Rep.",2001,4.32142305
"Korea, Rep.",2002,4.05226278
"Korea, Rep.",2003,4.63368225
"Korea, Rep.",2004,4.60466433
"Korea, Rep.",2005,4.8394208
"Korea, Rep.",2006,5.16117191
"Korea, Rep.",2007,5.16154528
"Korea, Rep.",2008,5.39977121
"Korea, Rep.",2009,5.89820576
"Korea, Rep.",2010,6.02606916
"Korea, Rep.",2011,6.12371254
"Korea, Rep.",2012,6.17752457
"Korea, Rep.",2013,6.31104422
"Korea, Rep.",2014,6.50225973
"Korea, Rep.",2015,6.72447348
"Korea, Rep.",2016,6.89293242
"Korea, Rep.",2017,7.04771852
"Korea, Rep.",2018,7.46262026
"Korea, Rep.",2019,8.1267519
"Korea, Rep.",2020,8.3554945
"Korea, Rep.",2021,8.95732689
"Korea, Rep.",2022,9.43414211
"Korea, Rep.",2023,9.88014412
Kosovo,2000,
Kosovo,2001,
Kosovo,2002,
Kosovo,2003,
Kosovo,2004,
Kosovo,2005,
Kosovo,2006,
Kosovo,2007,
Kosovo,2008,
Kosovo,2009,
Kosovo,2010,
Kosovo,2011,
Kosovo,2012,
Kosovo,2013,
Kosovo,2014,
Kosovo,2015,
Kosovo,2016,
Kosovo,2017,
Kosovo,2018,
Kosovo,2019,
Kosovo,2020,
Kosovo,2021,
Kosovo,2022,
Kosovo,2023,
Kuwait,2000,2.20362997
Kuwait,2001,3.18719625
Kuwait,2002,3.12441754
Kuwait,2003,2.76042604
Kuwait,2004,2.35702467
Kuwait,2005,2.013309
Kuwait,2006,1.8213098
Kuwait,2007,1.92673647
Kuwait,2008,1.92400301
Kuwait,2009,2.70638776
Kuwait,2010,2.67879915
Kuwait,2011,2.33303547
Kuwait,2012,2.33311439
Kuwait,2013,2.48789287
Kuwait,2014,2.9159987
Kuwait,2015,4.21497965
Kuwait,2016,4.73096323
Kuwait,2017,4.65326786
Kuwait,2018,5.18862629
Kuwait,2019,5.2627306
Kuwait,2020,6.23488235
Kuwait,2021,5.50187826
Kuwait,2022,4.26875782
Kuwait,2023,
Kyrgyz Republic,2000,4.41414976
Kyrgyz Republic,2001,4.27703238
Kyrgyz Republic,2002,4.59219551
Kyrgyz Republic,2003,5.82382107
Kyrgyz Republic,2004,6.20281315
Kyrgyz Republic,2005,7.45010662
Kyrgyz Republic,2006,8.3118391
Kyrgyz Republic,2007,6.93210649
Kyrgyz Republic,2008,6.52511883
Kyrgyz Republic,2009,6.89873457
Kyrgyz Republic,2010,6.95027161
Kyrgyz Republic,2011,7.1072917
Kyrgyz Republic,2012,8.50966358
Kyrgyz Republic,2013,8.18745136
Kyrgyz Republic,2014,7.35766459
Kyrgyz Republic,2015,7.14930916
Kyrgyz Republic,2016,6.41248226
Kyrgyz Republic,2017,6.18586349
Kyrgyz Republic,2018,5.01030922
Kyrgyz Republic,2019,4.25461817
Kyrgyz Republic,2020,4.94803715
Kyrgyz Republic,2021,5.35275412
Kyrgyz Republic,2022,4.92258883
Kyrgyz Republic,2023,
Latvia,2000,5.43338442
Latvia,2001,5.77004433
Latvia,2002,5.76281166
Latvia,2003,5.4793458
Latvia,2004,6.20221329
Latvia,2005,5.83247328
Latvia,2006,5.70438385
Latvia,2007,5.51350451
Latvia,2008,5.58478308
Latvia,2009,6.09759474
Latvia,2010,6.097435
Latvia,2011,5.72401047
Latvia,2012,5.41047668
Latvia,2013,5.40874767
Latvia,2014,5.46339607
Latvia,2015,5.65211773
Latvia,2016,6.1332593
Latvia,2017,5.96542788
Latvia,2018,6.18867874
Latvia,2019,6.63697243
Latvia,2020,7.28520584
Latvia,2021,9.10995388
Latvia,2022,7.62168407
Latvia,2023,
Liechtenstein,2000,
Liechtenstein,2001,
Liechtenstein,2002,
Liechtenstein,2003,
Liechtenstein,2004,
Liechtenstein,2005,
Liechtenstein,2006,
Liechtenstein,2007,
Liechtenstein,2008,
Liechtenstein,2009,
Liechtenstein,2010,
Liechtenstein,2011,
Liechtenstein,2012,
Liechtenstein,2013,
Liechtenstein,2014,
Liechtenstein,2015,
Liechtenstein,2016,
Liechtenstein,2017,
Liechtenstein,2018,
Liechtenstein,2019,
Liechtenstein,2020,
Liechtenstein,2021,
Liechtenstein,2022,
Liechtenstein,2023,
Lithuania,2000,6.19950438
Lithuania,2001,6.01339626
Lithuania,2002,6.14446115
Lithuania,2003,6.18627787
Lithuania,2004,5.51149988
Lithuania,2005,5.64800453
Lithuania,2006,5.84418154
Lithuania,2007,5.7643218
Lithuania,2008,6.29453707
Lithuania,2009,7.36587334
Lithuania,2010,6.81462288
Lithuania,2011,6.48781538
Lithuania,2012,6.2759347
Lithuania,2013,6.12593651
Lithuania,2014,6.19332647
Lithuania,2015,6.49043989
Lithuania,2016,6.63746262
Lithuania,2017,6.4444623
Lithuania,2018,6.53038597
Lithuania,2019,6.98445415
Lithuania,2020,7.47439718
Lithuania,2021,7.75970221
Lithuania,2022,7.24335003
Lithuania,2023,7.29381466
Malaysia,2000,2.51463366
Malaysia,2001,2.6753974
Malaysia,2002,2.66876554
Malaysia,2003,2.92417073
Malaysia,2004,2.86016941
Malaysia,2005,2.78692698
Malaysia,2006,3.10897732
Malaysia,2007,3.07041144
Malaysia,2008,3.00692558
Malaysia,2009,3.2610569
Malaysia,2010,3.16474271
Malaysia,2011,3.31451917
Malaysia,2012,3.45786357
Malaysia,2013,3.51276922
Malaysia,2014,3.71036959
Malaysia,2015,3.82201481
Malaysia,2016,3.70085335
Malaysia,2017,3.71472311
Malaysia,2018,3.75944281
Malaysia,2019,3.83991051
Malaysia,2020,4.08254337
Malaysia,2021,4.37382412
Malaysia,2022,3.90591931
Malaysia,2023,
Mauritius,2000,2.85734653
Mauritius,2001,2.92151856
Mauritius,2002,3.18897271
Mauritius,2003,3.18201613
Mauritius,2004,3.31652546
Mauritius,2005,3.51794028
Mauritius,2006,3.60573649
Mauritius,2007,3.52321672
Mauritius,2008,3.93896508
Mauritius,2009,4.17035627
Mauritius,2010,4.51898289
Mauritius,2011,4.25059652
Mauritius,2012,4.21993399
Mauritius,2013,4.620821
Mauritius,2014,5.38024664
Mauritius,2015,5.55042362
Mauritius,2016,5.54289532
Mauritius,2017,5.59857273
Mauritius,2018,5.60310221
Mauritius,2019,5.69508171
Mauritius,2020,6.09606028
Mauritius,2021,6.6160841
Mauritius,2022,5.82381678
Mauritius,2023,
Mexico,2000,4.24436522
Mexico,2001,4.58201361
Mexico,2002,4.83042812
Mexico,2003,5.53978777
Mexico,2004,5.6835022
Mexico,2005,5.58110142
Mexico,2006,5.40647888
Mexico,2007,5.50668049
Mexico,2008,5.44587374
Mexico,2009,5.84786463
Mexico,2010,5.4897337
Mexico,2011,5.30093002
Mexico,2012,5.42140484
Mexico,2013,5.5773263
Mexico,2014,5.35336781
Mexico,2015,5.52738619
Mexico,2016,5.38499022
Mexico,2017,5.3117938
Mexico,2018,5.23821402
Mexico,2019,5.29685831
Mexico,2020,6.0537405
Mexico,2021,5.89244318
Mexico,2022,5.72145176
Mexico,2023,
Moldova,2000,5.92687273
Moldova,2001,6.23449755
Moldova,2002,7.40437651
Moldova,2003,7.02227592
Moldova,2004,8.97114944
Moldova,2005,9.55814838
Moldova,2006,10.54445267
Moldova,2007,11.02066803
Moldova,2008,10.94920063
Moldova,2009,13.6766243
Moldova,2010,10.13112831
Moldova,2011,9.09670353
Moldova,2012,9.13962078
Moldova,2013,8.68300343
Moldova,2014,8.63275623
Moldova,2015,8.55763531
Moldova,2016,7.53552246
Moldova,2017,7.1278038
Moldova,2018,6.70760345
Moldova,2019,6.49662447
Moldova,2020,7.00484037
Moldova,2021,7.7490406
Moldova,2022,6.96505404
Moldova,2023,
Mongolia,2000,6.07605076
Mongolia,2001,5.4423995
Mongolia,2002,5.49190998
Mongolia,2003,4.29768944
Mongolia,2004,4.30204487
Mongolia,2005,3.86456275
Mongolia,2006,3.74971509
Mongolia,2007,4.07522774
Mongolia,2008,4.55693007
Mongolia,2009,4.45980072
Mongolia,2010,3.73945642
Mongolia,2011,3.58612084
Mongolia,2012,3.85800076
Mongolia,2013,4.08932018
Mongolia,2014,4.20989752
Mongolia,2015,4.23154545
Mongolia,2016,4.58008575
Mongolia,2017,4.33954191
Mongolia,2018,4.53449297
Mongolia,2019,4.49497986
Mongolia,2020,4.6662488
Mongolia,2021,7.21042728
Mongolia,2022,8.85170174
Mongolia,2023,
Montenegro,2000,
Montenegro,2001,
Montenegro,2002,
Montenegro,2003,
Montenegro,2004,
Montenegro,2005,
Montenegro,2006,
Montenegro,2007,
Montenegro,2008,
Montenegro,2009,
Montenegro,2010,
Montenegro,2011,7.96692181
Montenegro,2012,8.29550457
Montenegro,2013,8.47144604
Montenegro,2014,8.00086784
Montenegro,2015,9.02188778
Montenegro,2016,8.63302994
Montenegro,2017,7.98255396
Montenegro,2018,8.34355545
Montenegro,2019,8.32983208
Montenegro,2020,11.42177582
Montenegro,2021,10.55253506
Montenegro,2022,10.92241859
Montenegro,2023,
Morocco,2000,3.69304585
Morocco,2001,3.81601191
Morocco,2002,4.06117535
Morocco,2003,4.08037519
Morocco,2004,4.23211098
Morocco,2005,4.37350655
Morocco,2006,4.56586647
Morocco,2007,4.80759001
Morocco,2008,4.83789158
Morocco,2009,5.27312183
Morocco,2010,5.41861057
Morocco,2011,5.37019396
Morocco,2012,5.39619017
Morocco,2013,5.25540543
Morocco,2014,5.41626596
Morocco,2015,5.10435581
Morocco,2016,5.09203386
Morocco,2017,4.98920393
Morocco,2018,4.94516659
Morocco,2019,4.9953146
Morocco,2020,5.59079361
Morocco,2021,5.522717
Morocco,2022,5.68049145
Morocco,2023,
Mozambique,2000,2.14253044
Mozambique,2001,2.80098224
Mozambique,2002,3.18652654
Mozambique,2003,3.25095367
Mozambique,2004,3.53062654
Mozambique,2005,4.21435642
Mozambique,2006,3.94559026
Mozambique,2007,3.79955554
Mozambique,2008,4.13496828
Mozambique,2009,5.05562353
Mozambique,2010,5.29249668
Mozambique,2011,4.9217639
Mozambique,2012,5.14035702
Mozambique,2013,6.04556036
Mozambique,2014,6.24013042
Mozambique,2015,6.60972881
Mozambique,2016,7.21501875
Mozambique,2017,7.80532169
Mozambique,2018,7.97903347
Mozambique,2019,7.90207434
Mozambique,2020,7.54172373
Mozambique,2021,8.86981869
Mozambique,2022,8.77717781
Mozambique,2023,
Namibia,2000,9.23999977
Namibia,2001,9.64409447
Namibia,2002,9.68074989
Namibia,2003,9.91340542
Namibia,2004,10.12623405
Namibia,2005,10.08441544
Namibia,2006,10.57086945
Namibia,2007,10.71633053
Namibia,2008,9.91801167
Namibia,2009,9.04967022
Namibia,2010,9.72781372
Namibia,2011,9.83193302
Namibia,2012,9.26659298
Namibia,2013,9.06448746
Namibia,2014,8.4089098
Namibia,2015,9.98109627
Namibia,2016,9.3223238
Namibia,2017,8.72573948
Namibia,2018,8.28609943
Namibia,2019,8.39904404
Namibia,2020,8.88723373
Namibia,2021,9.33766365
Namibia,2022,9.29635525
Namibia,2023,
Netherlands,2000,7.7069602
Netherlands,2001,8.05945873
Netherlands,2002,8.64913177
Netherlands,2003,9.05657101
Netherlands,2004,9.1107645
Netherlands,2005,9.09666824
Netherlands,2006,9.08055115
Netherlands,2007,9.05292606
Netherlands,2008,9.27660465
Netherlands,2009,9.9929266
Netherlands,2010,10.15508747
Netherlands,2011,10.23357868
Netherlands,2012,10.53898716
Netherlands,2013,10.58363628
Netherlands,2014,10.56703758
Netherlands,2015,10.32393837
Netherlands,2016,10.05679512
Netherlands,2017,10.1082983
Netherlands,2018,10.01993561
Netherlands,2019,10.14039612
Netherlands,2020,11.22355747
Netherlands,2021,11.12490749
Netherlands,2022,10.10068321
Netherlands,2023,
New Zealand,2000,7.4700222
New Zealand,2001,7.5789361
New Zealand,2002,7.90045929
New Zealand,2003,7.72169256
New Zealand,2004,7.90090561
New Zealand,2005,8.27334881
New Zealand,2006,8.63841629
New Zealand,2007,8.32904434
New Zealand,2008,9.12382889
New Zealand,2009,9.62076378
New Zealand,2010,9.59277534
New Zealand,2011,9.51987362
New Zealand,2012,9.65163612
New Zealand,2013,9.36019325
New Zealand,2014,9.40168381
New Zealand,2015,9.28344345
New Zealand,2016,9.24379444
New Zealand,2017,8.9698782
New Zealand,2018,9.03810501
New Zealand,2019,9.50996971
New Zealand,2020,10.05994129
New Zealand,2021,10.0194025
New Zealand,2022,10.02858067
New Zealand,2023,
Niger,2000,4.69005966
Niger,2001,4.75815105
Niger,2002,4.85896921
Niger,2003,4.77953815
Niger,2004,5.01118755
Niger,2005,5.67637587
Niger,2006,5.80890512
Niger,2007,5.38838625
Niger,2008,5.22304106
Niger,2009,5.33017302
Niger,2010,5.02160501
Niger,2011,4.87323856
Niger,2012,4.30732679
Niger,2013,4.46636009
Niger,2014,4.45377159
Niger,2015,5.34745932
Niger,2016,4.53239059
Niger,2017,5.57609606
Niger,2018,5.30310822
Niger,2019,5.66642094
Niger,2020,6.17007589
Niger,2021,5.81452751
Niger,2022,4.35259724
Niger,2023,
Nigeria,2000,3.1973834
Nigeria,2001,3.18946862
Nigeria,2002,2.49063969
Nigeria,2003,5.05360985
Nigeria,2004,4.63368416
Nigeria,2005,4.46591949
Nigeria,2006,4.25775146
Nigeria,2007,3.90997243
Nigeria,2008,3.69581532
Nigeria,2009,3.5801971
Nigeria,2010,3.29653287
Nigeria,2011,3.32077932
Nigeria,2012,3.35984254
Nigeria,2013,3.4206934
Nigeria,2014,3.34840417
Nigeria,2015,3.58194995
Nigeria,2016,3.64773679
Nigeria,2017,3.74762511
Nigeria,2018,3.09069347
Nigeria,2019,2.98547053
Nigeria,2020,3.38063431
Nigeria,2021,4.07625723
Nigeria,2022,4.27090406
Nigeria,2023,
North Macedonia,2000,8.86991501
North Macedonia,2001,8.3815918
North Macedonia,2002,8.97826958
North Macedonia,2003,9.00857735
North Macedonia,2004,8.46505451
North Macedonia,2005,7.67907524
North Macedonia,2006,7.38314581
North Macedonia,2007,6.57065344
North Macedonia,2008,6.55317593
North Macedonia,2009,6.52846384
North Macedonia,2010,6.71369696
North Macedonia,2011,6.51887369
North Macedonia,2012,6.61468363
North Macedonia,2013,6.71928358
North Macedonia,2014,6.28993368
North Macedonia,2015,6.34227896
North Macedonia,2016,6.37943363
North Macedonia,2017,6.43909454
North Macedonia,2018,6.45699358
North Macedonia,2019,7.06654119
North Macedonia,2020,7.73212385
North Macedonia,2021,8.5240345
North Macedonia,2022,7.6204114
North Macedonia,2023,
Norway,2000,7.70270586
Norway,2001,8.00972462
Norway,2002,8.98267078
Norway,2003,9.19355106
Norway,2004,8.79598331
Norway,2005,8.29899502
Norway,2006,7.8822999
Norway,2007,8.01673985
Norway,2008,7.91507673
Norway,2009,9.03254128
Norway,2010,8.8581152
Norway,2011,8.73474026
Norway,2012,8.72188568
Norway,2013,8.87431335
Norway,2014,9.28297901
Norway,2015,10.06992245
Norway,2016,10.53049755
Norway,2017,10.22983646
Norway,2018,9.96037865
Norway,2019,10.43807507
Norway,2020,11.42416382
Norway,2021,9.8142643
Norway,2022,7.94803333
Norway,2023,
Pakistan,2000,2.48079324
Pakistan,2001,2.33959723
Pakistan,2002,2.42219901
Pakistan,2003,2.10399199
Pakistan,2004,2.03666282
Pakistan,2005,2.37323904
Pakistan,2006,2.73132491
Pakistan,2007,2.62370729
Pakistan,2008,2.56806731
Pakistan,2009,2.49995875
Pakistan,2010,2.42967653
Pakistan,2011,2.23121333
Pakistan,2012,2.22185278
Pakistan,2013,2.4164784
Pakistan,2014,2.48899078
Pakistan,2015,2.49493265
Pakistan,2016,2.57026362
Pakistan,2017,2.7863009
Pakistan,2018,2.82844949
Pakistan,2019,2.84736943
Pakistan,2020,2.95273018
Pakistan,2021,2.99015832
Pakistan,2022,2.90434051
Pakistan,2023,
Panama,2000,6.98486614
Panama,2001,6.91849852
Panama,2002,7.05643845
Panama,2003,6.71176672
Panama,2004,7.08192825
Panama,2005,6.20666599
Panama,2006,6.54604864
Panama,2007,7.35227633
Panama,2008,6.80452538
Panama,2009,6.9857955
Panama,2010,7.22332573
Panama,2011,6.83196259
Panama,2012,6.50450659
Panama,2013,6.52210426
Panama,2014,6.91532087
Panama,2015,6.93698502
Panama,2016,7.09378099
Panama,2017,7.16492653
Panama,2018,7.60132933
Panama,2019,8.13541794
Panama,2020,10.21630001
Panama,2021,9.13571072
Panama,2022,8.46561432
Panama,2023,
Paraguay,2000,6.01865244
Paraguay,2001,5.60815811
Paraguay,2002,4.75770569
Paraguay,2003,4.90703917
Paraguay,2004,4.93224335
Paraguay,2005,4.82934713
Paraguay,2006,5.01927567
Paraguay,2007,5.02042723
Paraguay,2008,5.03776026
Paraguay,2009,5.52496862
Paraguay,2010,5.46593952
Paraguay,2011,5.82225847
Paraguay,2012,6.53144598
Paraguay,2013,6.0642848
Paraguay,2014,6.62719059
Paraguay,2015,6.69165802
Paraguay,2016,6.67556572
Paraguay,2017,6.60902548
Paraguay,2018,6.74497652
Paraguay,2019,7.16081905
Paraguay,2020,7.67533064
Paraguay,2021,8.03277016
Paraguay,2022,7.73804235
Paraguay,2023,
Peru,2000,4.41482639
Peru,2001,4.72161007
Peru,2002,4.93902588
Peru,2003,4.58703804
Peru,2004,4.42972279
Peru,2005,4.66598511
Peru,2006,4.409585
Peru,2007,4.42611313
Peru,2008,4.53154564
Peru,2009,4.96264839
Peru,2010,4.71338701
Peru,2011,4.53380108
Peru,2012,4.7344017
Peru,2013,4.72346115
Peru,2014,4.93103409
Peru,2015,4.92147398
Peru,2016,4.91142178
Peru,2017,4.82783127
Peru,2018,5.09981441
Peru,2019,5.1381588
Peru,2020,6.36273861
Peru,2021,6.67921352
Peru,2022,6.0930872
Peru,2023,
Philippines,2000,3.05512357
Philippines,2001,2.84775972
Philippines,2002,2.63767385
Philippines,2003,3.07663488
Philippines,2004,3.0468533
Philippines,2005,3.74253035
Philippines,2006,3.77762938
Philippines,2007,3.75318074
Philippines,2008,3.86315918
Philippines,2009,4.16451931
Philippines,2010,4.13107872
Philippines,2011,4.02518559
Philippines,2012,4.17709208
Philippines,2013,4.27408695
Philippines,2014,3.70313668
Philippines,2015,3.8982749
Philippines,2016,3.95484328
Philippines,2017,3.96042776
Philippines,2018,3.9538188
Philippines,2019,4.16646004
Philippines,2020,5.16214037
Philippines,2021,5.97500563
Philippines,2022,5.15676308
Philippines,2023,5.10629606
Poland,2000,5.28789568
Poland,2001,5.66721439
Poland,2002,6.06724358
Poland,2003,5.95371294
Poland,2004,5.86845207
Poland,2005,5.80689144
Poland,2006,5.80280542
Poland,2007,5.87339211
Poland,2008,6.37592173
Poland,2009,6.587708
Poland,2010,6.46800566
Poland,2011,6.28671598
Poland,2012,6.2652421
Poland,2013,6.48017406
Poland,2014,6.42679548
Poland,2015,6.40416241
Poland,2016,6.59210491
Poland,2017,6.58342791
Poland,2018,6.3129096
Poland,2019,6.46008492
Poland,2020,6.49677992
Poland,2021,6.43857718
Poland,2022,6.39626455
Poland,2023,7.00451565
Portugal,2000,8.60104179
Portugal,2001,8.62751579
Portugal,2002,8.78642941
Portugal,2003,9.12415695
Portugal,2004,9.5325079
Portugal,2005,9.65306759
Portugal,2006,9.35422611
Portugal,2007,9.25186634
Portugal,2008,9.58307838
Portugal,2009,10.13070393
Portugal,2010,10.03250504
Portugal,2011,9.73071671
Portugal,2012,9.65393257
Portugal,2013,9.40486622
Portugal,2014,9.3428812
Portugal,2015,9.31645775
Portugal,2016,9.39439487
Portugal,2017,9.30583763
Portugal,2018,9.4126482
Portugal,2019,9.51379871
Portugal,2020,10.54770088
Portugal,2021,11.1236763
Portugal,2022,10.46883011
Portugal,2023,10.00331116
Puerto Rico,2000,
Puerto Rico,2001,
Puerto Rico,2002,
Puerto Rico,2003,
Puerto Rico,2004,
Puerto Rico,2005,
Puerto Rico,2006,
Puerto Rico,2007,
Puerto Rico,2008,
Puerto Rico,2009,
Puerto Rico,2010,
Puerto Rico,2011,
Puerto Rico,2012,
Puerto Rico,2013,
Puerto Rico,2014,
Puerto Rico,2015,
Puerto Rico,2016,
Puerto Rico,2017,
Puerto Rico,2018,
Puerto Rico,2019,
Puerto Rico,2020,
Puerto Rico,2021,
Puerto Rico,2022,
Puerto Rico,2023,
Qatar,2000,1.97258496
Qatar,2001,2.3197093
Qatar,2002,2.46044064
Qatar,2003,3.50257182
Qatar,2004,3.18311739
Qatar,2005,2.56300044
Qatar,2006,2.288064
Qatar,2007,2.07008052
Qatar,2008,1.63775349
Qatar,2009,2.38356304
Qatar,2010,1.87017763
Qatar,2011,1.599962
Qatar,2012,1.74822152
Qatar,2013,2.07620168
Qatar,2014,2.42293572
Qatar,2015,3.63581347
Qatar,2016,3.54971433
Qatar,2017,3.21237087
Qatar,2018,2.96176219
Qatar,2019,3.18468714
Qatar,2020,3.81872201
Qatar,2021,2.8927927
Qatar,2022,2.18112326
Qatar,2023,
Romania,2000,4.20876169
Romania,2001,4.37598133
Romania,2002,4.57694626
Romania,2003,5.37136793
Romania,2004,5.47733593
Romania,2005,5.52778196
Romania,2006,5.07106066
Romania,2007,5.02223349
Romania,2008,5.02274227
Romania,2009,5.2784133
Romania,2010,5.63998747
Romania,2011,4.47528124
Romania,2012,4.50899887
Romania,2013,5.22432709
Romania,2014,5.02789736
Romania,2015,4.94295502
Romania,2016,5.08021355
Romania,2017,5.1887908
Romania,2018,5.51800871
Romania,2019,5.7142148
Romania,2020,6.22618055
Romania,2021,6.46980715
Romania,2022,5.7490139
Romania,2023,
Russian Federation,2000,5.01989794
Russian Federation,2001,5.24284792
Russian Federation,2002,5.52166557
Russian Federation,2003,5.16368914
Russian Federation,2004,4.7603755
Russian Federation,2005,4.77177477
Russian Federation,2006,4.76654387
Russian Federation,2007,4.74792528
Russian Federation,2008,4.90364122
Russian Federation,2009,5.64392471
Russian Federation,2010,4.97111797
Russian Federation,2011,4.79491472
Russian Federation,2012,4.93637609
Russian Federation,2013,5.08104897
Russian Federation,2014,5.18209648
Russian Federation,2015,5.29604387
Russian Federation,2016,5.28970242
Russian Federation,2017,5.35889816
Russian Federation,2018,5.35520792
Russian Federation,2019,5.64849091
Russian Federation,2020,8.04076004
Russian Federation,2021,6.97584295
Russian Federation,2022,6.91986275
Russian Federation,2023,
Samoa,2000,4.28232527
Samoa,2001,3.81804991
Samoa,2002,4.49205494
Samoa,2003,4.17237139
Samoa,2004,4.52578545
Samoa,2005,4.63365459
Samoa,2006,4.88451385
Samoa,2007,4.7446332
Samoa,2008,4.53258085
Samoa,2009,5.12732029
Samoa,2010,5.15268326
Samoa,2011,5.38357162
Samoa,2012,4.9883461
Samoa,2013,6.21823883
Samoa,2014,6.2579422
Samoa,2015,6.21438408
Samoa,2016,5.63950825
Samoa,2017,5.16346788
Samoa,2018,4.7755332
Samoa,2019,5.64748573
Samoa,2020,6.18667269
Samoa,2021,6.81255674
Samoa,2022,6.3012085
Samoa,2023,
San Marino,2000,5.7876792
San Marino,2001,5.64127541
San Marino,2002,5.39155769
San Marino,2003,4.77200127
San Marino,2004,4.86479282
San Marino,2005,4.88683653
San Marino,2006,4.91361904
San Marino,2007,5.09587288
San Marino,2008,5.41110897
San Marino,2009,6.18409586
San Marino,2010,6.20853519
San Marino,2011,8.0707283
San Marino,2012,8.98883724
San Marino,2013,8.23800278
San Marino,2014,8.30091763
San Marino,2015,8.43315315
San Marino,2016,8.4219532
San Marino,2017,8.25972271
San Marino,2018,8.2778492
San Marino,2019,8.14801598
San Marino,2020,8.48147392
San Marino,2021,7.51272249
San Marino,2022,7.40650225
San Marino,2023,
Saudi Arabia,2000,4.21160603
Saudi Arabia,2001,4.4617486
Saudi Arabia,2002,4.24939442
Saudi Arabia,2003,3.97910738
Saudi Arabia,2004,3.58402061
Saudi Arabia,2005,3.41868114
Saudi Arabia,2006,3.61922765
Saudi Arabia,2007,3.56229854
Saudi Arabia,2008,2.97101164
Saudi Arabia,2009,4.29043579
Saudi Arabia,2010,3.64786696
Saudi Arabia,2011,3.68218112
Saudi Arabia,2012,3.98779416
Saudi Arabia,2013,4.42293453
Saudi Arabia,2014,5.15801096
Saudi Arabia,2015,5.86202717
Saudi Arabia,2016,6.24142838
Saudi Arabia,2017,6.03126049
Saudi Arabia,2018,5.34062767
Saudi Arabia,2019,5.46743679
Saudi Arabia,2020,6.64630127
Saudi Arabia,2021,5.93034029
Saudi Arabia,2022,4.62462378
Saudi Arabia,2023,
Serbia,2000,6.18357754
Serbia,2001,6.49677134
Serbia,2002,7.59296274
Serbia,2003,7.66696072
Serbia,2004,7.84200048
Serbia,2005,8.28380585
Serbia,2006,8.49390411
Serbia,2007,9.37648869
Serbia,2008,9.48246479
Serbia,2009,9.34623528
Serbia,2010,9.5273037
Serbia,2011,9.11380386
Serbia,2012,9.32820415
Serbia,2013,9.31232452
Serbia,2014,9.2459898
Serbia,2015,8.8132
Serbia,2016,8.45890999
Serbia,2017,8.22039318
Serbia,2018,8.53168106
Serbia,2019,8.66552734
Serbia,2020,8.70042229
Serbia,2021,10.00950623
Serbia,2022,9.65742779
Serbia,2023,
Singapore,2000,3.343364
Singapore,2001,3.16302657
Singapore,2002,3.358464
Singapore,2003,3.60699272
Singapore,2004,3.15019798
Singapore,2005,3.03367925
Singapore,2006,2.9347465
Singapore,2007,2.83749056
Singapore,2008,3.19488454
Singapore,2009,3.39370513
Singapore,2010,3.1982615
Singapore,2011,3.1539185
Singapore,2012,3.32392788
Singapore,2013,3.68225336
Singapore,2014,3.87132597
Singapore,2015,4.18061399
Singapore,2016,4.35019255
Singapore,2017,4.31881618
Singapore,2018,4.01883841
Singapore,2019,4.35299158
Singapore,2020,5.61608791
Singapore,2021,5.16690779
Singapore,2022,4.89702511
Singapore,2023,
Slovak Republic,2000,5.30256939
Slovak Republic,2001,5.3315053
Slovak Republic,2002,5.50947618
Slovak Republic,2003,5.44849873
Slovak Republic,2004,6.37190437
Slovak Republic,2005,6.58870029
Slovak Republic,2006,6.85076714
Slovak Republic,2007,7.17735338
Slovak Republic,2008,6.9563446
Slovak Republic,2009,7.94779444
Slovak Republic,2010,7.66638851
Slovak Republic,2011,7.29859495
Slovak Republic,2012,7.53581381
Slovak Republic,2013,7.49518156
Slovak Republic,2014,6.88411617
Slovak Republic,2015,6.76215172
Slovak Republic,2016,7.09177732
Slovak Republic,2017,6.75699091
Slovak Republic,2018,6.66639853
Slovak Republic,2019,6.91964769
Slovak Republic,2020,7.12650204
Slovak Republic,2021,7.75624657
Slovak Republic,2022,7.73064041
Slovak Republic,2023,
Slovenia,2000,7.80406952
Slovenia,2001,7.87602425
Slovenia,2002,8.02119827
Slovenia,2003,8.09883499
Slovenia,2004,7.93957281
Slovenia,2005,7.99595737
Slovenia,2006,7.82322693
Slovenia,2007,7.51139164
Slovenia,2008,7.85466576
Slovenia,2009,8.54080105
Slovenia,2010,8.56503296
Slovenia,2011,8.53639603
Slovenia,2012,8.71509933
Slovenia,2013,8.74028301
Slovenia,2014,8.50197601
Slovenia,2015,8.49823952
Slovenia,2016,8.47801018
Slovenia,2017,8.18480873
Slovenia,2018,8.27693176
Slovenia,2019,8.49057198
Slovenia,2020,9.42807865
Slovenia,2021,9.48055363
Slovenia,2022,9.60507679
Slovenia,2023,9.41330814
South Africa,2000,7.3366189
South Africa,2001,7.12327909
South Africa,2002,6.67774487
South Africa,2003,7.04098177
South Africa,2004,6.938416
South Africa,2005,6.86216164
South Africa,2006,6.87650871
South Africa,2007,6.90510845
South Africa,2008,7.14832258
South Africa,2009,7.64941454
South Africa,2010,7.79358244
South Africa,2011,7.94434404
South Africa,2012,8.00428867
South Africa,2013,8.10322285
South Africa,2014,7.87136555
South Africa,2015,8.05304241
South Africa,2016,8.07959366
South Africa,2017,7.97711229
South Africa,2018,8.08196545
South Africa,2019,8.24652576
South Africa,2020,9.01329231
South Africa,2021,8.67432785
South Africa,2022,8.77086639
South Africa,2023,
Spain,2000,6.7992177
Spain,2001,6.76895761
Spain,2002,6.80052757
Spain,2003,7.56327105
Spain,2004,7.65047979
Spain,2005,7.73974037
Spain,2006,7.82905912
Spain,2007,7.91865778
Spain,2008,8.38225937
Spain,2009,9.10764027
Spain,2010,9.1189127
Spain,2011,9.1679697
Spain,2012,9.15596581
Spain,2013,9.06588078
Spain,2014,9.08675957
Spain,2015,9.12383366
Spain,2016,8.94896126
Spain,2017,8.94652462
Spain,2018,8.9985857
Spain,2019,9.1348772
Spain,2020,10.73210335
Spain,2021,10.30862141
Spain,2022,9.73828793
Spain,2023,
Sri Lanka,2000,4.10818672
Sri Lanka,2001,4.05662823
Sri Lanka,2002,4.03715754
Sri Lanka,2003,3.64646697
Sri Lanka,2004,4.03912592
Sri Lanka,2005,3.87908745
Sri Lanka,2006,3.85019565
Sri Lanka,2007,3.82258177
Sri Lanka,2008,3.85482955
Sri Lanka,2009,4.05676842
Sri Lanka,2010,3.7414515
Sri Lanka,2011,3.5819521
Sri Lanka,2012,3.30659294
Sri Lanka,2013,3.69365358
Sri Lanka,2014,3.46786141
Sri Lanka,2015,3.6826396
Sri Lanka,2016,3.61788416
Sri Lanka,2017,3.33093429
Sri Lanka,2018,3.6418879
Sri Lanka,2019,3.89904952
Sri Lanka,2020,4.06134748
Sri Lanka,2021,4.02830219
Sri Lanka,2022,4.36269855
Sri Lanka,2023,
St. Lucia,2000,4.86549902
St. Lucia,2001,5.12139463
St. Lucia,2002,5.38887024
St. Lucia,2003,5.24069643
St. Lucia,2004,4.76760817
St. Lucia,2005,4.86039829
St. Lucia,2006,5.1270175
St. Lucia,2007,5.54166603
St. Lucia,2008,5.09061956
St. Lucia,2009,5.24410772
St. Lucia,2010,5.12090254
St. Lucia,2011,5.0787816
St. Lucia,2012,4.9241581
St. Lucia,2013,5.05080271
St. Lucia,2014,4.62322617
St. Lucia,2015,4.51419878
St. Lucia,2016,4.44097996
St. Lucia,2017,4.36800241
St. Lucia,2018,4.17934036
St. Lucia,2019,4.17375898
St. Lucia,2020,6.75983715
St. Lucia,2021,5.67880821
St. Lucia,2022,5.01938295
St. Lucia,2023,
Sudan,2000,3.60664487
Sudan,2001,3.36456871
Sudan,2002,3.30010891
Sudan,2003,3.89187932
Sudan,2004,4.15593481
Sudan,2005,4.09418154
Sudan,2006,4.88544321
Sudan,2007,5.66269159
Sudan,2008,5.42313576
Sudan,2009,6.39496326
Sudan,2010,5.05810165
Sudan,2011,5.61579561
Sudan,2012,5.68827009
Sudan,2013,6.96487474
Sudan,2014,5.67619705
Sudan,2015,5.81112576
Sudan,2016,5.68438482
Sudan,2017,5.91767406
Sudan,2018,4.46358299
Sudan,2019,4.57118368
Sudan,2020,3.00965381
Sudan,2021,2.83127832
Sudan,2022,4.61874437
Sudan,2023,
Sweden,2000,7.32689953
Sweden,2001,7.90032959
Sweden,2002,8.21006203
Sweden,2003,8.31724644
Sweden,2004,8.1296196
Sweden,2005,8.1508379
Sweden,2006,8.05226612
Sweden,2007,7.99607754
Sweden,2008,8.20824242
Sweden,2009,8.77037907
Sweden,2010,8.31963825
Sweden,2011,10.41646671
Sweden,2012,10.7351532
Sweden,2013,10.90491486
Sweden,2014,10.9479475
Sweden,2015,10.80418396
Sweden,2016,10.85240364
Sweden,2017,10.78509998
Sweden,2018,10.94106293
Sweden,2019,10.83224297
Sweden,2020,11.33296967
Sweden,2021,11.10180569
Sweden,2022,10.49857044
Sweden,2023,10.88682365
Switzerland,2000,9.13442421
Switzerland,2001,9.46040058
Switzerland,2002,9.88000107
Switzerland,2003,10.13696766
Switzerland,2004,10.22576523
Switzerland,2005,10.05823421
Switzerland,2006,9.5802002
Switzerland,2007,9.41693783
Switzerland,2008,9.53167725
Switzerland,2009,10.1415062
Switzerland,2010,10.00535202
Switzerland,2011,10.11940575
Switzerland,2012,10.34784985
Switzerland,2013,10.61460495
Switzerland,2014,10.69967365
Switzerland,2015,11.00444603
Switzerland,2016,11.2294054
Switzerland,2017,11.41294861
Switzerland,2018,11.19891071
Switzerland,2019,11.42588997
Switzerland,2020,12.00404072
Switzerland,2021,12.00465584
Switzerland,2022,11.70653343
Switzerland,2023,
Syrian Arab Republic,2000,4.55400705
Syrian Arab Republic,2001,4.6971879
Syrian Arab Republic,2002,4.94717073
Syrian Arab Republic,2003,5.11781693
Syrian Arab Republic,2004,4.47935343
Syrian Arab Republic,2005,4.10970068
Syrian Arab Republic,2006,3.77771473
Syrian Arab Republic,2007,3.72242856
Syrian Arab Republic,2008,3.39762759
Syrian Arab Republic,2009,3.5464704
Syrian Arab Republic,2010,3.22704148
Syrian Arab Republic,2011,2.52865362
Syrian Arab Republic,2012,3.0471952
Syrian Arab Republic,2013,3.55862904
Syrian Arab Republic,2014,4.01812267
Syrian Arab Republic,2015,3.47905326
Syrian Arab Republic,2016,3.73849273
Syrian Arab Republic,2017,3.81525493
Syrian Arab Republic,2018,3.86612964
Syrian Arab Republic,2019,3.94000149
Syrian Arab Republic,2020,3.71555972
Syrian Arab Republic,2021,4.70613527
Syrian Arab Republic,2022,4.15098715
Syrian Arab Republic,2023,
Tajikistan,2000,4.26492405
Tajikistan,2001,4.57802534
Tajikistan,2002,4.43647242
Tajikistan,2003,4.70218658
Tajikistan,2004,4.79911184
Tajikistan,2005,5.21024704
Tajikistan,2006,5.03254795
Tajikistan,2007,5.54050112
Tajikistan,2008,5.91206694
Tajikistan,2009,5.85579777
Tajikistan,2010,5.73543453
Tajikistan,2011,5.85971785
Tajikistan,2012,5.98185873
Tajikistan,2013,6.53226423
Tajikistan,2014,6.6654973
Tajikistan,2015,6.90735912
Tajikistan,2016,6.96349716
Tajikistan,2017,6.85399008
Tajikistan,2018,7.01381588
Tajikistan,2019,6.9476676
Tajikistan,2020,8.8903532
Tajikistan,2021,8.37504482
Tajikistan,2022,7.62917423
Tajikistan,2023,
Thailand,2000,3.10125351
Thailand,2001,3.02623773
Thailand,2002,3.334723
Thailand,2003,3.24312782
Thailand,2004,3.13893151
Thailand,2005,3.15972233
Thailand,2006,3.09970832
Thailand,2007,3.19277525
Thailand,2008,3.45933938
Thailand,2009,3.61939645
Thailand,2010,3.39009809
Thailand,2011,3.56825495
Thailand,2012,3.5229404
Thailand,2013,3.45313334
Thailand,2014,3.68448091
Thailand,2015,3.8522861
Thailand,2016,3.93900609
Thailand,2017,3.85276842
Thailand,2018,3.87040329
Thailand,2019,3.78911877
Thailand,2020,4.35724688
Thailand,2021,5.15337038
Thailand,2022,5.35470581
Thailand,2023,
Togo,2000,2.7167244
Togo,2001,2.8067522
Togo,2002,2.82402873
Togo,2003,2.86098099
Togo,2004,3.00704718
Togo,2005,3.22045183
Togo,2006,3.36328101
Togo,2007,3.67734432
Togo,2008,3.74071932
Togo,2009,3.92726755
Togo,2010,4.33284378
Togo,2011,4.38927078
Togo,2012,4.64366484
Togo,2013,4.78670263
Togo,2014,4.90473413
Togo,2015,6.21763563
Togo,2016,6.55580902
Togo,2017,6.50210476
Togo,2018,6.16073656
Togo,2019,5.91268635
Togo,2020,6.18928432
Togo,2021,5.6165967
Togo,2022,6.04134083
Togo,2023,
Trinidad and Tobago,2000,4.23492479
Trinidad and Tobago,2001,4.0346489
Trinidad and Tobago,2002,4.72302485
Trinidad and Tobago,2003,4.18767118
Trinidad and Tobago,2004,4.30805206
Trinidad and Tobago,2005,4.43451166
Trinidad and Tobago,2006,4.15431976
Trinidad and Tobago,2007,4.1536026
Trinidad and Tobago,2008,3.6575706
Trinidad and Tobago,2009,5.48676443
Trinidad and Tobago,2010,5.08042908
Trinidad and Tobago,2011,4.72197914
Trinidad and Tobago,2012,4.59683371
Trinidad and Tobago,2013,4.77727127
Trinidad and Tobago,2014,4.83714819
Trinidad and Tobago,2015,5.61370945
Trinidad and Tobago,2016,6.44781113
Trinidad and Tobago,2017,6.51309872
Trinidad and Tobago,2018,6.46674252
Trinidad and Tobago,2019,6.85251093
Trinidad and Tobago,2020,7.48661852
Trinidad and Tobago,2021,7.12624598
Trinidad and Tobago,2022,6.43106365
Trinidad and Tobago,2023,
Tunisia,2000,4.81271935
Tunisia,2001,4.86132765
Tunisia,2002,5.12036419
Tunisia,2003,5.20888519
Tunisia,2004,5.19890785
Tunisia,2005,5.14555788
Tunisia,2006,5.13109922
Tunisia,2007,5.17542839
Tunisia,2008,5.1644063
Tunisia,2009,5.40595293
Tunisia,2010,5.60950756
Tunisia,2011,6.12299299
Tunisia,2012,6.28984737
Tunisia,2013,6.51394987
Tunisia,2014,6.45006084
Tunisia,2015,6.21339941
Tunisia,2016,6.24778175
Tunisia,2017,6.18557453
Tunisia,2018,5.9375186
Tunisia,2019,6.02461243
Tunisia,2020,7.05022287
Tunisia,2021,6.97669458
Tunisia,2022,6.96380186
Tunisia,2023,
Turkiye,2000,4.59957218
Turkiye,2001,4.88784933
Turkiye,2002,5.06227875
Turkiye,2003,5.01427698
Turkiye,2004,4.9096446
Turkiye,2005,4.89389706
Turkiye,2006,5.14591694
Turkiye,2007,5.23760796
Turkiye,2008,5.21761751
Turkiye,2009,5.49438715
Turkiye,2010,5.02053452
Turkiye,2011,4.6530509
Turkiye,2012,4.44444656
Turkiye,2013,4.37099934
Turkiye,2014,4.32517862
Turkiye,2015,4.11690426
Turkiye,2016,4.28469229
Turkiye,2017,4.17974997
Turkiye,2018,4.12101603
Turkiye,2019,4.35954332
Turkiye,2020,4.61640215
Turkiye,2021,4.56065559
Turkiye,2022,3.70338893
Turkiye,2023,
Turkmenistan,2000,4.03080034
Turkmenistan,2001,4.7660532
Turkmenistan,2002,4.10696697
Turkmenistan,2003,4.97849178
Turkmenistan,2004,6.18652296
Turkmenistan,2005,5.58886814
Turkmenistan,2006,4.92075682
Turkmenistan,2007,3.09328628
Turkmenistan,2008,3.45380449
Turkmenistan,2009,2.81471276
Turkmenistan,2010,3.20879436
Turkmenistan,2011,3.22296
Turkmenistan,2012,3.34203553
Turkmenistan,2013,3.96929264
Turkmenistan,2014,4.25741673
Turkmenistan,2015,5.01652908
Turkmenistan,2016,5.58718491
Turkmenistan,2017,5.82361221
Turkmenistan,2018,5.55298042
Turkmenistan,2019,5.5522337
Turkmenistan,2020,5.57226086
Turkmenistan,2021,5.49196625
Turkmenistan,2022,5.37103748
Turkmenistan,2023,
Uganda,2000,5.0827446
Uganda,2001,5.05204916
Uganda,2002,4.77133131
Uganda,2003,4.2991581
Uganda,2004,4.70022202
Uganda,2005,5.80516291
Uganda,2006,6.463305
Uganda,2007,6.11309004
Uganda,2008,5.45474958
Uganda,2009,5.78845549
Uganda,2010,6.80890226
Uganda,2011,6.6959095
Uganda,2012,6.10853958
Uganda,2013,5.78252411
Uganda,2014,5.33653069
Uganda,2015,4.99643135
Uganda,2016,5.00792885
Uganda,2017,3.99852037
Uganda,2018,4.02143908
Uganda,2019,3.79371166
Uganda,2020,5.23698568
Uganda,2021,5.48128128
Uganda,2022,4.39089251
Uganda,2023,
Ukraine,2000,5.30685186
Ukraine,2001,5.72534418
Ukraine,2002,5.99220037
Ukraine,2003,6.54574108
Ukraine,2004,6.16856956
Ukraine,2005,6.3461585
Ukraine,2006,6.4171896
Ukraine,2007,6.01776791
Ukraine,2008,5.49754429
Ukraine,2009,6.60991716
Ukraine,2010,6.81387615
Ukraine,2011,6.81669855
Ukraine,2012,7.11789227
Ukraine,2013,6.94358015
Ukraine,2014,7.19506168
Ukraine,2015,7.78352833
Ukraine,2016,7.55205393
Ukraine,2017,7.44187737
Ukraine,2018,7.51989269
Ukraine,2019,7.09175062
Ukraine,2020,7.56217051
Ukraine,2021,8.2027483
Ukraine,2022,
Ukraine,2023,
United Arab Emirates,2000,2.39504457
United Arab Emirates,2001,2.48436403
United Arab Emirates,2002,2.71770859
United Arab Emirates,2003,2.64634395
United Arab Emirates,2004,2.46225643
United Arab Emirates,2005,2.3202107
United Arab Emirates,2006,2.3254137
United Arab Emirates,2007,2.56602693
United Arab Emirates,2008,2.92857623
United Arab Emirates,2009,4.05000162
United Arab Emirates,2010,3.74433136
United Arab Emirates,2011,3.56666398
United Arab Emirates,2012,3.33596373
United Arab Emirates,2013,3.50222182
United Arab Emirates,2014,3.53405499
United Arab Emirates,2015,3.46609354
United Arab Emirates,2016,3.89580107
United Arab Emirates,2017,4.00854969
United Arab Emirates,2018,4.09854221
United Arab Emirates,2019,4.40291262
United Arab Emirates,2020,5.82477045
United Arab Emirates,2021,5.30494308
United Arab Emirates,2022,4.67550945
United Arab Emirates,2023,
United Kingdom,2000,7.15692902
United Kingdom,2001,7.45211363
United Kingdom,2002,7.87847328
United Kingdom,2003,8.07831287
United Kingdom,2004,8.3386755
United Kingdom,2005,8.39430904
United Kingdom,2006,8.54522514
United Kingdom,2007,8.75711441
United Kingdom,2008,9.04033756
United Kingdom,2009,9.84771252
United Kingdom,2010,9.78937912
United Kingdom,2011,9.7956152
United Kingdom,2012,9.89160061
United Kingdom,2013,9.97822475
United Kingdom,2014,9.90305996
United Kingdom,2015,9.83625221
United Kingdom,2016,9.76546955
United Kingdom,2017,9.60016823
United Kingdom,2018,9.73837566
United Kingdom,2019,9.95388126
United Kingdom,2020,11.96547699
United Kingdom,2021,12.01903439
United Kingdom,2022,11.05087757
United Kingdom,2023,10.872015
United States,2000,12.49002552
United States,2001,13.16816998
United States,2002,13.99534702
United States,2003,14.50558472
United States,2004,14.55123425
United States,2005,14.57945919
United States,2006,14.7087841
United States,2007,14.91832638
United States,2008,15.2072401
United States,2009,16.20067787
United States,2010,16.19723129
United States,2011,16.14000893
United States,2012,16.11974716
United States,2013,15.98621559
United States,2014,16.19414139
United States,2015,16.48159981
United States,2016,16.79114342
United States,2017,16.7530098
United States,2018,16.61530876
United States,2019,16.66125298
United States,2020,18.8132534
United States,2021,17.5063858
United States,2022,16.49613953
United States,2023,
Uruguay,2000,9.17182446
Uruguay,2001,9.75702
Uruguay,2002,9.64023018
Uruguay,2003,9.57667351
Uruguay,2004,8.26618195
Uruguay,2005,7.72390509
Uruguay,2006,7.70998907
Uruguay,2007,7.46167231
Uruguay,2008,8.09081745
Uruguay,2009,7.91611385
Uruguay,2010,7.87757301
Uruguay,2011,7.91521358
Uruguay,2012,8.03330803
Uruguay,2013,8.0844841
Uruguay,2014,8.038908
Uruguay,2015,8.25703716
Uruguay,2016,8.63850975
Uruguay,2017,8.71701717
Uruguay,2018,8.90014267
Uruguay,2019,9.24069118
Uruguay,2020,9.06924915
Uruguay,2021,8.91666222
Uruguay,2022,8.94532204
Uruguay,2023,
Uzbekistan,2000,5.13293362
Uzbekistan,2001,5.23737431
Uzbekistan,2002,5.14164925
Uzbekistan,2003,5.1882515
Uzbekistan,2004,4.84063768
Uzbekistan,2005,4.781991
Uzbekistan,2006,4.75141335
Uzbekistan,2007,4.54267979
Uzbekistan,2008,4.70447445
Uzbekistan,2009,4.79649639
Uzbekistan,2010,5.29938841
Uzbekistan,2011,5.26245499
Uzbekistan,2012,5.54822111
Uzbekistan,2013,5.71896601
Uzbekistan,2014,4.43092394
Uzbekistan,2015,4.73596573
Uzbekistan,2016,4.71504498
Uzbekistan,2017,4.83789968
Uzbekistan,2018,5.05427122
Uzbekistan,2019,5.39747763
Uzbekistan,2020,6.71439123
Uzbekistan,2021,7.69774151
Uzbekistan,2022,7.36325455
Uzbekistan,2023,
"Venezuela, RB",2000,
"Venezuela, RB",2001,
"Venezuela, RB",2002,
"Venezuela, RB",2003,
"Venezuela, RB",2004,
"Venezuela, RB",2005,
"Venezuela, RB",2006,
"Venezuela, RB",2007,
"Venezuela, RB",2008,
"Venezuela, RB",2009,
"Venezuela, RB",2010,
"Venezuela, RB",2011,
"Venezuela, RB",2012,
"Venezuela, RB",2013,
"Venezuela, RB",2014,
"Venezuela, RB",2015,
"Venezuela, RB",2016,
"Venezuela, RB",2017,
"Venezuela, RB",2018,2.41691327
"Venezuela, RB",2019,2.18563724
"Venezuela, RB",2020,4.11615229
"Venezuela, RB",2021,4.10222006
"Venezuela, RB",2022,4.55047369
"Venezuela, RB",2023,
Zambia,2000,4.17365646
Zambia,2001,4.82995701
Zambia,2002,5.88845205
Zambia,2003,5.99553585
Zambia,2004,5.48490572
Zambia,2005,6.33088684
Zambia,2006,5.5774231
Zambia,2007,4.57961416
Zambia,2008,4.46690989
Zambia,2009,5.15718842
Zambia,2010,3.97471905
Zambia,2011,3.95913363
Zambia,2012,4.04541731
Zambia,2013,4.57390451
Zambia,2014,3.82924223
Zambia,2015,4.42974281
Zambia,2016,4.46923161
Zambia,2017,4.78156233
Zambia,2018,4.76996708
Zambia,2019,6.75330257
Zambia,2020,6.3067441
Zambia,2021,6.63951397
Zambia,2022,5.25592279
Zambia,2023,
Zimbabwe,2000,
Zimbabwe,2001,
Zimbabwe,2002,
Zimbabwe,2003,
Zimbabwe,2004,
Zimbabwe,2005,
Zimbabwe,2006,
Zimbabwe,2007,
Zimbabwe,2008,
Zimbabwe,2009,
Zimbabwe,2010,10.47583866
Zimbabwe,2011,8.08288383
Zimbabwe,2012,6.91794872
Zimbabwe,2013,7.10940313
Zimbabwe,2014,8.13227272
Zimbabwe,2015,7.44982719
Zimbabwe,2016,7.46644735
Zimbabwe,2017,6.17278528
Zimbabwe,2018,4.65527105
Zimbabwe,2019,3.23267817
Zimbabwe,2020,2.95440149
Zimbabwe,2021,2.78571677
Zimbabwe,2022,3.62880659
Zimbabwe,2023,
