Country,Year,Life Expectancy
Afghanistan,2000,55.005
Afghanistan,2001,55.511
Afghanistan,2002,56.225
Afghanistan,2003,57.171
Afghanistan,2004,57.81
Afghanistan,2005,58.247
Afghanistan,2006,58.553
Afghanistan,2007,58.956
Afghanistan,2008,59.708
Afghanistan,2009,60.248
Afghanistan,2010,60.702
Afghanistan,2011,61.25
Afghanistan,2012,61.735
Afghanistan,2013,62.188
Afghanistan,2014,62.26
Afghanistan,2015,62.27
Afghanistan,2016,62.646
Afghanistan,2017,62.406
Afghanistan,2018,62.443
Afghanistan,2019,62.941
Afghanistan,2020,61.454
Afghanistan,2021,60.417
Afghanistan,2022,65.617
Afghanistan,2023,66.035
Albania,2000,74.826
Albania,2001,75.083
Albania,2002,75.299
Albania,2003,75.557
Albania,2004,75.951
Albania,2005,76.427
Albania,2006,76.994
Albania,2007,77.691
Albania,2008,78.248
Albania,2009,78.509
Albania,2010,78.414
Albania,2011,78.303
Albania,2012,78.084
Albania,2013,77.995
Albania,2014,78.029
Albania,2015,78.358
Albania,2016,78.643
Albania,2017,78.9
Albania,2018,79.238
Albania,2019,79.467
Albania,2020,77.824
Albania,2021,76.844
Albania,2022,78.769
Albania,2023,79.602
Algeria,2000,70.576
Algeria,2001,71.025
Algeria,2002,71.644
Algeria,2003,71.906
Algeria,2004,72.536
Algeria,2005,72.836
Algeria,2006,73.116
Algeria,2007,73.346
Algeria,2008,73.618
Algeria,2009,73.871
Algeria,2010,74.144
Algeria,2011,74.383
Algeria,2012,74.609
Algeria,2013,74.809
Algeria,2014,74.992
Algeria,2015,75.159
Algeria,2016,75.31
Algeria,2017,75.431
Algeria,2018,75.555
Algeria,2019,75.682
Algeria,2020,73.257
Algeria,2021,75.208
Algeria,2022,76.129
Algeria,2023,76.261
Argentina,2000,73.91
Argentina,2001,74.154
Argentina,2002,74.312
Argentina,2003,74.307
Argentina,2004,74.871
Argentina,2005,75.231
Argentina,2006,75.279
Argentina,2007,74.783
Argentina,2008,75.428
Argentina,2009,75.577
Argentina,2010,75.68
Argentina,2011,76.1
Argentina,2012,75.802
Argentina,2013,75.829
Argentina,2014,76.268
Argentina,2015,76.6
Argentina,2016,76.105
Argentina,2017,76.543
Argentina,2018,76.77
Argentina,2019,76.847
Argentina,2020,75.878
Argentina,2021,73.948
Argentina,2022,75.806
Argentina,2023,77.395
Armenia,2000,72.8804878048781
Armenia,2001,72.9756097560976
Armenia,2002,72.8268292682927
Armenia,2003,72.8268292682927
Armenia,2004,73.0268292682927
Armenia,2005,73.0756097560976
Armenia,2006,72.8243902439025
Armenia,2007,72.8731707317073
Armenia,2008,73.0731707317073
Armenia,2009,73.0731707317073
Armenia,2010,73.1731707317073
Armenia,2011,73.8170731707317
Armenia,2012,74.119512195122
Armenia,2013,74.6219512195122
Armenia,2014,74.8731707317073
Armenia,2015,74.8707317073171
Armenia,2016,74.8682926829268
Armenia,2017,75.2170731707317
Armenia,2018,75.619512195122
Armenia,2019,76.2219512195122
Armenia,2020,73.3756097560976
Armenia,2021,72.2780487804878
Armenia,2022,74.7658536585366
Armenia,2023,77.4658536585366
Australia,2000,79.2341463414634
Australia,2001,79.6341463414634
Australia,2002,79.9365853658537
Australia,2003,80.2390243902439
Australia,2004,80.490243902439
Australia,2005,80.8414634146341
Australia,2006,81.0414634146342
Australia,2007,81.2926829268293
Australia,2008,81.3951219512195
Australia,2009,81.5439024390244
Australia,2010,81.6951219512195
Australia,2011,81.8951219512195
Australia,2012,82.0463414634146
Australia,2013,82.1487804878049
Australia,2014,82.3
Australia,2015,82.4
Australia,2016,82.4487804878049
Australia,2017,82.5
Australia,2018,82.7487804878049
Australia,2019,82.9
Australia,2020,83.2
Australia,2021,83.3
Australia,2022,83.2
Australia,2023,83.0512195121951
Austria,2000,78.1268292682927
Austria,2001,78.5756097560976
Austria,2002,78.6780487804878
Austria,2003,78.6317073170732
Austria,2004,79.1804878048781
Austria,2005,79.3317073170732
Austria,2006,79.8804878048781
Austria,2007,80.1804878048781
Austria,2008,80.4317073170732
Austria,2009,80.3317073170732
Austria,2010,80.5804878048781
Austria,2011,80.9829268292683
Austria,2012,80.9365853658537
Austria,2013,81.1365853658537
Austria,2014,81.490243902439
Austria,2015,81.190243902439
Austria,2016,81.6414634146342
Austria,2017,81.6439024390244
Austria,2018,81.6926829268293
Austria,2019,81.8951219512195
Austria,2020,81.1926829268293
Austria,2021,81.190243902439
Austria,2022,81.2951219512195
Austria,2023,81.5414634146342
Azerbaijan,2000,65.377
Azerbaijan,2001,66.043
Azerbaijan,2002,66.769
Azerbaijan,2003,67.036
Azerbaijan,2004,67.488
Azerbaijan,2005,67.71
Azerbaijan,2006,68.489
Azerbaijan,2007,68.659
Azerbaijan,2008,69.355
Azerbaijan,2009,69.874
Azerbaijan,2010,70.309
Azerbaijan,2011,70.565
Azerbaijan,2012,71.08
Azerbaijan,2013,71.485
Azerbaijan,2014,71.93
Azerbaijan,2015,72.349
Azerbaijan,2016,72.568
Azerbaijan,2017,72.694
Azerbaijan,2018,73.016
Azerbaijan,2019,73.29
Azerbaijan,2020,70.312
Azerbaijan,2021,70.999
Azerbaijan,2022,74.125
Azerbaijan,2023,74.429
"Bahamas, The",2000,72.481
"Bahamas, The",2001,72.765
"Bahamas, The",2002,73.023
"Bahamas, The",2003,73.213
"Bahamas, The",2004,73.235
"Bahamas, The",2005,73.413
"Bahamas, The",2006,73.456
"Bahamas, The",2007,73.463
"Bahamas, The",2008,73.445
"Bahamas, The",2009,73.455
"Bahamas, The",2010,73.449
"Bahamas, The",2011,73.571
"Bahamas, The",2012,73.707
"Bahamas, The",2013,73.93
"Bahamas, The",2014,74.029
"Bahamas, The",2015,73.805
"Bahamas, The",2016,74.042
"Bahamas, The",2017,74.031
"Bahamas, The",2018,74.062
"Bahamas, The",2019,71.408
"Bahamas, The",2020,72.994
"Bahamas, The",2021,70.752
"Bahamas, The",2022,74.491
"Bahamas, The",2023,74.552
Bahrain,2000,74.673
Bahrain,2001,74.942
Bahrain,2002,75.209
Bahrain,2003,75.486
Bahrain,2004,75.787
Bahrain,2005,76.125
Bahrain,2006,76.51
Bahrain,2007,76.952
Bahrain,2008,77.457
Bahrain,2009,78.016
Bahrain,2010,78.593
Bahrain,2011,79.141
Bahrain,2012,79.622
Bahrain,2013,79.998
Bahrain,2014,80.214
Bahrain,2015,80.338
Bahrain,2016,80.407
Bahrain,2017,80.407
Bahrain,2018,80.412
Bahrain,2019,80.471
Bahrain,2020,78.683
Bahrain,2021,78.083
Bahrain,2022,80.992
Bahrain,2023,81.284
Barbados,2000,74.58
Barbados,2001,74.707
Barbados,2002,74.82
Barbados,2003,74.865
Barbados,2004,75.15
Barbados,2005,74.96
Barbados,2006,75.049
Barbados,2007,75.263
Barbados,2008,75.3
Barbados,2009,75.458
Barbados,2010,75.488
Barbados,2011,75.599
Barbados,2012,75.737
Barbados,2013,75.816
Barbados,2014,75.926
Barbados,2015,76.055
Barbados,2016,76.168
Barbados,2017,76.237
Barbados,2018,76.378
Barbados,2019,76.495
Barbados,2020,76.647
Barbados,2021,76.58
Barbados,2022,75.676
Barbados,2023,76.178
Belarus,2000,68.9121951219512
Belarus,2001,68.5073170731707
Belarus,2002,68.0560975609756
Belarus,2003,68.5536585365854
Belarus,2004,68.9560975609756
Belarus,2005,68.8512195121951
Belarus,2006,69.4048780487805
Belarus,2007,70.2073170731707
Belarus,2008,70.4560975609756
Belarus,2009,70.4073170731707
Belarus,2010,70.4048780487805
Belarus,2011,70.5536585365854
Belarus,2012,71.9658536585366
Belarus,2013,72.4707317073171
Belarus,2014,72.9707317073171
Belarus,2015,73.6243902439025
Belarus,2016,73.8268292682927
Belarus,2017,74.1292682926829
Belarus,2018,74.1756097560976
Belarus,2019,74.2268292682927
Belarus,2020,72.1385609756098
Belarus,2021,72.0714634146342
Belarus,2022,74.1033658536585
Belarus,2023,74.1837804878049
Belgium,2000,77.7219512195122
Belgium,2001,77.9731707317073
Belgium,2002,78.0756097560976
Belgium,2003,78.1292682926829
Belgium,2004,78.8780487804878
Belgium,2005,78.9804878048781
Belgium,2006,79.380487804878
Belgium,2007,79.7829268292683
Belgium,2008,79.6804878048781
Belgium,2009,80.0341463414634
Belgium,2010,80.1829268292683
Belgium,2011,80.5853658536585
Belgium,2012,80.3853658536585
Belgium,2013,80.5878048780488
Belgium,2014,81.2878048780488
Belgium,2015,80.9926829268293
Belgium,2016,81.4390243902439
Belgium,2017,81.4926829268293
Belgium,2018,81.5951219512195
Belgium,2019,81.9951219512195
Belgium,2020,80.6951219512195
Belgium,2021,81.790243902439
Belgium,2022,81.7487804878049
Belgium,2023,82.3975609756098
Bermuda,2000,78.251
Bermuda,2001,78.637
Bermuda,2002,78.841
Bermuda,2003,78.715
Bermuda,2004,78.898
Bermuda,2005,78.874
Bermuda,2006,78.87
Bermuda,2007,79.006
Bermuda,2008,79.101
Bermuda,2009,79.229
Bermuda,2010,79.414
Bermuda,2011,79.651
Bermuda,2012,79.847
Bermuda,2013,80.016
Bermuda,2014,80.199
Bermuda,2015,80.338
Bermuda,2016,80.476
Bermuda,2017,80.686
Bermuda,2018,80.986
Bermuda,2019,81.251
Bermuda,2020,81.456
Bermuda,2021,81.745
Bermuda,2022,82.062
Bermuda,2023,82.309
Botswana,2000,52.263
Botswana,2001,52.21
Botswana,2002,52.373
Botswana,2003,52.851
Botswana,2004,53.573
Botswana,2005,54.386
Botswana,2006,55.112
Botswana,2007,56.735
Botswana,2008,57.661
Botswana,2009,58.297
Botswana,2010,59.137
Botswana,2011,59.715
Botswana,2012,60.384
Botswana,2013,61.217
Botswana,2014,62.167
Botswana,2015,63.215
Botswana,2016,64.32
Botswana,2017,65.42
Botswana,2018,66.371
Botswana,2019,67.167
Botswana,2020,67.643
Botswana,2021,63.303
Botswana,2022,68.749
Botswana,2023,69.163
Brazil,2000,69.584
Brazil,2001,69.98
Brazil,2002,70.396
Brazil,2003,70.884
Brazil,2004,71.361
Brazil,2005,71.832
Brazil,2006,72.296
Brazil,2007,72.73
Brazil,2008,73.111
Brazil,2009,73.457
Brazil,2010,73.779
Brazil,2011,74.047
Brazil,2012,74.335
Brazil,2013,74.609
Brazil,2014,74.823
Brazil,2015,75.106
Brazil,2016,75.081
Brazil,2017,75.383
Brazil,2018,75.633
Brazil,2019,75.809
Brazil,2020,74.506
Brazil,2021,73.038
Brazil,2022,74.872
Brazil,2023,75.848
Bulgaria,2000,71.6634146341463
Bulgaria,2001,71.7682926829268
Bulgaria,2002,71.8658536585366
Bulgaria,2003,72.0658536585366
Bulgaria,2004,72.5634146341463
Bulgaria,2005,72.5609756097561
Bulgaria,2006,72.6121951219512
Bulgaria,2007,72.6634146341463
Bulgaria,2008,72.9634146341463
Bulgaria,2009,73.4121951219512
Bulgaria,2010,73.5121951219512
Bulgaria,2011,74.1634146341463
Bulgaria,2012,74.3146341463415
Bulgaria,2013,74.8609756097561
Bulgaria,2014,74.4658536585366
Bulgaria,2015,74.6146341463415
Bulgaria,2016,74.8121951219512
Bulgaria,2017,74.8146341463415
Bulgaria,2018,74.9634146341464
Bulgaria,2019,75.1121951219512
Bulgaria,2020,73.3560975609756
Bulgaria,2021,71.2121951219512
Bulgaria,2022,74.1609756097561
Bulgaria,2023,75.7073170731707
Burkina Faso,2000,50.808
Burkina Faso,2001,51.188
Burkina Faso,2002,51.447
Burkina Faso,2003,51.959
Burkina Faso,2004,52.6
Burkina Faso,2005,53.271
Burkina Faso,2006,53.784
Burkina Faso,2007,54.377
Burkina Faso,2008,55.199
Burkina Faso,2009,55.791
Burkina Faso,2010,56.343
Burkina Faso,2011,57.001
Burkina Faso,2012,57.457
Burkina Faso,2013,57.903
Burkina Faso,2014,58.331
Burkina Faso,2015,58.778
Burkina Faso,2016,59.173
Burkina Faso,2017,59.578
Burkina Faso,2018,59.972
Burkina Faso,2019,60.184
Burkina Faso,2020,60.454
Burkina Faso,2021,60.046
Burkina Faso,2022,60.7
Burkina Faso,2023,61.092
Burundi,2000,47.617
Burundi,2001,48.509
Burundi,2002,49.924
Burundi,2003,50.997
Burundi,2004,52.217
Burundi,2005,53.053
Burundi,2006,53.962
Burundi,2007,54.832
Burundi,2008,55.581
Burundi,2009,56.422
Burundi,2010,57.088
Burundi,2011,57.804
Burundi,2012,58.501
Burundi,2013,59.179
Burundi,2014,59.764
Burundi,2015,60.107
Burundi,2016,60.789
Burundi,2017,61.345
Burundi,2018,61.806
Burundi,2019,62.18
Burundi,2020,62.569
Burundi,2021,62.101
Burundi,2022,62.882
Burundi,2023,63.651
Cabo Verde,2000,68.117
Cabo Verde,2001,68.707
Cabo Verde,2002,69.447
Cabo Verde,2003,70.006
Cabo Verde,2004,70.499
Cabo Verde,2005,70.936
Cabo Verde,2006,71.341
Cabo Verde,2007,71.487
Cabo Verde,2008,71.888
Cabo Verde,2009,72.142
Cabo Verde,2010,72.507
Cabo Verde,2011,72.913
Cabo Verde,2012,73.315
Cabo Verde,2013,73.481
Cabo Verde,2014,73.788
Cabo Verde,2015,74.096
Cabo Verde,2016,74.35
Cabo Verde,2017,74.71
Cabo Verde,2018,74.84
Cabo Verde,2019,75.449
Cabo Verde,2020,73.818
Cabo Verde,2021,74.424
Cabo Verde,2022,75.907
Cabo Verde,2023,76.059
Cameroon,2000,53.338
Cameroon,2001,53.598
Cameroon,2002,53.922
Cameroon,2003,54.253
Cameroon,2004,54.578
Cameroon,2005,54.904
Cameroon,2006,55.301
Cameroon,2007,55.71
Cameroon,2008,56.116
Cameroon,2009,56.486
Cameroon,2010,56.965
Cameroon,2011,57.482
Cameroon,2012,58.17
Cameroon,2013,58.73
Cameroon,2014,59.13
Cameroon,2015,59.687
Cameroon,2016,60.293
Cameroon,2017,60.817
Cameroon,2018,61.189
Cameroon,2019,61.695
Cameroon,2020,61.674
Cameroon,2021,61.146
Cameroon,2022,62.443
Cameroon,2023,63.7
Canada,2000,79.1668292682927
Canada,2001,79.3980487804878
Canada,2002,79.5307317073171
Canada,2003,79.7151219512195
Canada,2004,79.9921951219512
Canada,2005,80.1126829268293
Canada,2006,80.5436585365854
Canada,2007,80.5436585365854
Canada,2008,80.7246341463415
Canada,2009,81.0660975609756
Canada,2010,81.3221951219512
Canada,2011,81.4826829268293
Canada,2012,81.6636585365854
Canada,2013,81.7448780487805
Canada,2014,81.7843902439025
Canada,2015,81.8258536585366
Canada,2016,81.94
Canada,2017,81.8129268292683
Canada,2018,81.8087804878049
Canada,2019,82.1636585365854
Canada,2020,81.5351219512195
Canada,2021,81.5168292682927
Canada,2022,81.2453658536585
Canada,2023,81.6465853658537
Chile,2000,77.128
Chile,2001,77.58
Chile,2002,77.84
Chile,2003,77.884
Chile,2004,78.276
Chile,2005,78.459
Chile,2006,78.533
Chile,2007,78.652
Chile,2008,78.752
Chile,2009,78.89
Chile,2010,79.095
Chile,2011,79.236
Chile,2012,79.221
Chile,2013,79.551
Chile,2014,79.714
Chile,2015,80.008
Chile,2016,80.295
Chile,2017,80.61
Chile,2018,80.559
Chile,2019,80.324
Chile,2020,79.349
Chile,2021,78.876
Chile,2022,79.176
Chile,2023,81.167
China,2000,72.288
China,2001,72.675
China,2002,73.034
China,2003,73.385
China,2004,73.727
China,2005,74.085
China,2006,74.404
China,2007,74.789
China,2008,74.833
China,2009,75.317
China,2010,75.668
China,2011,75.889
China,2012,76.2
China,2013,76.452
China,2014,76.714
China,2015,76.975
China,2016,77.214
China,2017,77.235
China,2018,77.709
China,2019,77.94
China,2020,78.019
China,2021,78.117
China,2022,78.202
China,2023,77.953
Colombia,2000,70.905
Colombia,2001,71.185
Colombia,2002,71.537
Colombia,2003,72.309
Colombia,2004,72.76
Colombia,2005,73.156
Colombia,2006,73.497
Colombia,2007,73.751
Colombia,2008,74.206
Colombia,2009,74.531
Colombia,2010,74.876
Colombia,2011,75.18
Colombia,2012,75.611
Colombia,2013,75.834
Colombia,2014,75.95
Colombia,2015,76.067
Colombia,2016,76.228
Colombia,2017,76.418
Colombia,2018,76.579
Colombia,2019,76.793
Colombia,2020,74.757
Colombia,2021,72.698
Colombia,2022,76.508
Colombia,2023,77.725
Costa Rica,2000,77.317
Costa Rica,2001,77.609
Costa Rica,2002,77.939
Costa Rica,2003,78.214
Costa Rica,2004,78.512
Costa Rica,2005,78.877
Costa Rica,2006,79.049
Costa Rica,2007,79.098
Costa Rica,2008,79.18
Costa Rica,2009,79.372
Costa Rica,2010,79.354
Costa Rica,2011,79.624
Costa Rica,2012,79.925
Costa Rica,2013,80.189
Costa Rica,2014,80.231
Costa Rica,2015,80.407
Costa Rica,2016,79.988
Costa Rica,2017,79.994
Costa Rica,2018,80.09
Costa Rica,2019,80.296
Costa Rica,2020,79.725
Costa Rica,2021,78.05
Costa Rica,2022,79.316
Costa Rica,2023,80.799
Cote d'Ivoire,2000,51.393
Cote d'Ivoire,2001,51.428
Cote d'Ivoire,2002,51.544
Cote d'Ivoire,2003,51.443
Cote d'Ivoire,2004,51.939
Cote d'Ivoire,2005,52.432
Cote d'Ivoire,2006,52.885
Cote d'Ivoire,2007,53.452
Cote d'Ivoire,2008,54.179
Cote d'Ivoire,2009,54.744
Cote d'Ivoire,2010,55.282
Cote d'Ivoire,2011,55.972
Cote d'Ivoire,2012,56.57
Cote d'Ivoire,2013,57.057
Cote d'Ivoire,2014,57.772
Cote d'Ivoire,2015,58.281
Cote d'Ivoire,2016,58.814
Cote d'Ivoire,2017,59.315
Cote d'Ivoire,2018,59.795
Cote d'Ivoire,2019,60.274
Cote d'Ivoire,2020,60.14
Cote d'Ivoire,2021,60.29
Cote d'Ivoire,2022,61.562
Cote d'Ivoire,2023,61.944
Croatia,2000,72.8078048780488
Croatia,2001,74.5129268292683
Croatia,2002,74.7173170731707
Croatia,2003,74.6139024390244
Croatia,2004,75.520243902439
Croatia,2005,75.2446341463415
Croatia,2006,75.8368292682927
Croatia,2007,75.7056097560976
Croatia,2008,75.9121951219512
Croatia,2009,76.1682926829268
Croatia,2010,76.4756097560976
Croatia,2011,76.7756097560976
Croatia,2012,77.1682926829268
Croatia,2013,77.5707317073171
Croatia,2014,77.7243902439024
Croatia,2015,77.2756097560976
Croatia,2016,77.9219512195122
Croatia,2017,77.7268292682927
Croatia,2018,77.919512195122
Croatia,2019,78.2243902439024
Croatia,2020,77.5243902439024
Croatia,2021,76.4243902439025
Croatia,2022,77.5756097560976
Croatia,2023,78.4731707317073
Cuba,2000,75.922
Cuba,2001,76.429
Cuba,2002,76.766
Cuba,2003,77.405
Cuba,2004,77.326
Cuba,2005,77.54
Cuba,2006,77.406
Cuba,2007,77.55
Cuba,2008,77.589
Cuba,2009,77.584
Cuba,2010,77.876
Cuba,2011,78.051
Cuba,2012,78.162
Cuba,2013,78.028
Cuba,2014,77.825
Cuba,2015,77.745
Cuba,2016,77.571
Cuba,2017,77.3
Cuba,2018,77.426
Cuba,2019,77.413
Cuba,2020,77.407
Cuba,2021,73.201
Cuba,2022,77.629
Cuba,2023,78.085
Cyprus,2000,77.9
Cyprus,2001,78.185
Cyprus,2002,78.758
Cyprus,2003,78.908
Cyprus,2004,79.007
Cyprus,2005,79.198
Cyprus,2006,79.456
Cyprus,2007,79.798
Cyprus,2008,79.906
Cyprus,2009,80.375
Cyprus,2010,80.632
Cyprus,2011,80.855
Cyprus,2012,81.128
Cyprus,2013,81.317
Cyprus,2014,81.337
Cyprus,2015,81.464
Cyprus,2016,81.534
Cyprus,2017,81.543
Cyprus,2018,81.556
Cyprus,2019,81.454
Cyprus,2020,81.23
Cyprus,2021,80.573
Cyprus,2022,80.434
Cyprus,2023,81.648
Czechia,2000,74.9682926829268
Czechia,2001,75.1731707317073
Czechia,2002,75.2219512195122
Czechia,2003,75.1707317073171
Czechia,2004,75.7219512195122
Czechia,2005,75.9243902439025
Czechia,2006,76.5243902439024
Czechia,2007,76.7243902439025
Czechia,2008,76.9756097560976
Czechia,2009,77.0780487804878
Czechia,2010,77.4243902439025
Czechia,2011,77.8731707317073
Czechia,2012,78.0756097560976
Czechia,2013,78.1756097560976
Czechia,2014,78.8243902439024
Czechia,2015,78.5780487804878
Czechia,2016,79.0268292682927
Czechia,2017,78.9780487804878
Czechia,2018,79.0292682926829
Czechia,2019,79.2292682926829
Czechia,2020,78.2268292682927
Czechia,2021,77.2219512195122
Czechia,2022,78.9292682926829
Czechia,2023,79.8780487804878
Denmark,2000,76.5926829268293
Denmark,2001,76.7926829268293
Denmark,2002,76.8951219512195
Denmark,2003,77.1439024390244
Denmark,2004,77.4926829268293
Denmark,2005,77.8439024390244
Denmark,2006,78.0951219512195
Denmark,2007,78.1951219512195
Denmark,2008,78.4463414634146
Denmark,2009,78.5975609756098
Denmark,2010,79.1
Denmark,2011,79.8
Denmark,2012,80.0512195121951
Denmark,2013,80.3
Denmark,2014,80.7
Denmark,2015,80.7024390243902
Denmark,2016,80.8536585365854
Denmark,2017,81.1024390243903
Denmark,2018,80.9536585365854
Denmark,2019,81.4512195121951
Denmark,2020,81.6024390243903
Denmark,2021,81.4048780487805
Denmark,2022,81.3048780487805
Denmark,2023,81.8536585365854
Dominica,2000,71.715
Dominica,2001,71.862
Dominica,2002,71.927
Dominica,2003,71.942
Dominica,2004,71.987
Dominica,2005,72.016
Dominica,2006,72.007
Dominica,2007,71.901
Dominica,2008,71.945
Dominica,2009,71.835
Dominica,2010,71.68
Dominica,2011,71.517
Dominica,2012,71.391
Dominica,2013,71.228
Dominica,2014,71.189
Dominica,2015,69.968
Dominica,2016,71.189
Dominica,2017,68.62
Dominica,2018,71.378
Dominica,2019,71.305
Dominica,2020,71.269
Dominica,2021,69.832
Dominica,2022,71.081
Dominica,2023,71.132
Dominican Republic,2000,70.365
Dominican Republic,2001,70.553
Dominican Republic,2002,70.719
Dominican Republic,2003,70.856
Dominican Republic,2004,70.73
Dominican Republic,2005,71.043
Dominican Republic,2006,71.054
Dominican Republic,2007,71.097
Dominican Republic,2008,71.331
Dominican Republic,2009,71.587
Dominican Republic,2010,72.039
Dominican Republic,2011,72.496
Dominican Republic,2012,72.817
Dominican Republic,2013,73.038
Dominican Republic,2014,73.145
Dominican Republic,2015,72.982
Dominican Republic,2016,72.889
Dominican Republic,2017,73.37
Dominican Republic,2018,73.555
Dominican Republic,2019,73.112
Dominican Republic,2020,72.636
Dominican Republic,2021,71.757
Dominican Republic,2022,74.211
Dominican Republic,2023,73.72
Ecuador,2000,72.09
Ecuador,2001,72.571
Ecuador,2002,73.164
Ecuador,2003,73.632
Ecuador,2004,73.868
Ecuador,2005,73.909
Ecuador,2006,74.01
Ecuador,2007,74.226
Ecuador,2008,74.709
Ecuador,2009,74.901
Ecuador,2010,75.188
Ecuador,2011,75.179
Ecuador,2012,75.486
Ecuador,2013,75.832
Ecuador,2014,76.141
Ecuador,2015,76.222
Ecuador,2016,76.094
Ecuador,2017,76.22
Ecuador,2018,77.248
Ecuador,2019,77.286
Ecuador,2020,72.004
Ecuador,2021,72.746
Ecuador,2022,76.577
Ecuador,2023,77.392
"Egypt, Arab Rep.",2000,67.332
"Egypt, Arab Rep.",2001,67.612
"Egypt, Arab Rep.",2002,67.846
"Egypt, Arab Rep.",2003,68.045
"Egypt, Arab Rep.",2004,68.211
"Egypt, Arab Rep.",2005,68.355
"Egypt, Arab Rep.",2006,68.493
"Egypt, Arab Rep.",2007,68.627
"Egypt, Arab Rep.",2008,68.761
"Egypt, Arab Rep.",2009,68.915
"Egypt, Arab Rep.",2010,69.078
"Egypt, Arab Rep.",2011,69.232
"Egypt, Arab Rep.",2012,69.464
"Egypt, Arab Rep.",2013,69.632
"Egypt, Arab Rep.",2014,69.911
"Egypt, Arab Rep.",2015,70.135
"Egypt, Arab Rep.",2016,70.437
"Egypt, Arab Rep.",2017,70.709
"Egypt, Arab Rep.",2018,70.974
"Egypt, Arab Rep.",2019,71.213
"Egypt, Arab Rep.",2020,69.79
"Egypt, Arab Rep.",2021,68.976
"Egypt, Arab Rep.",2022,71.01
"Egypt, Arab Rep.",2023,71.633
Eritrea,2000,56.285
Eritrea,2001,58.359
Eritrea,2002,58.941
Eritrea,2003,59.455
Eritrea,2004,60.063
Eritrea,2005,60.628
Eritrea,2006,61.457
Eritrea,2007,61.998
Eritrea,2008,62.422
Eritrea,2009,63.203
Eritrea,2010,63.665
Eritrea,2011,64.231
Eritrea,2012,64.697
Eritrea,2013,65.005
Eritrea,2014,65.517
Eritrea,2015,65.909
Eritrea,2016,66.242
Eritrea,2017,66.612
Eritrea,2018,66.979
Eritrea,2019,67.306
Eritrea,2020,66.98
Eritrea,2021,66.94
Eritrea,2022,67.789
Eritrea,2023,68.624
Estonia,2000,70.4170731707317
Estonia,2001,70.2585365853659
Estonia,2002,70.9048780487805
Estonia,2003,71.3170731707317
Estonia,2004,71.909756097561
Estonia,2005,72.5682926829268
Estonia,2006,72.6914634146341
Estonia,2007,72.8146341463415
Estonia,2008,73.7707317073171
Estonia,2009,74.8243902439024
Estonia,2010,75.4292682926829
Estonia,2011,76.2292682926829
Estonia,2012,76.3268292682927
Estonia,2013,77.1414634146341
Estonia,2014,77.0341463414634
Estonia,2015,77.590243902439
Estonia,2016,77.6414634146342
Estonia,2017,78.0926829268293
Estonia,2018,78.2439024390244
Estonia,2019,78.6463414634147
Estonia,2020,78.5951219512195
Estonia,2021,76.9439024390244
Estonia,2022,77.8439024390244
Estonia,2023,78.490243902439
Ethiopia,2000,50.88
Ethiopia,2001,51.428
Ethiopia,2002,52.085
Ethiopia,2003,52.877
Ethiopia,2004,53.735
Ethiopia,2005,54.364
Ethiopia,2006,55.402
Ethiopia,2007,56.566
Ethiopia,2008,57.733
Ethiopia,2009,58.715
Ethiopia,2010,59.709
Ethiopia,2011,60.595
Ethiopia,2012,61.443
Ethiopia,2013,62.161
Ethiopia,2014,62.927
Ethiopia,2015,63.592
Ethiopia,2016,64.162
Ethiopia,2017,64.766
Ethiopia,2018,65.257
Ethiopia,2019,65.741
Ethiopia,2020,65.969
Ethiopia,2021,65.33
Ethiopia,2022,66.897
Ethiopia,2023,67.315
Fiji,2000,66.194
Fiji,2001,66.205
Fiji,2002,65.492
Fiji,2003,65.653
Fiji,2004,65.841
Fiji,2005,65.983
Fiji,2006,66.126
Fiji,2007,66.161
Fiji,2008,66.32
Fiji,2009,66.347
Fiji,2010,66.778
Fiji,2011,66.88
Fiji,2012,65.812
Fiji,2013,66.545
Fiji,2014,66.581
Fiji,2015,66.48
Fiji,2016,66.657
Fiji,2017,67.06
Fiji,2018,66.965
Fiji,2019,67.009
Fiji,2020,66.924
Fiji,2021,64.904
Fiji,2022,67.148
Fiji,2023,67.316
Finland,2000,77.4658536585366
Finland,2001,77.9658536585366
Finland,2002,78.119512195122
Finland,2003,78.3682926829268
Finland,2004,78.7146341463415
Finland,2005,78.8170731707317
Finland,2006,79.2146341463415
Finland,2007,79.2634146341464
Finland,2008,79.5682926829268
Finland,2009,79.719512195122
Finland,2010,79.8707317073171
Finland,2011,80.4707317073171
Finland,2012,80.6268292682927
Finland,2013,80.9756097560976
Finland,2014,81.1804878048781
Finland,2015,81.4804878048781
Finland,2016,81.4292682926829
Finland,2017,81.6317073170732
Finland,2018,81.7341463414634
Finland,2019,81.9829268292683
Finland,2020,81.9317073170732
Finland,2021,81.8853658536585
Finland,2022,81.1878048780488
Finland,2023,81.6853658536585
France,2000,79.0560975609756
France,2001,79.1585365853659
France,2002,79.2609756097561
France,2003,79.1146341463415
France,2004,80.1634146341463
France,2005,80.1634146341463
France,2006,80.8121951219512
France,2007,81.1121951219512
France,2008,81.2146341463415
France,2009,81.4146341463415
France,2010,81.6634146341463
France,2011,82.1146341463415
France,2012,81.9682926829268
France,2013,82.219512195122
France,2014,82.719512195122
France,2015,82.3219512195122
France,2016,82.5731707317073
France,2017,82.5756097560976
France,2018,82.6756097560976
France,2019,82.8268292682927
France,2020,82.1756097560976
France,2021,82.3243902439024
France,2022,82.1292682926829
France,2023,82.9292682926829
Gabon,2000,61.81
Gabon,2001,61.982
Gabon,2002,62.175
Gabon,2003,62.463
Gabon,2004,62.694
Gabon,2005,62.978
Gabon,2006,63.259
Gabon,2007,63.619
Gabon,2008,64.011
Gabon,2009,64.361
Gabon,2010,64.715
Gabon,2011,65.102
Gabon,2012,65.438
Gabon,2013,65.751
Gabon,2014,66.07
Gabon,2015,66.336
Gabon,2016,66.583
Gabon,2017,66.816
Gabon,2018,67.043
Gabon,2019,67.337
Gabon,2020,67.073
Gabon,2021,67.072
Gabon,2022,67.713
Gabon,2023,68.337
Georgia,2000,70.091
Georgia,2001,70.371
Georgia,2002,70.438
Georgia,2003,71.377
Georgia,2004,71.011
Georgia,2005,70.689
Georgia,2006,70.983
Georgia,2007,70.985
Georgia,2008,70.949
Georgia,2009,71.058
Georgia,2010,71.732
Georgia,2011,72.485
Georgia,2012,72.672
Georgia,2013,73.025
Georgia,2014,73.105
Georgia,2015,73.241
Georgia,2016,73.136
Georgia,2017,73.435
Georgia,2018,73.985
Georgia,2019,74.165
Georgia,2020,73.509
Georgia,2021,71.635
Georgia,2022,74.141
Georgia,2023,74.496
Germany,2000,77.9268292682927
Germany,2001,78.3292682926829
Germany,2002,78.2292682926829
Germany,2003,78.3804878048781
Germany,2004,78.6804878048781
Germany,2005,78.9317073170732
Germany,2006,79.1317073170732
Germany,2007,79.5341463414634
Germany,2008,79.7365853658537
Germany,2009,79.8365853658537
Germany,2010,79.9878048780488
Germany,2011,80.4365853658537
Germany,2012,80.5390243902439
Germany,2013,80.490243902439
Germany,2014,81.090243902439
Germany,2015,80.6414634146341
Germany,2016,80.990243902439
Germany,2017,80.9926829268293
Germany,2018,80.8926829268293
Germany,2019,81.2926829268293
Germany,2020,81.0414634146342
Germany,2021,80.790243902439
Germany,2022,80.6080487804878
Germany,2023,80.5414634146342
Ghana,2000,58.139
Ghana,2001,58.403
Ghana,2002,58.709
Ghana,2003,59.014
Ghana,2004,59.316
Ghana,2005,59.638
Ghana,2006,59.975
Ghana,2007,60.282
Ghana,2008,60.578
Ghana,2009,60.928
Ghana,2010,61.297
Ghana,2011,61.617
Ghana,2012,61.995
Ghana,2013,62.397
Ghana,2014,62.832
Ghana,2015,63.175
Ghana,2016,63.522
Ghana,2017,63.829
Ghana,2018,64.138
Ghana,2019,64.455
Ghana,2020,64.309
Ghana,2021,64.286
Ghana,2022,65.246
Ghana,2023,65.498
Greece,2000,77.8878048780488
Greece,2001,78.3878048780488
Greece,2002,78.6414634146341
Greece,2003,78.8414634146341
Greece,2004,79.0390243902439
Greece,2005,79.2390243902439
Greece,2006,79.4390243902439
Greece,2007,79.4390243902439
Greece,2008,79.9390243902439
Greece,2009,80.1878048780488
Greece,2010,80.3878048780488
Greece,2011,80.7317073170732
Greece,2012,80.6341463414634
Greece,2013,81.2853658536585
Greece,2014,81.3853658536585
Greece,2015,81.0365853658537
Greece,2016,81.3878048780488
Greece,2017,81.2878048780488
Greece,2018,81.7878048780488
Greece,2019,81.6390243902439
Greece,2020,81.2878048780488
Greece,2021,80.0829268292683
Greece,2022,80.7878048780488
Greece,2023,81.5365853658537
Grenada,2000,72.955
Grenada,2001,73.034
Grenada,2002,73.142
Grenada,2003,73.291
Grenada,2004,72.447
Grenada,2005,73.7
Grenada,2006,73.93
Grenada,2007,74.159
Grenada,2008,74.374
Grenada,2009,74.567
Grenada,2010,74.731
Grenada,2011,74.861
Grenada,2012,74.961
Grenada,2013,75.022
Grenada,2014,75.045
Grenada,2015,75.037
Grenada,2016,75.01
Grenada,2017,74.977
Grenada,2018,74.957
Grenada,2019,74.971
Grenada,2020,75.019
Grenada,2021,74.522
Grenada,2022,75.151
Grenada,2023,75.205
Guatemala,2000,67.102
Guatemala,2001,67.436
Guatemala,2002,67.835
Guatemala,2003,68.204
Guatemala,2004,68.245
Guatemala,2005,68.167
Guatemala,2006,68.79
Guatemala,2007,69.299
Guatemala,2008,69.493
Guatemala,2009,69.676
Guatemala,2010,69.885
Guatemala,2011,70.321
Guatemala,2012,70.722
Guatemala,2013,70.878
Guatemala,2014,70.942
Guatemala,2015,70.915
Guatemala,2016,71.215
Guatemala,2017,71.583
Guatemala,2018,71.496
Guatemala,2019,71.639
Guatemala,2020,69.971
Guatemala,2021,67.858
Guatemala,2022,71.206
Guatemala,2023,72.602
"Hong Kong SAR, China",2000,80.8731707317073
"Hong Kong SAR, China",2001,81.4192682926829
"Hong Kong SAR, China",2002,81.4521951219512
"Hong Kong SAR, China",2003,81.3434146341464
"Hong Kong SAR, China",2004,81.7992682926829
"Hong Kong SAR, China",2005,81.6090243902439
"Hong Kong SAR, China",2006,82.3848780487805
"Hong Kong SAR, China",2007,82.3668292682927
"Hong Kong SAR, China",2008,82.3404878048781
"Hong Kong SAR, China",2009,82.7751219512195
"Hong Kong SAR, China",2010,82.9575609756098
"Hong Kong SAR, China",2011,83.4119512195122
"Hong Kong SAR, China",2012,83.450243902439
"Hong Kong SAR, China",2013,83.8312195121951
"Hong Kong SAR, China",2014,83.9356097560976
"Hong Kong SAR, China",2015,84.2526829268293
"Hong Kong SAR, China",2016,84.2114634146342
"Hong Kong SAR, China",2017,84.6956097560976
"Hong Kong SAR, China",2018,84.869756097561
"Hong Kong SAR, China",2019,85.1558536585366
"Hong Kong SAR, China",2020,85.4963414634146
"Hong Kong SAR, China",2021,85.5326829268293
"Hong Kong SAR, China",2022,83.6609756097561
"Hong Kong SAR, China",2023,85.2473170731707
Hungary,2000,71.2463414634146
Hungary,2001,72.2487804878049
Hungary,2002,72.3487804878049
Hungary,2003,72.3
Hungary,2004,72.6487804878049
Hungary,2005,72.6487804878049
Hungary,2006,73.0975609756098
Hungary,2007,73.1512195121951
Hungary,2008,73.7024390243903
Hungary,2009,73.9048780487805
Hungary,2010,74.2073170731707
Hungary,2011,74.8585365853659
Hungary,2012,75.0634146341463
Hungary,2013,75.5658536585366
Hungary,2014,75.7634146341463
Hungary,2015,75.5682926829269
Hungary,2016,76.0634146341464
Hungary,2017,75.8170731707317
Hungary,2018,76.0658536585366
Hungary,2019,76.3195121951219
Hungary,2020,75.419512195122
Hungary,2021,74.0658536585366
Hungary,2022,75.8682926829268
Hungary,2023,76.7707317073171
Iceland,2000,79.6536585365854
Iceland,2001,80.690243902439
Iceland,2002,80.5024390243903
Iceland,2003,80.9634146341464
Iceland,2004,80.9975609756098
Iceland,2005,81.5024390243902
Iceland,2006,81.1585365853659
Iceland,2007,81.4536585365854
Iceland,2008,81.609756097561
Iceland,2009,81.7512195121951
Iceland,2010,81.8975609756097
Iceland,2011,82.3585365853659
Iceland,2012,82.9170731707317
Iceland,2013,82.0609756097561
Iceland,2014,82.8609756097561
Iceland,2015,82.4682926829268
Iceland,2016,82.2048780487805
Iceland,2017,82.6609756097561
Iceland,2018,82.8609756097561
Iceland,2019,83.1634146341463
Iceland,2020,83.0634146341463
Iceland,2021,83.1658536585366
Iceland,2022,82.119512195122
Iceland,2023,82.6073170731707
India,2000,62.749
India,2001,63.158
India,2002,63.649
India,2003,64.086
India,2004,64.484
India,2005,64.939
India,2006,65.373
India,2007,65.803
India,2008,66.247
India,2009,66.7
India,2010,67.162
India,2011,67.623
India,2012,68.076
India,2013,68.499
India,2014,68.932
India,2015,69.326
India,2016,69.709
India,2017,70.068
India,2018,70.415
India,2019,70.746
India,2020,70.156
India,2021,67.282
India,2022,71.698
India,2023,72.003
Indonesia,2000,66.292
Indonesia,2001,66.583
Indonesia,2002,66.954
Indonesia,2003,67.134
Indonesia,2004,65.521
Indonesia,2005,67.531
Indonesia,2006,67.664
Indonesia,2007,67.914
Indonesia,2008,68.085
Indonesia,2009,68.267
Indonesia,2010,68.364
Indonesia,2011,68.629
Indonesia,2012,68.862
Indonesia,2013,69.064
Indonesia,2014,69.292
Indonesia,2015,69.52
Indonesia,2016,69.733
Indonesia,2017,69.953
Indonesia,2018,70.08
Indonesia,2019,70.349
Indonesia,2020,68.817
Indonesia,2021,67.452
Indonesia,2022,70.925
Indonesia,2023,71.146
"Iran, Islamic Rep.",2000,70.166
"Iran, Islamic Rep.",2001,70.619
"Iran, Islamic Rep.",2002,71.112
"Iran, Islamic Rep.",2003,70.464
"Iran, Islamic Rep.",2004,72.04
"Iran, Islamic Rep.",2005,72.446
"Iran, Islamic Rep.",2006,72.895
"Iran, Islamic Rep.",2007,73.299
"Iran, Islamic Rep.",2008,73.683
"Iran, Islamic Rep.",2009,74.041
"Iran, Islamic Rep.",2010,74.39
"Iran, Islamic Rep.",2011,74.721
"Iran, Islamic Rep.",2012,75.039
"Iran, Islamic Rep.",2013,75.349
"Iran, Islamic Rep.",2014,75.635
"Iran, Islamic Rep.",2015,75.907
"Iran, Islamic Rep.",2016,76.155
"Iran, Islamic Rep.",2017,76.396
"Iran, Islamic Rep.",2018,76.621
"Iran, Islamic Rep.",2019,76.855
"Iran, Islamic Rep.",2020,74.141
"Iran, Islamic Rep.",2021,73.752
"Iran, Islamic Rep.",2022,76.799
"Iran, Islamic Rep.",2023,77.654
Ireland,2000,76.5365853658537
Ireland,2001,77.1341463414634
Ireland,2002,77.6341463414634
Ireland,2003,78.1390243902439
Ireland,2004,78.5390243902439
Ireland,2005,78.9439024390244
Ireland,2006,79.2414634146342
Ireland,2007,79.6414634146341
Ireland,2008,80.0951219512195
Ireland,2009,80.190243902439
Ireland,2010,80.7439024390244
Ireland,2011,80.7463414634146
Ireland,2012,80.8463414634146
Ireland,2013,80.9487804878049
Ireland,2014,81.3487804878049
Ireland,2015,81.4536585365854
Ireland,2016,81.6536585365854
Ireland,2017,82.1560975609756
Ireland,2018,82.2048780487805
Ireland,2019,82.7024390243903
Ireland,2020,82.4560975609756
Ireland,2021,82.2536585365854
Ireland,2022,82.509756097561
Ireland,2023,82.8609756097561
Israel,2000,78.9536585365854
Israel,2001,79.4073170731707
Israel,2002,79.4512195121951
Israel,2003,79.6487804878049
Israel,2004,80.1463414634146
Israel,2005,80.1512195121951
Israel,2006,80.5536585365854
Israel,2007,80.5048780487805
Israel,2008,80.9512195121951
Israel,2009,81.4048780487805
Israel,2010,81.6024390243903
Israel,2011,81.6560975609756
Israel,2012,81.7048780487805
Israel,2013,82.0560975609756
Israel,2014,82.1536585365854
Israel,2015,82.0512195121951
Israel,2016,82.4073170731707
Israel,2017,82.5512195121951
Israel,2018,82.8024390243903
Israel,2019,82.8048780487805
Israel,2020,82.6487804878049
Israel,2021,82.5
Israel,2022,82.7
Israel,2023,83.1951219512195
Italy,2000,79.7780487804878
Italy,2001,80.1268292682927
Italy,2002,80.2292682926829
Italy,2003,79.9829268292683
Italy,2004,80.7804878048781
Italy,2005,80.7829268292683
Italy,2006,81.2829268292683
Italy,2007,81.4341463414634
Italy,2008,81.4853658536585
Italy,2009,81.6365853658537
Italy,2010,82.0365853658537
Italy,2011,82.1878048780488
Italy,2012,82.2390243902439
Italy,2013,82.690243902439
Italy,2014,83.090243902439
Italy,2015,82.5439024390244
Italy,2016,83.2439024390244
Italy,2017,82.9463414634147
Italy,2018,83.3463414634146
Italy,2019,83.4975609756098
Italy,2020,82.1951219512195
Italy,2021,82.6463414634146
Italy,2022,82.7
Italy,2023,83.7
Jamaica,2000,71.281
Jamaica,2001,71.287
Jamaica,2002,71.478
Jamaica,2003,71.585
Jamaica,2004,71.542
Jamaica,2005,71.493
Jamaica,2006,71.395
Jamaica,2007,71.405
Jamaica,2008,71.502
Jamaica,2009,71.717
Jamaica,2010,71.979
Jamaica,2011,72.245
Jamaica,2012,72.405
Jamaica,2013,72.435
Jamaica,2014,72.357
Jamaica,2015,72.214
Jamaica,2016,72.052
Jamaica,2017,71.879
Jamaica,2018,71.606
Jamaica,2019,71.532
Jamaica,2020,71.452
Jamaica,2021,69.085
Jamaica,2022,71.481
Jamaica,2023,71.479
Japan,2000,81.0760975609756
Japan,2001,81.4163414634146
Japan,2002,81.6907317073171
Japan,2003,81.76
Japan,2004,82.030243902439
Japan,2005,81.9551219512195
Japan,2006,82.3219512195122
Japan,2007,82.5070731707317
Japan,2008,82.5875609756098
Japan,2009,82.9314634146342
Japan,2010,82.8426829268293
Japan,2011,82.5912195121951
Japan,2012,83.0960975609756
Japan,2013,83.3319512195122
Japan,2014,83.5878048780488
Japan,2015,83.7939024390244
Japan,2016,83.9848780487805
Japan,2017,84.099756097561
Japan,2018,84.2109756097561
Japan,2019,84.3563414634146
Japan,2020,84.56
Japan,2021,84.4456097560976
Japan,2022,83.9963414634146
Japan,2023,84.0412195121951
Jordan,2000,71.926
Jordan,2001,72.141
Jordan,2002,72.359
Jordan,2003,72.585
Jordan,2004,72.788
Jordan,2005,72.977
Jordan,2006,73.225
Jordan,2007,73.407
Jordan,2008,73.563
Jordan,2009,73.707
Jordan,2010,73.797
Jordan,2011,73.929
Jordan,2012,74.087
Jordan,2013,74.282
Jordan,2014,74.606
Jordan,2015,75.06
Jordan,2016,75.55
Jordan,2017,76.071
Jordan,2018,76.491
Jordan,2019,76.865
Jordan,2020,75.583
Jordan,2021,74.204
Jordan,2022,77.088
Jordan,2023,77.814
Kazakhstan,2000,63.793
Kazakhstan,2001,64.108
Kazakhstan,2002,64.441
Kazakhstan,2003,64.753
Kazakhstan,2004,65.04
Kazakhstan,2005,65.356
Kazakhstan,2006,65.722
Kazakhstan,2007,66.18
Kazakhstan,2008,66.759
Kazakhstan,2009,67.46
Kazakhstan,2010,68.257
Kazakhstan,2011,69.108
Kazakhstan,2012,69.939
Kazakhstan,2013,70.719
Kazakhstan,2014,71.415
Kazakhstan,2015,72.024
Kazakhstan,2016,72.549
Kazakhstan,2017,72.996
Kazakhstan,2018,73.369
Kazakhstan,2019,73.658
Kazakhstan,2020,71.195
Kazakhstan,2021,70.131
Kazakhstan,2022,73.503
Kazakhstan,2023,74.402
Kenya,2000,56.084
Kenya,2001,56.501
Kenya,2002,56.759
Kenya,2003,57.369
Kenya,2004,57.947
Kenya,2005,58.51
Kenya,2006,59.059
Kenya,2007,59.407
Kenya,2008,59.955
Kenya,2009,60.483
Kenya,2010,60.915
Kenya,2011,61.283
Kenya,2012,61.537
Kenya,2013,61.729
Kenya,2014,61.99
Kenya,2015,62.279
Kenya,2016,62.526
Kenya,2017,62.725
Kenya,2018,62.825
Kenya,2019,62.939
Kenya,2020,61.596
Kenya,2021,61.225
Kenya,2022,63.549
Kenya,2023,63.646
"Korea, Rep.",2000,75.909756097561
"Korea, Rep.",2001,76.4121951219512
"Korea, Rep.",2002,76.7658536585366
"Korea, Rep.",2003,77.2146341463415
"Korea, Rep.",2004,77.6658536585366
"Korea, Rep.",2005,78.1682926829268
"Korea, Rep.",2006,78.6682926829268
"Korea, Rep.",2007,79.119512195122
"Korea, Rep.",2008,79.5170731707317
"Korea, Rep.",2009,79.9682926829268
"Korea, Rep.",2010,80.1170731707317
"Korea, Rep.",2011,80.5682926829269
"Korea, Rep.",2012,80.819512195122
"Korea, Rep.",2013,81.2707317073171
"Korea, Rep.",2014,81.7219512195122
"Korea, Rep.",2015,82.0243902439024
"Korea, Rep.",2016,82.2756097560976
"Korea, Rep.",2017,82.6268292682927
"Korea, Rep.",2018,82.6268292682927
"Korea, Rep.",2019,83.2268292682927
"Korea, Rep.",2020,83.4268292682927
"Korea, Rep.",2021,83.5268292682927
"Korea, Rep.",2022,82.6804878048781
"Korea, Rep.",2023,83.4292682926829
Kosovo,2000,71.321
Kosovo,2001,71.782
Kosovo,2002,72.227
Kosovo,2003,72.678
Kosovo,2004,73.132
Kosovo,2005,73.437
Kosovo,2006,73.63
Kosovo,2007,74.422
Kosovo,2008,74.711
Kosovo,2009,74.79
Kosovo,2010,74.609
Kosovo,2011,75.323
Kosovo,2012,75.75
Kosovo,2013,76.336
Kosovo,2014,76.179
Kosovo,2015,76.024
Kosovo,2016,76.748
Kosovo,2017,77.105
Kosovo,2018,77.117
Kosovo,2019,77.249
Kosovo,2020,74.212
Kosovo,2021,74.981
Kosovo,2022,77.623
Kosovo,2023,78.033
Kuwait,2000,76.2258780487805
Kuwait,2001,76.3843414634146
Kuwait,2002,76.5316341463415
Kuwait,2003,76.6445609756098
Kuwait,2004,76.7276829268293
Kuwait,2005,76.8007804878049
Kuwait,2006,76.8876829268293
Kuwait,2007,77.0101707317073
Kuwait,2008,77.1890487804878
Kuwait,2009,77.4333658536585
Kuwait,2010,77.7262195121951
Kuwait,2011,78.052243902439
Kuwait,2012,78.3950243902439
Kuwait,2013,78.7418048780488
Kuwait,2014,79.0803414634146
Kuwait,2015,79.3765609756098
Kuwait,2016,79.6775853658537
Kuwait,2017,79.9160731707317
Kuwait,2018,80.1063658536585
Kuwait,2019,81.969756097561
Kuwait,2020,78.7609756097561
Kuwait,2021,78.7365853658537
Kuwait,2022,80.5878048780488
Kuwait,2023,83.1878048780488
Kyrgyz Republic,2000,68.5585365853659
Kyrgyz Republic,2001,68.7073170731707
Kyrgyz Republic,2002,68.1560975609756
Kyrgyz Republic,2003,68.2560975609756
Kyrgyz Republic,2004,68.1536585365854
Kyrgyz Republic,2005,67.9560975609756
Kyrgyz Republic,2006,67.6951219512195
Kyrgyz Republic,2007,67.8951219512195
Kyrgyz Republic,2008,68.4512195121951
Kyrgyz Republic,2009,69.1024390243903
Kyrgyz Republic,2010,69.3
Kyrgyz Republic,2011,69.6024390243903
Kyrgyz Republic,2012,70.0024390243902
Kyrgyz Republic,2013,70.2024390243902
Kyrgyz Republic,2014,70.4024390243902
Kyrgyz Republic,2015,70.6512195121951
Kyrgyz Republic,2016,70.9512195121951
Kyrgyz Republic,2017,71.2
Kyrgyz Republic,2018,71.4
Kyrgyz Republic,2019,71.6
Kyrgyz Republic,2020,71.8
Kyrgyz Republic,2021,71.9
Kyrgyz Republic,2022,72.0487804878049
Kyrgyz Republic,2023,72.2487804878049
Latvia,2000,70.3146341463415
Latvia,2001,70.7609756097561
Latvia,2002,70.9609756097561
Latvia,2003,71.2658536585366
Latvia,2004,72.0268292682927
Latvia,2005,71.3560975609756
Latvia,2006,70.8658536585366
Latvia,2007,71.019512195122
Latvia,2008,72.419512195122
Latvia,2009,73.0804878048781
Latvia,2010,73.4829268292683
Latvia,2011,73.5756097560976
Latvia,2012,73.7780487804878
Latvia,2013,73.9829268292683
Latvia,2014,74.1243902439024
Latvia,2015,74.4804878048781
Latvia,2016,74.580487804878
Latvia,2017,74.6292682926829
Latvia,2018,74.7829268292683
Latvia,2019,75.3878048780488
Latvia,2020,75.1853658536585
Latvia,2021,72.9804878048781
Latvia,2022,74.2780487804878
Latvia,2023,75.6780487804878
Liechtenstein,2000,76.8268292682927
Liechtenstein,2001,79.2756097560976
Liechtenstein,2002,79.6365853658537
Liechtenstein,2003,79.9609756097561
Liechtenstein,2004,81.7707317073171
Liechtenstein,2005,80.6682926829268
Liechtenstein,2006,80.9487804878049
Liechtenstein,2007,81.2951219512195
Liechtenstein,2008,82.6829268292683
Liechtenstein,2009,81.5
Liechtenstein,2010,81.8414634146342
Liechtenstein,2011,81.7926829268293
Liechtenstein,2012,82.3829268292683
Liechtenstein,2013,82.2609756097561
Liechtenstein,2014,82.0731707317073
Liechtenstein,2015,82.6560975609756
Liechtenstein,2016,82.2585365853659
Liechtenstein,2017,83.7463414634147
Liechtenstein,2018,83.0414634146342
Liechtenstein,2019,84.1609756097561
Liechtenstein,2020,81.6585365853659
Liechtenstein,2021,84.4024390243902
Liechtenstein,2022,84.1219512195122
Liechtenstein,2023,84.8414634146342
Lithuania,2000,72.0195121951219
Lithuania,2001,71.6585365853659
Lithuania,2002,71.7609756097561
Lithuania,2003,72.0609756097561
Lithuania,2004,71.9609756097561
Lithuania,2005,71.2536585365854
Lithuania,2006,71.0560975609756
Lithuania,2007,70.9
Lithuania,2008,71.8121951219512
Lithuania,2009,72.9146341463415
Lithuania,2010,73.2682926829268
Lithuania,2011,73.5634146341464
Lithuania,2012,73.8634146341464
Lithuania,2013,73.9146341463415
Lithuania,2014,74.5170731707317
Lithuania,2015,74.3219512195122
Lithuania,2016,74.6707317073171
Lithuania,2017,75.4804878048781
Lithuania,2018,75.6804878048781
Lithuania,2019,76.2829268292683
Lithuania,2020,75.0292682926829
Lithuania,2021,74.0365853658537
Lithuania,2022,75.6439024390244
Lithuania,2023,76.9878048780488
Malaysia,2000,72.732
Malaysia,2001,73.08
Malaysia,2002,73.469
Malaysia,2003,73.727
Malaysia,2004,74.027
Malaysia,2005,74.37
Malaysia,2006,74.697
Malaysia,2007,74.961
Malaysia,2008,75.151
Malaysia,2009,75.269
Malaysia,2010,75.376
Malaysia,2011,75.488
Malaysia,2012,75.552
Malaysia,2013,75.464
Malaysia,2014,75.345
Malaysia,2015,75.288
Malaysia,2016,75.371
Malaysia,2017,75.542
Malaysia,2018,75.734
Malaysia,2019,75.9
Malaysia,2020,76.057
Malaysia,2021,73.917
Malaysia,2022,75.444
Malaysia,2023,76.657
Mauritius,2000,71.6634146341463
Mauritius,2001,71.7658536585366
Mauritius,2002,71.9658536585366
Mauritius,2003,72.1170731707317
Mauritius,2004,72.2658536585366
Mauritius,2005,72.4321951219512
Mauritius,2006,72.4321951219512
Mauritius,2007,72.5707317073171
Mauritius,2008,72.5707317073171
Mauritius,2009,72.8824390243903
Mauritius,2010,72.9673170731707
Mauritius,2011,73.2668292682927
Mauritius,2012,73.8634146341464
Mauritius,2013,74.0170731707317
Mauritius,2014,74.1943902439024
Mauritius,2015,74.3531707317073
Mauritius,2016,74.3948780487805
Mauritius,2017,74.5146341463415
Mauritius,2018,74.4163414634146
Mauritius,2019,74.2358536585366
Mauritius,2020,74.1770731707317
Mauritius,2021,73.680243902439
Mauritius,2022,73.5146341463415
Mauritius,2023,73.4121951219512
Mexico,2000,72.562
Mexico,2001,72.912
Mexico,2002,73.106
Mexico,2003,73.308
Mexico,2004,73.432
Mexico,2005,73.627
Mexico,2006,73.746
Mexico,2007,73.796
Mexico,2008,73.695
Mexico,2009,73.628
Mexico,2010,73.718
Mexico,2011,73.921
Mexico,2012,74.128
Mexico,2013,74.289
Mexico,2014,74.404
Mexico,2015,74.431
Mexico,2016,74.376
Mexico,2017,74.261
Mexico,2018,74.301
Mexico,2019,74.53
Mexico,2020,70.449
Mexico,2021,69.75
Mexico,2022,73.973
Mexico,2023,75.069
Moldova,2000,67.462
Moldova,2001,67.672
Moldova,2002,67.793
Moldova,2003,67.9
Moldova,2004,68.017
Moldova,2005,68.197
Moldova,2006,68.423
Moldova,2007,68.674
Moldova,2008,69.0
Moldova,2009,69.406
Moldova,2010,69.876
Moldova,2011,70.173
Moldova,2012,70.344
Moldova,2013,70.291
Moldova,2014,70.241
Moldova,2015,70.118
Moldova,2016,70.179
Moldova,2017,70.375
Moldova,2018,70.236
Moldova,2019,70.181
Moldova,2020,69.914
Moldova,2021,68.991
Moldova,2022,71.546
Moldova,2023,71.198
Mongolia,2000,63.2104878048781
Mongolia,2001,63.3917073170732
Mongolia,2002,63.540243902439
Mongolia,2003,63.5753658536585
Mongolia,2004,64.630243902439
Mongolia,2005,65.2807317073171
Mongolia,2006,65.9021951219512
Mongolia,2007,66.5934146341464
Mongolia,2008,67.2460975609756
Mongolia,2009,67.9690243902439
Mongolia,2010,68.5056097560976
Mongolia,2011,69.109268292683
Mongolia,2012,69.500243902439
Mongolia,2013,70.0980487804878
Mongolia,2014,70.5831707317073
Mongolia,2015,70.810243902439
Mongolia,2016,70.2239024390244
Mongolia,2017,70.5434146341463
Mongolia,2018,70.8270731707317
Mongolia,2019,71.0531707317073
Mongolia,2020,71.3490243902439
Mongolia,2021,71.6451219512195
Mongolia,2022,71.9007317073171
Mongolia,2023,72.1224390243902
Montenegro,2000,73.3968048780488
Montenegro,2001,73.5801951219512
Montenegro,2002,73.9652195121951
Montenegro,2003,74.0557317073171
Montenegro,2004,74.2056097560976
Montenegro,2005,73.9829268292683
Montenegro,2006,73.8390243902439
Montenegro,2007,74.3390243902439
Montenegro,2008,75.1365853658537
Montenegro,2009,75.1439024390244
Montenegro,2010,75.990243902439
Montenegro,2011,76.0829268292683
Montenegro,2012,76.3
Montenegro,2013,76.490243902439
Montenegro,2014,76.3390243902439
Montenegro,2015,76.6024390243903
Montenegro,2016,76.5414634146342
Montenegro,2017,76.6853658536585
Montenegro,2018,77.8853658536585
Montenegro,2019,76.6829268292683
Montenegro,2020,75.9317073170732
Montenegro,2021,73.8243902439024
Montenegro,2022,76.1878048780488
Montenegro,2023,77.5878048780488
Morocco,2000,66.794
Morocco,2001,67.2
Morocco,2002,67.582
Morocco,2003,67.958
Morocco,2004,68.272
Morocco,2005,68.748
Morocco,2006,69.157
Morocco,2007,69.62
Morocco,2008,70.051
Morocco,2009,70.454
Morocco,2010,70.821
Morocco,2011,71.263
Morocco,2012,71.674
Morocco,2013,72.117
Morocco,2014,72.522
Morocco,2015,72.894
Morocco,2016,73.228
Morocco,2017,73.608
Morocco,2018,73.946
Morocco,2019,74.245
Morocco,2020,73.133
Morocco,2021,73.385
Morocco,2022,75.161
Morocco,2023,75.313
Mozambique,2000,49.476
Mozambique,2001,50.259
Mozambique,2002,50.879
Mozambique,2003,51.383
Mozambique,2004,51.855
Mozambique,2005,52.322
Mozambique,2006,52.748
Mozambique,2007,53.255
Mozambique,2008,53.799
Mozambique,2009,54.4
Mozambique,2010,55.04
Mozambique,2011,55.733
Mozambique,2012,56.46
Mozambique,2013,57.189
Mozambique,2014,57.965
Mozambique,2015,58.711
Mozambique,2016,59.455
Mozambique,2017,60.148
Mozambique,2018,60.79
Mozambique,2019,61.306
Mozambique,2020,61.39
Mozambique,2021,60.268
Mozambique,2022,63.011
Mozambique,2023,63.611
Namibia,2000,52.946
Namibia,2001,51.98
Namibia,2002,51.988
Namibia,2003,51.918
Namibia,2004,52.175
Namibia,2005,52.557
Namibia,2006,53.183
Namibia,2007,54.026
Namibia,2008,54.74
Namibia,2009,55.347
Namibia,2010,56.093
Namibia,2011,56.647
Namibia,2012,57.733
Namibia,2013,58.468
Namibia,2014,59.311
Namibia,2015,60.008
Namibia,2016,60.81
Namibia,2017,61.661
Namibia,2018,62.579
Namibia,2019,63.546
Namibia,2020,64.071
Namibia,2021,60.85
Namibia,2022,64.19
Namibia,2023,67.385
Netherlands,2000,77.9878048780488
Netherlands,2001,78.190243902439
Netherlands,2002,78.2926829268293
Netherlands,2003,78.4926829268293
Netherlands,2004,79.0951219512195
Netherlands,2005,79.3463414634146
Netherlands,2006,79.6975609756098
Netherlands,2007,80.0975609756098
Netherlands,2008,80.2512195121951
Netherlands,2009,80.5487804878049
Netherlands,2010,80.7024390243902
Netherlands,2011,81.2048780487805
Netherlands,2012,81.1048780487805
Netherlands,2013,81.3048780487805
Netherlands,2014,81.7073170731707
Netherlands,2015,81.509756097561
Netherlands,2016,81.5609756097561
Netherlands,2017,81.7609756097561
Netherlands,2018,81.8121951219512
Netherlands,2019,82.1121951219512
Netherlands,2020,81.3585365853659
Netherlands,2021,81.309756097561
Netherlands,2022,81.6146341463415
Netherlands,2023,81.9146341463415
New Zealand,2000,78.6365853658537
New Zealand,2001,78.6926829268293
New Zealand,2002,78.8463414634146
New Zealand,2003,79.1463414634146
New Zealand,2004,79.5487804878049
New Zealand,2005,79.8512195121951
New Zealand,2006,80.0487804878049
New Zealand,2007,80.1512195121951
New Zealand,2008,80.3512195121951
New Zealand,2009,80.7024390243902
New Zealand,2010,80.9048780487805
New Zealand,2011,81.1560975609756
New Zealand,2012,81.4073170731707
New Zealand,2013,81.4048780487805
New Zealand,2014,81.4568292682927
New Zealand,2015,81.6124390243903
New Zealand,2016,81.6585365853659
New Zealand,2017,81.8585365853659
New Zealand,2018,81.7073170731707
New Zealand,2019,82.0560975609756
New Zealand,2020,82.2560975609756
New Zealand,2021,82.2073170731707
New Zealand,2022,81.9585365853658
New Zealand,2023,83.0048780487805
Niger,2000,49.172
Niger,2001,49.872
Niger,2002,50.645
Niger,2003,51.545
Niger,2004,52.402
Niger,2005,53.32
Niger,2006,54.223
Niger,2007,55.063
Niger,2008,55.852
Niger,2009,56.487
Niger,2010,57.08
Niger,2011,57.6
Niger,2012,57.987
Niger,2013,58.364
Niger,2014,58.693
Niger,2015,58.85
Niger,2016,59.228
Niger,2017,59.524
Niger,2018,59.765
Niger,2019,60.031
Niger,2020,59.89
Niger,2021,59.542
Niger,2022,60.398
Niger,2023,61.183
Nigeria,2000,47.143
Nigeria,2001,47.549
Nigeria,2002,48.02
Nigeria,2003,48.618
Nigeria,2004,49.148
Nigeria,2005,49.538
Nigeria,2006,49.876
Nigeria,2007,50.381
Nigeria,2008,50.748
Nigeria,2009,51.08
Nigeria,2010,51.315
Nigeria,2011,51.49
Nigeria,2012,51.688
Nigeria,2013,51.827
Nigeria,2014,51.94
Nigeria,2015,51.939
Nigeria,2016,52.189
Nigeria,2017,52.397
Nigeria,2018,52.669
Nigeria,2019,53.009
Nigeria,2020,53.072
Nigeria,2021,53.455
Nigeria,2022,54.079
Nigeria,2023,54.462
North Macedonia,2000,72.9463414634147
North Macedonia,2001,73.4365853658537
North Macedonia,2002,73.0390243902439
North Macedonia,2003,73.2414634146342
North Macedonia,2004,73.5975609756098
North Macedonia,2005,73.6975609756098
North Macedonia,2006,73.8951219512195
North Macedonia,2007,73.8
North Macedonia,2008,74.4
North Macedonia,2009,74.4463414634146
North Macedonia,2010,74.9975609756098
North Macedonia,2011,75.1
North Macedonia,2012,74.9024390243903
North Macedonia,2013,75.4
North Macedonia,2014,75.4512195121951
North Macedonia,2015,75.4024390243902
North Macedonia,2016,75.4
North Macedonia,2017,75.9536585365854
North Macedonia,2018,76.6487804878049
North Macedonia,2019,76.6024390243903
North Macedonia,2020,74.3951219512195
North Macedonia,2021,73.2463414634146
North Macedonia,2022,74.4248780487805
North Macedonia,2023,75.3160975609756
Norway,2000,78.6341463414634
Norway,2001,78.7853658536585
Norway,2002,78.9878048780488
Norway,2003,79.390243902439
Norway,2004,79.8414634146342
Norway,2005,80.0414634146342
Norway,2006,80.3439024390244
Norway,2007,80.3951219512195
Norway,2008,80.5926829268293
Norway,2009,80.7951219512195
Norway,2010,80.9975609756098
Norway,2011,81.2951219512195
Norway,2012,81.4512195121951
Norway,2013,81.7512195121951
Norway,2014,82.1
Norway,2015,82.3048780487805
Norway,2016,82.4073170731707
Norway,2017,82.609756097561
Norway,2018,82.7585365853659
Norway,2019,82.9585365853659
Norway,2020,83.209756097561
Norway,2021,83.1634146341463
Norway,2022,82.509756097561
Norway,2023,83.1121951219512
Pakistan,2000,61.903
Pakistan,2001,62.241
Pakistan,2002,62.556
Pakistan,2003,62.834
Pakistan,2004,63.097
Pakistan,2005,62.416
Pakistan,2006,63.624
Pakistan,2007,63.807
Pakistan,2008,64.002
Pakistan,2009,64.206
Pakistan,2010,64.378
Pakistan,2011,64.659
Pakistan,2012,64.883
Pakistan,2013,65.129
Pakistan,2014,65.374
Pakistan,2015,65.641
Pakistan,2016,65.943
Pakistan,2017,66.223
Pakistan,2018,66.481
Pakistan,2019,66.729
Pakistan,2020,65.701
Pakistan,2021,65.773
Pakistan,2022,67.417
Pakistan,2023,67.649
Panama,2000,73.443
Panama,2001,73.82
Panama,2002,74.195
Panama,2003,74.567
Panama,2004,74.845
Panama,2005,75.16
Panama,2006,75.429
Panama,2007,75.675
Panama,2008,75.937
Panama,2009,76.228
Panama,2010,76.417
Panama,2011,76.659
Panama,2012,76.877
Panama,2013,77.129
Panama,2014,77.365
Panama,2015,77.583
Panama,2016,77.772
Panama,2017,77.901
Panama,2018,78.266
Panama,2019,78.514
Panama,2020,76.33
Panama,2021,77.004
Panama,2022,79.324
Panama,2023,79.594
Paraguay,2000,70.026
Paraguay,2001,70.281
Paraguay,2002,70.539
Paraguay,2003,70.795
Paraguay,2004,71.054
Paraguay,2005,71.317
Paraguay,2006,71.584
Paraguay,2007,71.817
Paraguay,2008,72.047
Paraguay,2009,72.282
Paraguay,2010,72.551
Paraguay,2011,72.787
Paraguay,2012,73.105
Paraguay,2013,73.292
Paraguay,2014,73.415
Paraguay,2015,73.454
Paraguay,2016,73.487
Paraguay,2017,73.45
Paraguay,2018,73.627
Paraguay,2019,73.668
Paraguay,2020,72.72
Paraguay,2021,68.108
Paraguay,2022,72.319
Paraguay,2023,73.844
Peru,2000,69.821
Peru,2001,70.315
Peru,2002,70.815
Peru,2003,71.278
Peru,2004,71.447
Peru,2005,71.988
Peru,2006,72.337
Peru,2007,72.746
Peru,2008,72.743
Peru,2009,72.631
Peru,2010,72.886
Peru,2011,73.327
Peru,2012,73.979
Peru,2013,74.591
Peru,2014,75.26
Peru,2015,75.732
Peru,2016,75.951
Peru,2017,75.958
Peru,2018,76.018
Peru,2019,76.275
Peru,2020,73.832
Peru,2021,71.596
Peru,2022,76.834
Peru,2023,77.74
Philippines,2000,67.789
Philippines,2001,67.829
Philippines,2002,67.886
Philippines,2003,68.049
Philippines,2004,68.301
Philippines,2005,68.423
Philippines,2006,68.172
Philippines,2007,68.549
Philippines,2008,68.643
Philippines,2009,68.631
Philippines,2010,68.883
Philippines,2011,69.096
Philippines,2012,69.237
Philippines,2013,69.283
Philippines,2014,69.311
Philippines,2015,69.45
Philippines,2016,69.49
Philippines,2017,69.966
Philippines,2018,69.761
Philippines,2019,69.68
Philippines,2020,70.097
Philippines,2021,66.675
Philippines,2022,69.472
Philippines,2023,69.833
Poland,2000,73.7487804878049
Poland,2001,74.2
Poland,2002,74.4975609756098
Poland,2003,74.5975609756098
Poland,2004,74.8463414634146
Poland,2005,74.9951219512195
Poland,2006,75.1439024390244
Poland,2007,75.2439024390244
Poland,2008,75.5439024390244
Poland,2009,75.6951219512195
Poland,2010,76.2463414634146
Poland,2011,76.6951219512195
Poland,2012,76.7463414634146
Poland,2013,77.0
Poland,2014,77.6024390243903
Poland,2015,77.4512195121951
Poland,2016,77.8512195121951
Poland,2017,77.7536585365854
Poland,2018,77.6024390243903
Poland,2019,77.9048780487805
Poland,2020,76.4
Poland,2021,75.3512195121951
Poland,2022,77.1560975609756
Poland,2023,78.5073170731707
Portugal,2000,76.3146341463415
Portugal,2001,76.8146341463415
Portugal,2002,77.0658536585366
Portugal,2003,77.219512195122
Portugal,2004,77.6707317073171
Portugal,2005,78.0707317073171
Portugal,2006,78.419512195122
Portugal,2007,78.3219512195122
Portugal,2008,78.5243902439025
Portugal,2009,78.7268292682927
Portugal,2010,79.0268292682927
Portugal,2011,80.4707317073171
Portugal,2012,80.3731707317073
Portugal,2013,80.7219512195122
Portugal,2014,81.1219512195122
Portugal,2015,81.1243902439025
Portugal,2016,81.1243902439025
Portugal,2017,81.4243902439025
Portugal,2018,81.3243902439024
Portugal,2019,81.6756097560976
Portugal,2020,81.3292682926829
Portugal,2021,81.3780487804878
Portugal,2022,81.6317073170732
Portugal,2023,82.2804878048781
Puerto Rico,2000,75.514
Puerto Rico,2001,75.972
Puerto Rico,2002,76.819
Puerto Rico,2003,76.941
Puerto Rico,2004,76.913
Puerto Rico,2005,76.703
Puerto Rico,2006,77.561
Puerto Rico,2007,77.659
Puerto Rico,2008,78.111
Puerto Rico,2009,78.377
Puerto Rico,2010,78.717
Puerto Rico,2011,78.766
Puerto Rico,2012,79.258
Puerto Rico,2013,80.318
Puerto Rico,2014,80.039
Puerto Rico,2015,80.677
Puerto Rico,2016,80.355
Puerto Rico,2017,79.07
Puerto Rico,2018,81.086
Puerto Rico,2019,81.438
Puerto Rico,2020,80.009
Puerto Rico,2021,79.77
Puerto Rico,2022,79.427
Puerto Rico,2023,81.69
Qatar,2000,75.25
Qatar,2001,75.486
Qatar,2002,75.766
Qatar,2003,76.097
Qatar,2004,76.484
Qatar,2005,76.909
Qatar,2006,77.323
Qatar,2007,77.741
Qatar,2008,78.262
Qatar,2009,78.837
Qatar,2010,79.444
Qatar,2011,79.994
Qatar,2012,80.499
Qatar,2013,80.974
Qatar,2014,81.395
Qatar,2015,81.785
Qatar,2016,82.147
Qatar,2017,82.458
Qatar,2018,82.714
Qatar,2019,82.945
Qatar,2020,80.409
Qatar,2021,81.083
Qatar,2022,81.857
Qatar,2023,82.368
Romania,2000,71.1634146341463
Romania,2001,71.1609756097561
Romania,2002,71.009756097561
Romania,2003,71.309756097561
Romania,2004,71.5609756097561
Romania,2005,71.9121951219512
Romania,2006,72.1634146341463
Romania,2007,72.5658536585366
Romania,2008,72.5658536585366
Romania,2009,73.309756097561
Romania,2010,73.4585365853659
Romania,2011,74.409756097561
Romania,2012,74.4121951219512
Romania,2013,75.0634146341463
Romania,2014,74.909756097561
Romania,2015,74.9121951219512
Romania,2016,75.209756097561
Romania,2017,75.209756097561
Romania,2018,75.3585365853659
Romania,2019,75.6073170731707
Romania,2020,74.2536585365854
Romania,2021,72.809756097561
Romania,2022,75.1536585365854
Romania,2023,76.6073170731707
Russian Federation,2000,65.4836585365854
Russian Federation,2001,65.3834146341463
Russian Federation,2002,65.1287804878049
Russian Federation,2003,65.0275609756098
Russian Federation,2004,65.4709756097561
Russian Federation,2005,65.529756097561
Russian Federation,2006,66.7275609756098
Russian Federation,2007,67.5868292682927
Russian Federation,2008,67.9492682926829
Russian Federation,2009,68.6846341463415
Russian Federation,2010,68.8412195121951
Russian Federation,2011,69.6839024390244
Russian Federation,2012,70.0721951219512
Russian Federation,2013,70.5787804878049
Russian Federation,2014,70.7436585365854
Russian Federation,2015,71.1834146341463
Russian Federation,2016,71.6512195121951
Russian Federation,2017,72.4514634146342
Russian Federation,2018,72.6621951219512
Russian Federation,2019,73.0839024390244
Russian Federation,2020,71.3387804878049
Russian Federation,2021,69.900243902439
Russian Federation,2022,72.5456097560976
Russian Federation,2023,73.2546341463415
Samoa,2000,70.791
Samoa,2001,71.028
Samoa,2002,71.233
Samoa,2003,71.441
Samoa,2004,71.508
Samoa,2005,71.487
Samoa,2006,71.62
Samoa,2007,71.605
Samoa,2008,71.531
Samoa,2009,69.486
Samoa,2010,71.451
Samoa,2011,71.393
Samoa,2012,71.159
Samoa,2013,71.229
Samoa,2014,71.142
Samoa,2015,71.06
Samoa,2016,71.003
Samoa,2017,70.991
Samoa,2018,71.052
Samoa,2019,70.269
Samoa,2020,70.727
Samoa,2021,71.096
Samoa,2022,71.55
Samoa,2023,71.698
San Marino,2000,80.504
San Marino,2001,80.803
San Marino,2002,81.061
San Marino,2003,81.33
San Marino,2004,81.592
San Marino,2005,81.926
San Marino,2006,82.258
San Marino,2007,82.605
San Marino,2008,82.894
San Marino,2009,83.224
San Marino,2010,83.464
San Marino,2011,83.713
San Marino,2012,83.943
San Marino,2013,84.175
San Marino,2014,84.394
San Marino,2015,84.596
San Marino,2016,84.775
San Marino,2017,84.933
San Marino,2018,85.095
San Marino,2019,85.257
San Marino,2020,82.65
San Marino,2021,83.539
San Marino,2022,85.708
San Marino,2023,85.706
Saudi Arabia,2000,72.607
Saudi Arabia,2001,72.951
Saudi Arabia,2002,73.296
Saudi Arabia,2003,73.657
Saudi Arabia,2004,74.027
Saudi Arabia,2005,74.4
Saudi Arabia,2006,74.762
Saudi Arabia,2007,75.066
Saudi Arabia,2008,75.301
Saudi Arabia,2009,75.447
Saudi Arabia,2010,75.616
Saudi Arabia,2011,75.808
Saudi Arabia,2012,76.09
Saudi Arabia,2013,76.517
Saudi Arabia,2014,77.116
Saudi Arabia,2015,77.776
Saudi Arabia,2016,78.354
Saudi Arabia,2017,78.721
Saudi Arabia,2018,78.75
Saudi Arabia,2019,78.313
Saudi Arabia,2020,77.596
Saudi Arabia,2021,77.089
Saudi Arabia,2022,77.31
Saudi Arabia,2023,78.732
Serbia,2000,71.5829268292683
Serbia,2001,72.2341463414634
Serbia,2002,72.2853658536585
Serbia,2003,72.4365853658537
Serbia,2004,72.6829268292683
Serbia,2005,72.8341463414634
Serbia,2006,73.3853658536585
Serbia,2007,73.6317073170732
Serbia,2008,73.8853658536585
Serbia,2009,73.9853658536585
Serbia,2010,74.3365853658537
Serbia,2011,74.5365853658537
Serbia,2012,74.8365853658537
Serbia,2013,75.1853658536585
Serbia,2014,75.3365853658537
Serbia,2015,75.2878048780488
Serbia,2016,75.6878048780488
Serbia,2017,75.5390243902439
Serbia,2018,75.890243902439
Serbia,2019,75.9365853658537
Serbia,2020,74.4780487804878
Serbia,2021,72.780487804878
Serbia,2022,75.2365853658537
Serbia,2023,76.2209756097561
Singapore,2000,77.9512195121951
Singapore,2001,78.2512195121951
Singapore,2002,78.5512195121951
Singapore,2003,79.0390243902439
Singapore,2004,79.490243902439
Singapore,2005,79.990243902439
Singapore,2006,80.1414634146341
Singapore,2007,80.4414634146342
Singapore,2008,80.790243902439
Singapore,2009,81.2414634146342
Singapore,2010,81.5414634146342
Singapore,2011,81.7439024390244
Singapore,2012,81.9951219512195
Singapore,2013,82.2463414634147
Singapore,2014,82.4951219512195
Singapore,2015,82.7439024390244
Singapore,2016,82.8463414634146
Singapore,2017,83.0951219512195
Singapore,2018,83.2975609756098
Singapore,2019,83.5951219512195
Singapore,2020,83.5439024390244
Singapore,2021,83.0926829268293
Singapore,2022,82.8951219512195
Singapore,2023,82.8951219512195
Slovak Republic,2000,73.0512195121951
Slovak Republic,2001,73.4024390243903
Slovak Republic,2002,73.6048780487805
Slovak Republic,2003,73.6048780487805
Slovak Republic,2004,73.9585365853659
Slovak Republic,2005,73.9048780487805
Slovak Republic,2006,74.2048780487805
Slovak Republic,2007,74.2073170731707
Slovak Republic,2008,74.7048780487805
Slovak Republic,2009,74.909756097561
Slovak Republic,2010,75.1121951219512
Slovak Republic,2011,75.9585365853659
Slovak Republic,2012,76.109756097561
Slovak Republic,2013,76.4121951219512
Slovak Republic,2014,76.8121951219512
Slovak Republic,2015,76.5634146341463
Slovak Republic,2016,77.1658536585366
Slovak Republic,2017,77.1658536585366
Slovak Republic,2018,77.2658536585366
Slovak Republic,2019,77.6658536585366
Slovak Republic,2020,76.8658536585366
Slovak Republic,2021,74.6146341463415
Slovak Republic,2022,76.9658536585366
Slovak Republic,2023,78.0170731707317
Slovenia,2000,75.4121951219512
Slovenia,2001,75.7585365853659
Slovenia,2002,76.0073170731707
Slovenia,2003,76.8585365853659
Slovenia,2004,77.2073170731707
Slovenia,2005,77.6121951219512
Slovenia,2006,78.0865853658537
Slovenia,2007,78.5609756097561
Slovenia,2008,78.7658536585366
Slovenia,2009,78.9707317073171
Slovenia,2010,79.4219512195122
Slovenia,2011,79.9707317073171
Slovenia,2012,80.1243902439024
Slovenia,2013,80.3219512195122
Slovenia,2014,81.0780487804878
Slovenia,2015,80.7756097560976
Slovenia,2016,81.1756097560976
Slovenia,2017,81.0292682926829
Slovenia,2018,81.3780487804878
Slovenia,2019,81.5292682926829
Slovenia,2020,80.5317073170732
Slovenia,2021,80.6756097560976
Slovenia,2022,81.2829268292683
Slovenia,2023,81.9780487804878
South Africa,2000,58.368
South Africa,2001,57.161
South Africa,2002,55.58
South Africa,2003,54.245
South Africa,2004,53.963
South Africa,2005,53.914
South Africa,2006,54.22
South Africa,2007,54.948
South Africa,2008,55.982
South Africa,2009,57.413
South Africa,2010,58.886
South Africa,2011,60.602
South Africa,2012,61.737
South Africa,2013,62.388
South Africa,2014,63.184
South Africa,2015,64.053
South Africa,2016,64.749
South Africa,2017,65.422
South Africa,2018,65.726
South Africa,2019,66.071
South Africa,2020,65.15
South Africa,2021,62.01
South Africa,2022,65.454
South Africa,2023,66.139
Spain,2000,78.9658536585366
Spain,2001,79.3682926829268
Spain,2002,79.5682926829268
Spain,2003,79.619512195122
Spain,2004,79.8707317073171
Spain,2005,80.1707317073171
Spain,2006,80.8219512195122
Spain,2007,80.8731707317073
Spain,2008,81.1756097560976
Spain,2009,81.4756097560976
Spain,2010,81.6268292682927
Spain,2011,82.4756097560976
Spain,2012,82.4268292682927
Spain,2013,83.0780487804878
Spain,2014,83.2292682926829
Spain,2015,82.8317073170732
Spain,2016,83.3292682926829
Spain,2017,83.2829268292683
Spain,2018,83.4317073170732
Spain,2019,83.8317073170732
Spain,2020,82.2317073170732
Spain,2021,83.1780487804878
Spain,2022,83.1341463414634
Spain,2023,83.8829268292683
Sri Lanka,2000,71.179
Sri Lanka,2001,71.804
Sri Lanka,2002,72.271
Sri Lanka,2003,72.442
Sri Lanka,2004,68.022
Sri Lanka,2005,73.073
Sri Lanka,2006,72.825
Sri Lanka,2007,72.983
Sri Lanka,2008,72.556
Sri Lanka,2009,70.298
Sri Lanka,2010,74.463
Sri Lanka,2011,74.74
Sri Lanka,2012,75.187
Sri Lanka,2013,75.546
Sri Lanka,2014,75.757
Sri Lanka,2015,75.99
Sri Lanka,2016,76.136
Sri Lanka,2017,76.239
Sri Lanka,2018,76.485
Sri Lanka,2019,76.698
Sri Lanka,2020,76.928
Sri Lanka,2021,76.278
Sri Lanka,2022,77.3
Sri Lanka,2023,77.483
St. Lucia,2000,70.779
St. Lucia,2001,71.367
St. Lucia,2002,71.707
St. Lucia,2003,72.188
St. Lucia,2004,72.453
St. Lucia,2005,72.544
St. Lucia,2006,72.794
St. Lucia,2007,72.86
St. Lucia,2008,72.963
St. Lucia,2009,72.946
St. Lucia,2010,72.768
St. Lucia,2011,72.962
St. Lucia,2012,72.86
St. Lucia,2013,72.687
St. Lucia,2014,72.676
St. Lucia,2015,72.932
St. Lucia,2016,72.552
St. Lucia,2017,72.522
St. Lucia,2018,72.655
St. Lucia,2019,72.249
St. Lucia,2020,72.308
St. Lucia,2021,69.119
St. Lucia,2022,72.67
St. Lucia,2023,72.697
Sudan,2000,58.946
Sudan,2001,59.264
Sudan,2002,59.308
Sudan,2003,58.319
Sudan,2004,56.773
Sudan,2005,57.226
Sudan,2006,60.4
Sudan,2007,61.442
Sudan,2008,61.261
Sudan,2009,62.676
Sudan,2010,62.979
Sudan,2011,63.181
Sudan,2012,63.427
Sudan,2013,63.443
Sudan,2014,63.99
Sudan,2015,64.375
Sudan,2016,64.677
Sudan,2017,65.146
Sudan,2018,65.501
Sudan,2019,65.803
Sudan,2020,65.124
Sudan,2021,64.46
Sudan,2022,65.695
Sudan,2023,66.331
Sweden,2000,79.6439024390244
Sweden,2001,79.7951219512195
Sweden,2002,79.8463414634146
Sweden,2003,80.0951219512195
Sweden,2004,80.4975609756098
Sweden,2005,80.5463414634146
Sweden,2006,80.7487804878049
Sweden,2007,80.9
Sweden,2008,81.1
Sweden,2009,81.3512195121951
Sweden,2010,81.4512195121951
Sweden,2011,81.8024390243903
Sweden,2012,81.7048780487805
Sweden,2013,81.9560975609756
Sweden,2014,82.2536585365854
Sweden,2015,82.2048780487805
Sweden,2016,82.3073170731707
Sweden,2017,82.409756097561
Sweden,2018,82.5585365853659
Sweden,2019,83.109756097561
Sweden,2020,82.3560975609756
Sweden,2021,83.0560975609756
Sweden,2022,83.0585365853659
Sweden,2023,83.309756097561
Switzerland,2000,79.6804878048781
Switzerland,2001,80.1804878048781
Switzerland,2002,80.3853658536585
Switzerland,2003,80.5365853658537
Switzerland,2004,81.0878048780488
Switzerland,2005,81.2365853658537
Switzerland,2006,81.490243902439
Switzerland,2007,81.7414634146342
Switzerland,2008,81.9926829268293
Switzerland,2009,82.0439024390244
Switzerland,2010,82.2463414634147
Switzerland,2011,82.6951219512195
Switzerland,2012,82.6975609756098
Switzerland,2013,82.7975609756098
Switzerland,2014,83.1975609756098
Switzerland,2015,82.8975609756098
Switzerland,2016,83.6024390243903
Switzerland,2017,83.5512195121951
Switzerland,2018,83.7536585365854
Switzerland,2019,83.9048780487805
Switzerland,2020,83.0
Switzerland,2021,83.7512195121951
Switzerland,2022,83.6048780487805
Switzerland,2023,84.0560975609756
Syrian Arab Republic,2000,70.856
Syrian Arab Republic,2001,71.296
Syrian Arab Republic,2002,71.742
Syrian Arab Republic,2003,72.188
Syrian Arab Republic,2004,72.494
Syrian Arab Republic,2005,72.797
Syrian Arab Republic,2006,73.04
Syrian Arab Republic,2007,73.256
Syrian Arab Republic,2008,73.368
Syrian Arab Republic,2009,73.496
Syrian Arab Republic,2010,73.542
Syrian Arab Republic,2011,72.259
Syrian Arab Republic,2012,66.206
Syrian Arab Republic,2013,65.146
Syrian Arab Republic,2014,65.492
Syrian Arab Republic,2015,63.265
Syrian Arab Republic,2016,65.19
Syrian Arab Republic,2017,65.651
Syrian Arab Republic,2018,67.371
Syrian Arab Republic,2019,70.97
Syrian Arab Republic,2020,71.944
Syrian Arab Republic,2021,72.418
Syrian Arab Republic,2022,72.79
Syrian Arab Republic,2023,72.12
Tajikistan,2000,63.542
Tajikistan,2001,64.197
Tajikistan,2002,64.898
Tajikistan,2003,65.874
Tajikistan,2004,66.604
Tajikistan,2005,66.531
Tajikistan,2006,66.997
Tajikistan,2007,67.405
Tajikistan,2008,67.924
Tajikistan,2009,68.248
Tajikistan,2010,68.37
Tajikistan,2011,68.698
Tajikistan,2012,69.13
Tajikistan,2013,69.579
Tajikistan,2014,69.697
Tajikistan,2015,69.665
Tajikistan,2016,69.982
Tajikistan,2017,70.524
Tajikistan,2018,70.737
Tajikistan,2019,70.962
Tajikistan,2020,68.605
Tajikistan,2021,69.594
Tajikistan,2022,71.562
Tajikistan,2023,71.79
Thailand,2000,71.205
Thailand,2001,71.52
Thailand,2002,71.775
Thailand,2003,72.101
Thailand,2004,72.1
Thailand,2005,72.894
Thailand,2006,73.341
Thailand,2007,73.779
Thailand,2008,74.221
Thailand,2009,74.669
Thailand,2010,75.012
Thailand,2011,75.302
Thailand,2012,75.59
Thailand,2013,75.96
Thailand,2014,76.279
Thailand,2015,76.563
Thailand,2016,76.769
Thailand,2017,76.989
Thailand,2018,77.19
Thailand,2019,77.197
Thailand,2020,77.331
Thailand,2021,77.606
Thailand,2022,75.291
Thailand,2023,76.412
Togo,2000,54.577
Togo,2001,54.746
Togo,2002,55.032
Togo,2003,55.299
Togo,2004,55.594
Togo,2005,55.916
Togo,2006,56.142
Togo,2007,56.382
Togo,2008,56.651
Togo,2009,56.927
Togo,2010,57.227
Togo,2011,57.612
Togo,2012,57.94
Togo,2013,58.345
Togo,2014,58.766
Togo,2015,59.22
Togo,2016,59.669
Togo,2017,60.135
Togo,2018,60.601
Togo,2019,61.055
Togo,2020,61.123
Togo,2021,61.328
Togo,2022,62.29
Togo,2023,62.739
Trinidad and Tobago,2000,68.629
Trinidad and Tobago,2001,68.874
Trinidad and Tobago,2002,69.232
Trinidad and Tobago,2003,69.454
Trinidad and Tobago,2004,69.879
Trinidad and Tobago,2005,70.185
Trinidad and Tobago,2006,70.437
Trinidad and Tobago,2007,70.797
Trinidad and Tobago,2008,71.117
Trinidad and Tobago,2009,71.404
Trinidad and Tobago,2010,71.809
Trinidad and Tobago,2011,72.232
Trinidad and Tobago,2012,72.513
Trinidad and Tobago,2013,72.785
Trinidad and Tobago,2014,72.898
Trinidad and Tobago,2015,72.882
Trinidad and Tobago,2016,72.935
Trinidad and Tobago,2017,72.984
Trinidad and Tobago,2018,72.658
Trinidad and Tobago,2019,72.836
Trinidad and Tobago,2020,72.645
Trinidad and Tobago,2021,71.111
Trinidad and Tobago,2022,73.331
Trinidad and Tobago,2023,73.49
Tunisia,2000,72.604
Tunisia,2001,72.822
Tunisia,2002,73.07
Tunisia,2003,73.304
Tunisia,2004,73.519
Tunisia,2005,73.712
Tunisia,2006,73.888
Tunisia,2007,74.039
Tunisia,2008,74.192
Tunisia,2009,74.32
Tunisia,2010,74.438
Tunisia,2011,74.471
Tunisia,2012,74.599
Tunisia,2013,74.674
Tunisia,2014,74.784
Tunisia,2015,74.875
Tunisia,2016,75.007
Tunisia,2017,75.177
Tunisia,2018,75.37
Tunisia,2019,75.599
Tunisia,2020,75.004
Tunisia,2021,72.893
Tunisia,2022,76.05
Tunisia,2023,76.508
Turkiye,2000,71.931
Turkiye,2001,72.271
Turkiye,2002,72.605
Turkiye,2003,72.906
Turkiye,2004,73.223
Turkiye,2005,73.51
Turkiye,2006,73.804
Turkiye,2007,74.129
Turkiye,2008,74.38
Turkiye,2009,74.679
Turkiye,2010,74.964
Turkiye,2011,74.823
Turkiye,2012,75.552
Turkiye,2013,76.171
Turkiye,2014,76.452
Turkiye,2015,76.539
Turkiye,2016,76.595
Turkiye,2017,77.037
Turkiye,2018,77.454
Turkiye,2019,77.737
Turkiye,2020,76.525
Turkiye,2021,75.722
Turkiye,2022,77.591
Turkiye,2023,77.156
Turkmenistan,2000,64.931
Turkmenistan,2001,65.325
Turkmenistan,2002,65.593
Turkmenistan,2003,65.854
Turkmenistan,2004,66.055
Turkmenistan,2005,66.275
Turkmenistan,2006,66.574
Turkmenistan,2007,67.02
Turkmenistan,2008,67.584
Turkmenistan,2009,68.155
Turkmenistan,2010,68.608
Turkmenistan,2011,68.87
Turkmenistan,2012,68.961
Turkmenistan,2013,68.968
Turkmenistan,2014,69.001
Turkmenistan,2015,69.061
Turkmenistan,2016,69.142
Turkmenistan,2017,69.19
Turkmenistan,2018,69.272
Turkmenistan,2019,69.405
Turkmenistan,2020,68.846
Turkmenistan,2021,69.353
Turkmenistan,2022,69.913
Turkmenistan,2023,70.073
Uganda,2000,49.64
Uganda,2001,50.576
Uganda,2002,51.443
Uganda,2003,52.414
Uganda,2004,53.699
Uganda,2005,54.926
Uganda,2006,56.118
Uganda,2007,57.248
Uganda,2008,58.253
Uganda,2009,59.157
Uganda,2010,59.959
Uganda,2011,60.791
Uganda,2012,61.579
Uganda,2013,62.353
Uganda,2014,63.057
Uganda,2015,63.831
Uganda,2016,64.494
Uganda,2017,65.174
Uganda,2018,65.775
Uganda,2019,66.354
Uganda,2020,66.41
Uganda,2021,66.45
Uganda,2022,67.675
Uganda,2023,68.252
Ukraine,2000,67.786
Ukraine,2001,67.675
Ukraine,2002,67.699
Ukraine,2003,67.638
Ukraine,2004,67.472
Ukraine,2005,67.517
Ukraine,2006,67.49
Ukraine,2007,67.715
Ukraine,2008,68.262
Ukraine,2009,69.159
Ukraine,2010,70.188
Ukraine,2011,70.711
Ukraine,2012,71.09
Ukraine,2013,71.474
Ukraine,2014,71.803
Ukraine,2015,72.686
Ukraine,2016,73.389
Ukraine,2017,73.993
Ukraine,2018,73.569
Ukraine,2019,73.92
Ukraine,2020,73.283
Ukraine,2021,71.631
Ukraine,2022,72.658
Ukraine,2023,73.422
United Arab Emirates,2000,76.347
United Arab Emirates,2001,77.621
United Arab Emirates,2002,78.721
United Arab Emirates,2003,79.6
United Arab Emirates,2004,80.272
United Arab Emirates,2005,80.779
United Arab Emirates,2006,81.155
United Arab Emirates,2007,81.438
United Arab Emirates,2008,81.591
United Arab Emirates,2009,81.679
United Arab Emirates,2010,81.886
United Arab Emirates,2011,81.898
United Arab Emirates,2012,81.913
United Arab Emirates,2013,81.95
United Arab Emirates,2014,81.99
United Arab Emirates,2015,82.076
United Arab Emirates,2016,82.195
United Arab Emirates,2017,82.388
United Arab Emirates,2018,82.449
United Arab Emirates,2019,82.596
United Arab Emirates,2020,81.936
United Arab Emirates,2021,79.083
United Arab Emirates,2022,80.487
United Arab Emirates,2023,82.909
United Kingdom,2000,77.7414634146342
United Kingdom,2001,77.9926829268293
United Kingdom,2002,78.1439024390244
United Kingdom,2003,78.4463414634146
United Kingdom,2004,78.7463414634146
United Kingdom,2005,79.0487804878049
United Kingdom,2006,79.2487804878049
United Kingdom,2007,79.4487804878049
United Kingdom,2008,79.6
United Kingdom,2009,80.0512195121951
United Kingdom,2010,80.4024390243902
United Kingdom,2011,80.9512195121951
United Kingdom,2012,80.9048780487805
United Kingdom,2013,81.0048780487805
United Kingdom,2014,81.3048780487805
United Kingdom,2015,80.9560975609756
United Kingdom,2016,81.1560975609756
United Kingdom,2017,81.2560975609756
United Kingdom,2018,81.2560975609756
United Kingdom,2019,81.3691219512195
United Kingdom,2020,80.331756097561
United Kingdom,2021,80.6473170731707
United Kingdom,2022,81.0112195121951
United Kingdom,2023,81.2380975609756
United States,2000,76.6365853658537
United States,2001,76.8365853658537
United States,2002,76.9365853658537
United States,2003,77.0365853658537
United States,2004,77.4878048780488
United States,2005,77.4878048780488
United States,2006,77.6878048780488
United States,2007,77.9878048780488
United States,2008,78.0390243902439
United States,2009,78.390243902439
United States,2010,78.5414634146342
United States,2011,78.6414634146341
United States,2012,78.7414634146342
United States,2013,78.7414634146342
United States,2014,78.8414634146341
United States,2015,78.690243902439
United States,2016,78.5390243902439
United States,2017,78.5390243902439
United States,2018,78.6390243902439
United States,2019,78.7878048780488
United States,2020,76.9804878048781
United States,2021,76.3292682926829
United States,2022,77.4341463414634
United States,2023,78.3853658536585
Uruguay,2000,74.693
Uruguay,2001,74.987
Uruguay,2002,74.979
Uruguay,2003,75.086
Uruguay,2004,75.319
Uruguay,2005,75.829
Uruguay,2006,75.888
Uruguay,2007,76.15
Uruguay,2008,76.275
Uruguay,2009,76.67
Uruguay,2010,76.691
Uruguay,2011,76.614
Uruguay,2012,76.691
Uruguay,2013,76.953
Uruguay,2014,77.194
Uruguay,2015,77.285
Uruguay,2016,77.351
Uruguay,2017,77.618
Uruguay,2018,77.527
Uruguay,2019,77.503
Uruguay,2020,78.381
Uruguay,2021,75.434
Uruguay,2022,76.468
Uruguay,2023,78.138
Uzbekistan,2000,65.456
Uzbekistan,2001,65.853
Uzbekistan,2002,66.376
Uzbekistan,2003,66.852
Uzbekistan,2004,67.203
Uzbekistan,2005,67.481
Uzbekistan,2006,67.905
Uzbekistan,2007,68.483
Uzbekistan,2008,69.035
Uzbekistan,2009,69.517
Uzbekistan,2010,69.836
Uzbekistan,2011,70.143
Uzbekistan,2012,70.411
Uzbekistan,2013,70.692
Uzbekistan,2014,70.973
Uzbekistan,2015,71.33
Uzbekistan,2016,71.58
Uzbekistan,2017,71.737
Uzbekistan,2018,71.999
Uzbekistan,2019,72.093
Uzbekistan,2020,71.461
Uzbekistan,2021,71.681
Uzbekistan,2022,72.147
Uzbekistan,2023,72.388
"Venezuela, RB",2000,72.388
"Venezuela, RB",2001,71.019
"Venezuela, RB",2002,72.823
"Venezuela, RB",2003,72.056
"Venezuela, RB",2004,72.752
"Venezuela, RB",2005,73.075
"Venezuela, RB",2006,72.972
"Venezuela, RB",2007,73.348
"Venezuela, RB",2008,72.578
"Venezuela, RB",2009,72.785
"Venezuela, RB",2010,73.092
"Venezuela, RB",2011,73.09
"Venezuela, RB",2012,73.086
"Venezuela, RB",2013,73.076
"Venezuela, RB",2014,72.837
"Venezuela, RB",2015,73.004
"Venezuela, RB",2016,72.002
"Venezuela, RB",2017,71.903
"Venezuela, RB",2018,72.641
"Venezuela, RB",2019,72.766
"Venezuela, RB",2020,72.369
"Venezuela, RB",2021,71.536
"Venezuela, RB",2022,72.566
"Venezuela, RB",2023,72.514
Zambia,2000,46.577
Zambia,2001,47.408
Zambia,2002,48.461
Zambia,2003,49.616
Zambia,2004,50.54
Zambia,2005,51.615
Zambia,2006,52.693
Zambia,2007,53.73
Zambia,2008,54.835
Zambia,2009,55.886
Zambia,2010,56.896
Zambia,2011,57.843
Zambia,2012,58.704
Zambia,2013,59.445
Zambia,2014,60.109
Zambia,2015,60.728
Zambia,2016,61.129
Zambia,2017,61.564
Zambia,2018,62.138
Zambia,2019,62.914
Zambia,2020,63.361
Zambia,2021,62.363
Zambia,2022,65.279
Zambia,2023,66.349
Zimbabwe,2000,46.034
Zimbabwe,2001,44.525
Zimbabwe,2002,45.938
Zimbabwe,2003,45.373
Zimbabwe,2004,46.043
Zimbabwe,2005,46.57
Zimbabwe,2006,47.056
Zimbabwe,2007,47.576
Zimbabwe,2008,48.456
Zimbabwe,2009,49.75
Zimbabwe,2010,51.925
Zimbabwe,2011,53.911
Zimbabwe,2012,55.386
Zimbabwe,2013,56.842
Zimbabwe,2014,58.106
Zimbabwe,2015,58.989
Zimbabwe,2016,59.76
Zimbabwe,2017,60.263
Zimbabwe,2018,60.906
Zimbabwe,2019,61.06
Zimbabwe,2020,61.53
Zimbabwe,2021,60.135
Zimbabwe,2022,62.36
Zimbabwe,2023,62.775
