Country,Year,Political Stability Index
Afghanistan,2000,-2.4389688968658447
Albania,2000,-0.5399895906448364
Algeria,2000,-1.43257737159729
Argentina,2000,0.09582387655973434
Armenia,2000,-0.6828679442405701
Australia,2000,1.3339647054672241
Austria,2000,0.8220564126968384
Azerbaijan,2000,-0.8297947645187378
"Bahamas, The",2000,1.2795318365097046
Bahrain,2000,0.056266963481903076
Barbados,2000,1.1511998176574707
Belarus,2000,0.13950224220752716
Belgium,2000,1.12981116771698
Bermuda,2000,0.7132350206375122
Botswana,2000,1.074352502822876
Brazil,2000,0.1841016262769699
Bulgaria,2000,0.3779646158218384
Burkina Faso,2000,0.05982033163309097
Burundi,2000,-2.014070749282837
Cameroon,2000,-0.564015805721283
Canada,2000,1.1675268411636353
Chile,2000,0.4854641556739807
China,2000,-0.2099168747663498
Colombia,2000,-1.608960747718811
Costa Rica,2000,0.8685423135757446
Croatia,2000,0.28022488951683044
Cuba,2000,0.24843253195285797
Cyprus,2000,0.5174998641014099
Denmark,2000,1.5010689496994019
Dominica,2000,0.48636171221733093
Dominican Republic,2000,0.012947377748787403
Ecuador,2000,-0.5722849369049072
"Egypt, Arab Rep.",2000,0.04979752376675606
Eritrea,2000,-0.7688952088356018
Estonia,2000,0.9020802974700928
Ethiopia,2000,-0.9460321068763733
Fiji,2000,0.3014031648635864
Finland,2000,1.7201120853424072
France,2000,0.7850890755653381
Gabon,2000,0.6402106285095215
Georgia,2000,-0.8127265572547913
Germany,2000,1.4113357067108154
Ghana,2000,-0.3593817353248596
Greece,2000,0.8083564043045044
Grenada,2000,1.019257664680481
Guatemala,2000,-0.768333911895752
"Hong Kong SAR, China",2000,0.9351571798324585
Hungary,2000,0.9184429049491882
Iceland,2000,1.5753306150436401
India,2000,-1.0012075901031494
Indonesia,2000,-1.9952006340026855
"Iran, Islamic Rep.",2000,-0.727548360824585
Ireland,2000,1.5841001272201538
Israel,2000,-1.0419912338256836
Italy,2000,0.9166694283485413
Jamaica,2000,0.18639647960662842
Japan,2000,1.1975526809692383
Jordan,2000,0.0002097006217809394
Kazakhstan,2000,0.09009034186601639
Kenya,2000,-1.0683526992797852
"Korea, Rep.",2000,0.39804503321647644
Kosovo,2000,..
Kuwait,2000,0.7522326707839966
Kyrgyz Republic,2000,-0.18253476917743683
Latvia,2000,0.41943415999412537
Liechtenstein,2000,1.1669814586639404
Lithuania,2000,0.4287854731082916
Malaysia,2000,0.09269119799137115
Mauritius,2000,0.7547484040260315
Mexico,2000,-0.2002098709344864
Moldova,2000,-0.42826128005981445
Mongolia,2000,0.8218681216239929
Montenegro,2000,..
Morocco,2000,-0.06556490063667297
Mozambique,2000,-0.1258033812046051
Namibia,2000,-0.25010061264038086
Netherlands,2000,1.7586811780929565
New Zealand,2000,1.3623818159103394
Niger,2000,0.1249680295586586
Nigeria,2000,-1.4553263187408447
North Macedonia,2000,-0.6140170693397522
Norway,2000,1.533282995223999
Pakistan,2000,-1.1048046350479126
Panama,2000,0.2512238323688507
Paraguay,2000,-0.9705725908279419
Peru,2000,-0.987529456615448
Philippines,2000,-1.39048433303833
Poland,2000,0.30930525064468384
Portugal,2000,1.3947640657424927
Puerto Rico,2000,0.25948846340179443
Qatar,2000,1.157301425933838
Romania,2000,-0.3790395259857178
Russian Federation,2000,-1.3992420434951782
Samoa,2000,1.283142328262329
San Marino,2000,..
Saudi Arabia,2000,0.22782160341739655
Serbia,2000,-1.6435984373092651
Singapore,2000,1.1411114931106567
Slovak Republic,2000,0.6635866761207581
Slovenia,2000,0.8867893218994141
South Africa,2000,-0.22786495089530945
Spain,2000,0.4594682455062866
Sri Lanka,2000,-1.904112696647644
St. Lucia,2000,1.2235997915267944
Sudan,2000,-2.244173049926758
Sweden,2000,1.3917720317840576
Switzerland,2000,1.5788120031356812
Syrian Arab Republic,2000,-0.1804509460926056
Tajikistan,2000,-1.6477634906768799
Thailand,2000,0.4549587070941925
Togo,2000,-0.2908497154712677
Trinidad and Tobago,2000,0.15345609188079834
Tunisia,2000,0.3211148977279663
Turkmenistan,2000,0.008447062224149704
Uganda,2000,-1.2483795881271362
Ukraine,2000,-0.40948644280433655
United Arab Emirates,2000,0.975434422492981
United Kingdom,2000,1.033105731010437
United States,2000,1.0828090906143188
Uruguay,2000,0.9293495416641235
Uzbekistan,2000,-1.301950454711914
"Venezuela, RB",2000,-0.758916974067688
Zambia,2000,0.035720329731702805
Zimbabwe,2000,-1.3188178539276123
Afghanistan,2002,-2.035033702850342
Albania,2002,-0.29771918058395386
Algeria,2002,-1.6345651149749756
Argentina,2002,-0.7765454053878784
Armenia,2002,-0.25578412413597107
Australia,2002,1.189414620399475
Austria,2002,1.3589553833007812
Azerbaijan,2002,-1.1853649616241455
"Bahamas, The",2002,0.9555419087409973
Bahrain,2002,0.2908303737640381
Barbados,2002,1.0971990823745728
Belarus,2002,0.30280596017837524
Belgium,2002,1.2608023881912231
Bermuda,2002,0.7925599217414856
Botswana,2002,0.8732644319534302
Brazil,2002,0.32780027389526367
Bulgaria,2002,0.4675123691558838
Burkina Faso,2002,-0.30692124366760254
Burundi,2002,-2.2847723960876465
Cameroon,2002,-0.6772648096084595
Canada,2002,1.2180317640304565
Chile,2002,1.0887963771820068
China,2002,-0.32762718200683594
Colombia,2002,-1.956714391708374
Costa Rica,2002,1.0686944723129272
Croatia,2002,0.6288077235221863
Cuba,2002,0.26364409923553467
Cyprus,2002,0.19942060112953186
Denmark,2002,1.5242440700531006
Dominica,2002,0.5474563837051392
Dominican Republic,2002,0.11855899542570114
Ecuador,2002,-0.7597209215164185
"Egypt, Arab Rep.",2002,-0.41417211294174194
Eritrea,2002,-0.2671557664871216
Estonia,2002,0.9278544187545776
Ethiopia,2002,-1.2258455753326416
Fiji,2002,0.47394105792045593
Finland,2002,1.7531840801239014
France,2002,0.9241832494735718
Gabon,2002,0.41024869680404663
Georgia,2002,-1.1920413970947266
Germany,2002,1.0960174798965454
Ghana,2002,-0.15993432700634003
Greece,2002,0.8725918531417847
Grenada,2002,0.9234116077423096
Guatemala,2002,-0.8342931270599365
"Hong Kong SAR, China",2002,0.9089202284812927
Hungary,2002,1.2606722116470337
Iceland,2002,1.6202925443649292
India,2002,-1.210664987564087
Indonesia,2002,-1.5832442045211792
"Iran, Islamic Rep.",2002,-0.7734405994415283
Ireland,2002,1.5042167901992798
Israel,2002,-1.462138295173645
Italy,2002,0.8384298086166382
Jamaica,2002,-0.20822952687740326
Japan,2002,1.1760225296020508
Jordan,2002,-0.45677444338798523
Kazakhstan,2002,0.35854917764663696
Kenya,2002,-1.188014030456543
"Korea, Rep.",2002,0.2417736053466797
Kosovo,2002,..
Kuwait,2002,-0.14674431085586548
Kyrgyz Republic,2002,-0.6147305965423584
Latvia,2002,0.94435715675354
Liechtenstein,2002,1.2827669382095337
Lithuania,2002,0.8932106494903564
Malaysia,2002,0.5395941138267517
Mauritius,2002,1.1166541576385498
Mexico,2002,-0.05830826237797737
Moldova,2002,-0.15663476288318634
Mongolia,2002,1.1709785461425781
Montenegro,2002,..
Morocco,2002,-0.26141852140426636
Mozambique,2002,0.18849223852157593
Namibia,2002,0.1487511694431305
Netherlands,2002,1.3026798963546753
New Zealand,2002,1.3203637599945068
Niger,2002,-0.12955479323863983
Nigeria,2002,-1.6263293027877808
North Macedonia,2002,-1.0382194519042969
Norway,2002,1.6083461046218872
Pakistan,2002,-1.637678623199463
Panama,2002,0.34592798352241516
Paraguay,2002,-1.2113512754440308
Peru,2002,-0.9699098467826843
Philippines,2002,-0.8587533235549927
Poland,2002,0.7439978122711182
Portugal,2002,1.4370481967926025
Puerto Rico,2002,0.30235281586647034
Qatar,2002,0.8312089443206787
Romania,2002,0.4648403227329254
Russian Federation,2002,-0.7245122790336609
Samoa,2002,1.0971990823745728
San Marino,2002,..
Saudi Arabia,2002,0.0024243241641670465
Serbia,2002,-0.5125460028648376
Singapore,2002,1.2535662651062012
Slovak Republic,2002,0.940030038356781
Slovenia,2002,1.303833246231079
South Africa,2002,-0.2547898590564728
Spain,2002,0.4382260739803314
Sri Lanka,2002,-0.7776288986206055
St. Lucia,2002,0.36293163895606995
Sudan,2002,-1.846431016921997
Sweden,2002,1.4752575159072876
Switzerland,2002,1.5423681735992432
Syrian Arab Republic,2002,0.277536004781723
Tajikistan,2002,-0.9823079705238342
Thailand,2002,0.5062766671180725
Togo,2002,0.057386960834264755
Trinidad and Tobago,2002,-0.09429215639829636
Tunisia,2002,0.15422579646110535
Turkmenistan,2002,0.07041774690151215
Uganda,2002,-1.4174376726150513
Ukraine,2002,-0.2934851348400116
United Arab Emirates,2002,0.9372751116752625
United Kingdom,2002,0.6725913286209106
United States,2002,0.2854769229888916
Uruguay,2002,0.8383273482322693
Uzbekistan,2002,-1.0568835735321045
"Venezuela, RB",2002,-1.3178972005844116
Zambia,2002,-0.27440547943115234
Zimbabwe,2002,-1.515870213508606
Afghanistan,2003,-2.1983723640441895
Albania,2003,-0.3097802400588989
Algeria,2003,-1.7544090747833252
Argentina,2003,-0.3598381280899048
Armenia,2003,0.23696623742580414
Australia,2003,0.8781172037124634
Austria,2003,0.9620024561882019
Azerbaijan,2003,-0.9481003880500793
"Bahamas, The",2003,0.826347827911377
Bahrain,2003,0.4839189946651459
Barbados,2003,0.9189485907554626
Belarus,2003,0.6930299401283264
Belgium,2003,0.8582378029823303
Bermuda,2003,0.8517200350761414
Botswana,2003,1.1049375534057617
Brazil,2003,0.004213934298604727
Bulgaria,2003,0.17352549731731415
Burkina Faso,2003,0.06712006777524948
Burundi,2003,-2.2448313236236572
Cameroon,2003,-0.42947065830230713
Canada,2003,1.0530767440795898
Chile,2003,0.7616119384765625
China,2003,-0.5653579235076904
Colombia,2003,-2.3760268688201904
Costa Rica,2003,0.5957565903663635
Croatia,2003,0.5584958791732788
Cuba,2003,0.316652774810791
Cyprus,2003,0.532275915145874
Denmark,2003,1.2038156986236572
Dominica,2003,0.6724863648414612
Dominican Republic,2003,-0.4198944568634033
Ecuador,2003,-0.9610565900802612
"Egypt, Arab Rep.",2003,-0.6409245133399963
Eritrea,2003,-0.7195994853973389
Estonia,2003,0.8947862386703491
Ethiopia,2003,-1.4096044301986694
Fiji,2003,0.4526534378528595
Finland,2003,1.6870174407958984
France,2003,0.17955106496810913
Gabon,2003,0.2990385591983795
Georgia,2003,-1.2992106676101685
Germany,2003,0.5778592228889465
Ghana,2003,0.02918657846748829
Greece,2003,0.4776363670825958
Grenada,2003,0.8855199813842773
Guatemala,2003,-0.7747966051101685
"Hong Kong SAR, China",2003,0.9478804469108582
Hungary,2003,1.1318639516830444
Iceland,2003,1.5172321796417236
India,2003,-1.509997010231018
Indonesia,2003,-2.0953948497772217
"Iran, Islamic Rep.",2003,-0.7797331809997559
Ireland,2003,1.34845769405365
Israel,2003,-1.5187844038009644
Italy,2003,0.4314883351325989
Jamaica,2003,-0.38452479243278503
Japan,2003,1.0271201133728027
Jordan,2003,-0.07370138168334961
Kazakhstan,2003,0.35625991225242615
Kenya,2003,-1.2638689279556274
"Korea, Rep.",2003,0.24854309856891632
Kosovo,2003,..
Kuwait,2003,0.29428690671920776
Kyrgyz Republic,2003,-1.0994917154312134
Latvia,2003,1.001643180847168
Liechtenstein,2003,1.465131163597107
Lithuania,2003,1.0501854419708252
Malaysia,2003,0.4855348765850067
Mauritius,2003,1.0094144344329834
Mexico,2003,-0.11687808483839035
Moldova,2003,-0.13132472336292267
Mongolia,2003,0.9632941484451294
Montenegro,2003,..
Morocco,2003,-0.4070073664188385
Mozambique,2003,0.24609850347042084
Namibia,2003,0.4780743420124054
Netherlands,2003,1.1618056297302246
New Zealand,2003,1.1883748769760132
Niger,2003,0.04219488799571991
Nigeria,2003,-1.63558828830719
North Macedonia,2003,-0.9881947040557861
Norway,2003,1.2045562267303467
Pakistan,2003,-1.5490459203720093
Panama,2003,0.07322954386472702
Paraguay,2003,-0.7493515610694885
Peru,2003,-1.1621016263961792
Philippines,2003,-1.559809684753418
Poland,2003,0.5780850648880005
Portugal,2003,1.2896888256072998
Puerto Rico,2003,0.3133617043495178
Qatar,2003,1.1864813566207886
Romania,2003,0.3200301229953766
Russian Federation,2003,-1.193151831626892
Samoa,2003,1.2719274759292603
San Marino,2003,1.1697852611541748
Saudi Arabia,2003,0.14101764559745789
Serbia,2003,-0.5825420618057251
Singapore,2003,0.8765360116958618
Slovak Republic,2003,0.9479334950447083
Slovenia,2003,1.1864944696426392
South Africa,2003,-0.31284257769584656
Spain,2003,-0.04748588800430298
Sri Lanka,2003,-0.8331584334373474
St. Lucia,2003,1.1697852611541748
Sudan,2003,-1.9770557880401611
Sweden,2003,1.3416132926940918
Switzerland,2003,1.2461094856262207
Syrian Arab Republic,2003,0.06364519894123077
Tajikistan,2003,-1.0994917154312134
Thailand,2003,-0.14508438110351562
Togo,2003,-0.1859966367483139
Trinidad and Tobago,2003,-0.25003212690353394
Tunisia,2003,0.3178707957267761
Turkmenistan,2003,0.05321554094552994
Uganda,2003,-1.5609633922576904
Ukraine,2003,-0.3636179566383362
United Arab Emirates,2003,0.9946501851081848
United Kingdom,2003,0.27125072479248047
United States,2003,0.08044034987688065
Uruguay,2003,0.7112565636634827
Uzbekistan,2003,-1.2991951704025269
"Venezuela, RB",2003,-1.2864446640014648
Zambia,2003,0.2183798998594284
Zimbabwe,2003,-1.0875805616378784
Afghanistan,2004,-2.295682191848755
Albania,2004,-0.4272596836090088
Algeria,2004,-1.359188437461853
Argentina,2004,-0.6109349131584167
Armenia,2004,-0.11633748561143875
Australia,2004,0.935463547706604
Austria,2004,1.0896492004394531
Azerbaijan,2004,-1.0598111152648926
"Bahamas, The",2004,0.8906136751174927
Bahrain,2004,0.31340256333351135
Barbados,2004,1.0943527221679688
Belarus,2004,0.1617668718099594
Belgium,2004,0.7091367244720459
Bermuda,2004,0.893765926361084
Botswana,2004,0.9166887402534485
Brazil,2004,-0.27599281072616577
Bulgaria,2004,0.003630733583122492
Burkina Faso,2004,-0.08123751729726791
Burundi,2004,-2.5227596759796143
Cameroon,2004,-0.3593563437461853
Canada,2004,0.8764474987983704
Chile,2004,0.6913416981697083
China,2004,-0.3906806707382202
Colombia,2004,-2.271226406097412
Costa Rica,2004,0.6315765380859375
Croatia,2004,0.6867544054985046
Cuba,2004,0.35542210936546326
Cyprus,2004,0.3801775872707367
Denmark,2004,1.0843373537063599
Dominica,2004,0.9451507329940796
Dominican Republic,2004,-0.3443104922771454
Ecuador,2004,-0.8429103493690491
"Egypt, Arab Rep.",2004,-0.8224017024040222
Eritrea,2004,-0.6393868327140808
Estonia,2004,0.7039262056350708
Ethiopia,2004,-1.3124916553497314
Fiji,2004,0.38996002078056335
Finland,2004,1.6196268796920776
France,2004,0.3451153039932251
Gabon,2004,0.4081709086894989
Georgia,2004,-0.8641181588172913
Germany,2004,0.6388843655586243
Ghana,2004,0.040790971368551254
Greece,2004,0.4893362522125244
Grenada,2004,0.8794275522232056
Guatemala,2004,-0.8080348372459412
"Hong Kong SAR, China",2004,1.1449780464172363
Hungary,2004,0.8282976150512695
Iceland,2004,1.4570046663284302
India,2004,-1.280432939529419
Indonesia,2004,-1.9086055755615234
"Iran, Islamic Rep.",2004,-0.7618243098258972
Ireland,2004,1.170825719833374
Israel,2004,-1.3226813077926636
Italy,2004,0.26925769448280334
Jamaica,2004,-0.3456685543060303
Japan,2004,1.0283153057098389
Jordan,2004,-0.2347588837146759
Kazakhstan,2004,0.07038797438144684
Kenya,2004,-1.0873547792434692
"Korea, Rep.",2004,0.42884257435798645
Kosovo,2004,..
Kuwait,2004,0.3452400267124176
Kyrgyz Republic,2004,-1.183466911315918
Latvia,2004,0.6167552471160889
Liechtenstein,2004,1.5152579545974731
Lithuania,2004,0.7660048604011536
Malaysia,2004,0.34800398349761963
Mauritius,2004,0.9745327234268188
Mexico,2004,-0.21408244967460632
Moldova,2004,-0.21934285759925842
Mongolia,2004,0.7752931714057922
Montenegro,2004,..
Morocco,2004,-0.31266871094703674
Mozambique,2004,0.003256466006860137
Namibia,2004,0.6647630333900452
Netherlands,2004,1.0162391662597656
New Zealand,2004,1.5000265836715698
Niger,2004,-0.5052708387374878
Nigeria,2004,-1.75441575050354
North Macedonia,2004,-0.8510082960128784
Norway,2004,1.1966183185577393
Pakistan,2004,-1.5828779935836792
Panama,2004,0.08413836359977722
Paraguay,2004,-0.5661437511444092
Peru,2004,-1.0273996591567993
Philippines,2004,-1.7058844566345215
Poland,2004,0.15385766327381134
Portugal,2004,0.9698772430419922
Puerto Rico,2004,0.5572329759597778
Qatar,2004,1.1239049434661865
Romania,2004,0.059348613023757935
Russian Federation,2004,-1.5145944356918335
Samoa,2004,1.1583971977233887
San Marino,2004,1.1318533420562744
Saudi Arabia,2004,-0.6546325087547302
Serbia,2004,-0.5075841546058655
Singapore,2004,1.0929559469223022
Slovak Republic,2004,0.5935360193252563
Slovenia,2004,1.0816134214401245
South Africa,2004,-0.13172955811023712
Spain,2004,-0.09054630249738693
Sri Lanka,2004,-1.0104405879974365
St. Lucia,2004,1.2183393239974976
Sudan,2004,-1.549036979675293
Sweden,2004,1.3622268438339233
Switzerland,2004,1.2273398637771606
Syrian Arab Republic,2004,-0.28574633598327637
Tajikistan,2004,-1.3074533939361572
Thailand,2004,-0.7174056768417358
Togo,2004,-0.3148708641529083
Trinidad and Tobago,2004,-0.06832727044820786
Tunisia,2004,0.1489580273628235
Turkmenistan,2004,-0.11521193385124207
Uganda,2004,-1.3047730922698975
Ukraine,2004,-0.47153618931770325
United Arab Emirates,2004,0.7687579989433289
United Kingdom,2004,0.14084753394126892
United States,2004,-0.23303982615470886
Uruguay,2004,0.5909611582756042
Uzbekistan,2004,-1.4555166959762573
"Venezuela, RB",2004,-1.3915855884552002
Zambia,2004,0.19081440567970276
Zimbabwe,2004,-1.2047040462493896
Afghanistan,2005,-2.067509889602661
Albania,2005,-0.5050479769706726
Algeria,2005,-0.9136660099029541
Argentina,2005,-0.041774943470954895
Armenia,2005,-0.06633539497852325
Australia,2005,0.8917076587677002
Austria,2005,1.103950023651123
Azerbaijan,2005,-1.1248193979263306
"Bahamas, The",2005,0.9381434321403503
Bahrain,2005,0.014162738807499409
Barbados,2005,1.1129188537597656
Belarus,2005,0.36023107171058655
Belgium,2005,0.7937741875648499
Bermuda,2005,0.8190735578536987
Botswana,2005,1.0635725259780884
Brazil,2005,-0.2633797526359558
Bulgaria,2005,0.1472705900669098
Burkina Faso,2005,-0.06265291571617126
Burundi,2005,-1.5233780145645142
Cameroon,2005,-0.18202456831932068
Canada,2005,0.8287250399589539
Chile,2005,0.842383623123169
China,2005,-0.5017566084861755
Colombia,2005,-2.0579428672790527
Costa Rica,2005,0.7082281708717346
Croatia,2005,0.43447408080101013
Cuba,2005,0.4247858226299286
Cyprus,2005,0.5175192356109619
Denmark,2005,1.0734953880310059
Dominica,2005,0.8295294046401978
Dominican Republic,2005,-0.2587606906890869
Ecuador,2005,-0.7939618229866028
"Egypt, Arab Rep.",2005,-0.6293586492538452
Eritrea,2005,-0.7950174808502197
Estonia,2005,0.6052746772766113
Ethiopia,2005,-1.6903833150863647
Fiji,2005,0.3869212865829468
Finland,2005,1.5949468612670898
France,2005,0.39972391724586487
Gabon,2005,0.3256257474422455
Georgia,2005,-0.7559049129486084
Germany,2005,0.8889153599739075
Ghana,2005,0.16971929371356964
Greece,2005,0.5065241456031799
Grenada,2005,0.41512224078178406
Guatemala,2005,-0.8356181979179382
"Hong Kong SAR, China",2005,1.3362904787063599
Hungary,2005,1.0031003952026367
Iceland,2005,1.4446971416473389
India,2005,-1.0138804912567139
Indonesia,2005,-1.5181759595870972
"Iran, Islamic Rep.",2005,-0.7827388644218445
Ireland,2005,1.2986668348312378
Israel,2005,-1.2475227117538452
Italy,2005,0.48911553621292114
Jamaica,2005,-0.2987373471260071
Japan,2005,1.0357694625854492
Jordan,2005,-0.13292938470840454
Kazakhstan,2005,0.19063183665275574
Kenya,2005,-1.2505059242248535
"Korea, Rep.",2005,0.48512858152389526
Kosovo,2005,..
Kuwait,2005,0.25369027256965637
Kyrgyz Republic,2005,-1.1744259595870972
Latvia,2005,0.8140214085578918
Liechtenstein,2005,1.3849272727966309
Lithuania,2005,0.7791002988815308
Malaysia,2005,0.5664491653442383
Mauritius,2005,1.0277488231658936
Mexico,2005,-0.4458208680152893
Moldova,2005,-0.4014798700809479
Mongolia,2005,0.8787123560905457
Montenegro,2005,..
Morocco,2005,-0.5566807389259338
Mozambique,2005,0.12559573352336884
Namibia,2005,0.6259760856628418
Netherlands,2005,0.9881008863449097
New Zealand,2005,1.2522521018981934
Niger,2005,-0.48601070046424866
Nigeria,2005,-1.666500449180603
North Macedonia,2005,-1.1559752225875854
Norway,2005,1.2952772378921509
Pakistan,2005,-1.7513883113861084
Panama,2005,-0.15752263367176056
Paraguay,2005,-0.6520781517028809
Peru,2005,-0.9757154583930969
Philippines,2005,-1.1787866353988647
Poland,2005,0.3630829453468323
Portugal,2005,1.0166475772857666
Puerto Rico,2005,0.44557374715805054
Qatar,2005,1.027679204940796
Romania,2005,0.08560264855623245
Russian Federation,2005,-1.2677013874053955
Samoa,2005,1.1327027082443237
San Marino,2005,1.0707448720932007
Saudi Arabia,2005,-0.24061401188373566
Serbia,2005,-0.7624135613441467
Singapore,2005,1.1533499956130981
Slovak Republic,2005,0.8980727195739746
Slovenia,2005,1.0928112268447876
South Africa,2005,-0.16209211945533752
Spain,2005,0.1930266171693802
Sri Lanka,2005,-1.152236819267273
St. Lucia,2005,1.000114917755127
Sudan,2005,-1.9732959270477295
Sweden,2005,1.2999048233032227
Switzerland,2005,1.196782112121582
Syrian Arab Republic,2005,-0.4616085886955261
Tajikistan,2005,-1.392462134361267
Thailand,2005,-0.8701266050338745
Togo,2005,-1.440218210220337
Trinidad and Tobago,2005,-0.12195637077093124
Tunisia,2005,0.024227451533079147
Turkmenistan,2005,0.07271338999271393
Uganda,2005,-1.4172247648239136
Ukraine,2005,-0.28536656498908997
United Arab Emirates,2005,0.8754132986068726
United Kingdom,2005,0.12418776005506516
United States,2005,-0.060543257743120193
Uruguay,2005,0.7776625752449036
Uzbekistan,2005,-1.9578956365585327
"Venezuela, RB",2005,-1.2443324327468872
Zambia,2005,0.10846324265003204
Zimbabwe,2005,-1.2676435708999634
Afghanistan,2006,-2.219134569168091
Albania,2006,-0.5081573128700256
Algeria,2006,-1.1264134645462036
Argentina,2006,0.001967762829735875
Armenia,2006,-0.26102375984191895
Australia,2006,0.9344666004180908
Austria,2006,1.0744508504867554
Azerbaijan,2006,-1.0926823616027832
"Bahamas, The",2006,0.8104537129402161
Bahrain,2006,-0.36505061388015747
Barbados,2006,0.9132118821144104
Belarus,2006,0.1484696865081787
Belgium,2006,0.8563758134841919
Bermuda,2006,0.7746514678001404
Botswana,2006,1.0171098709106445
Brazil,2006,-0.29491111636161804
Bulgaria,2006,0.39442119002342224
Burkina Faso,2006,0.15579955279827118
Burundi,2006,-1.4277734756469727
Cameroon,2006,-0.2447052299976349
Canada,2006,1.0349565744400024
Chile,2006,0.6130058765411377
China,2006,-0.5400301218032837
Colombia,2006,-1.9047967195510864
Costa Rica,2006,0.7360501289367676
Croatia,2006,0.5608292818069458
Cuba,2006,0.47447726130485535
Cyprus,2006,0.5396649837493896
Denmark,2006,1.0467928647994995
Dominica,2006,0.9096983671188354
Dominican Republic,2006,-0.10980306565761566
Ecuador,2006,-0.8538253307342529
"Egypt, Arab Rep.",2006,-0.8378076553344727
Eritrea,2006,-0.9002169370651245
Estonia,2006,0.7366782426834106
Ethiopia,2006,-1.740132212638855
Fiji,2006,-0.03405804932117462
Finland,2006,1.5011110305786133
France,2006,0.5955057740211487
Gabon,2006,0.22000622749328613
Georgia,2006,-0.9660987854003906
Germany,2006,1.0250695943832397
Ghana,2006,0.006396186072379351
Greece,2006,0.6304327845573425
Grenada,2006,0.39109259843826294
Guatemala,2006,-0.735238790512085
"Hong Kong SAR, China",2006,1.1909122467041016
Hungary,2006,0.985676109790802
Iceland,2006,1.4538265466690063
India,2006,-1.065184235572815
Indonesia,2006,-1.4176669120788574
"Iran, Islamic Rep.",2006,-1.0408400297164917
Ireland,2006,1.1924105882644653
Israel,2006,-1.2592887878417969
Italy,2006,0.5307337641716003
Jamaica,2006,-0.32016366720199585
Japan,2006,1.1383345127105713
Jordan,2006,-0.7623175382614136
Kazakhstan,2006,0.2079378068447113
Kenya,2006,-1.1269832849502563
"Korea, Rep.",2006,0.4238554537296295
Kosovo,2006,..
Kuwait,2006,0.4127331078052521
Kyrgyz Republic,2006,-1.385570764541626
Latvia,2006,0.8383687138557434
Liechtenstein,2006,1.3496540784835815
Lithuania,2006,0.8709959983825684
Malaysia,2006,0.2883796989917755
Mauritius,2006,0.7808899879455566
Mexico,2006,-0.6368884444236755
Moldova,2006,-0.3696646988391876
Mongolia,2006,0.6469069719314575
Montenegro,2006,0.04754960536956787
Morocco,2006,-0.4613434672355652
Mozambique,2006,0.520101010799408
Namibia,2006,0.7822495698928833
Netherlands,2006,0.9027361869812012
New Zealand,2006,1.2544922828674316
Niger,2006,-0.22747531533241272
Nigeria,2006,-2.0340776443481445
North Macedonia,2006,-0.7365753054618835
Norway,2006,1.252705693244934
Pakistan,2006,-2.0246784687042236
Panama,2006,-0.0679050013422966
Paraguay,2006,-0.7765250205993652
Peru,2006,-0.841553807258606
Philippines,2006,-1.638671636581421
Poland,2006,0.35403183102607727
Portugal,2006,0.9523906111717224
Puerto Rico,2006,0.3773304522037506
Qatar,2006,0.926921546459198
Romania,2006,0.14843007922172546
Russian Federation,2006,-0.9087943434715271
Samoa,2006,1.0985090732574463
San Marino,2006,1.0407226085662842
Saudi Arabia,2006,-0.5224238038063049
Serbia,2006,-0.5375684499740601
Singapore,2006,1.2484928369522095
Slovak Republic,2006,0.7841786742210388
Slovenia,2006,1.0857290029525757
South Africa,2006,0.04703007638454437
Spain,2006,-0.15064865350723267
Sri Lanka,2006,-1.4215507507324219
St. Lucia,2006,0.8601062297821045
Sudan,2006,-2.1390774250030518
Sweden,2006,1.2939339876174927
Switzerland,2006,1.2681174278259277
Syrian Arab Republic,2006,-0.2782178223133087
Tajikistan,2006,-1.3861448764801025
Thailand,2006,-1.1302001476287842
Togo,2006,-0.5273222327232361
Trinidad and Tobago,2006,-0.2377621829509735
Tunisia,2006,0.20851244032382965
Turkmenistan,2006,-0.24465440213680267
Uganda,2006,-1.1403452157974243
Ukraine,2006,-0.03687761723995209
United Arab Emirates,2006,0.9234210848808289
United Kingdom,2006,0.6670801043510437
United States,2006,0.4908354878425598
Uruguay,2006,0.8985995650291443
Uzbekistan,2006,-1.784659504890442
"Venezuela, RB",2006,-1.252867579460144
Zambia,2006,0.36379221081733704
Zimbabwe,2006,-0.9319960474967957
Afghanistan,2007,-2.4133734703063965
Albania,2007,-0.203974649310112
Algeria,2007,-1.1505855321884155
Argentina,2007,0.09779663383960724
Armenia,2007,0.15090583264827728
Australia,2007,0.9288749098777771
Austria,2007,1.284419298171997
Azerbaijan,2007,-0.6259964108467102
"Bahamas, The",2007,0.730122447013855
Bahrain,2007,-0.24777351319789886
Barbados,2007,1.0442063808441162
Belarus,2007,0.3410087823867798
Belgium,2007,0.7573250532150269
Bermuda,2007,0.7713305354118347
Botswana,2007,1.0561391115188599
Brazil,2007,-0.35794809460639954
Bulgaria,2007,0.3576354682445526
Burkina Faso,2007,0.30700868368148804
Burundi,2007,-1.377925157546997
Cameroon,2007,-0.3261089622974396
Canada,2007,1.0070106983184814
Chile,2007,0.4063708782196045
China,2007,-0.5005537271499634
Colombia,2007,-1.8065272569656372
Costa Rica,2007,0.5827726721763611
Croatia,2007,0.6053969860076904
Cuba,2007,0.4509415924549103
Cyprus,2007,0.5370557308197021
Denmark,2007,1.1181892156600952
Dominica,2007,0.7873640656471252
Dominican Republic,2007,-0.07857245951890945
Ecuador,2007,-0.815987229347229
"Egypt, Arab Rep.",2007,-0.5523821115493774
Eritrea,2007,-1.049847960472107
Estonia,2007,0.6341095566749573
Ethiopia,2007,-1.8064093589782715
Fiji,2007,0.061876796185970306
Finland,2007,1.4886970520019531
France,2007,0.5630007982254028
Gabon,2007,0.3028445839881897
Georgia,2007,-0.6458989977836609
Germany,2007,0.9958238005638123
Ghana,2007,-0.0730612650513649
Greece,2007,0.523507833480835
Grenada,2007,0.38494229316711426
Guatemala,2007,-0.7534249424934387
"Hong Kong SAR, China",2007,1.1040148735046387
Hungary,2007,0.7470967173576355
Iceland,2007,1.4855941534042358
India,2007,-1.154295802116394
Indonesia,2007,-1.1980657577514648
"Iran, Islamic Rep.",2007,-0.9316404461860657
Ireland,2007,1.2151926755905151
Israel,2007,-1.2520328760147095
Italy,2007,0.44697004556655884
Jamaica,2007,-0.2560370862483978
Japan,2007,1.0103745460510254
Jordan,2007,-0.3007417917251587
Kazakhstan,2007,0.6479967832565308
Kenya,2007,-1.305442214012146
"Korea, Rep.",2007,0.566254734992981
Kosovo,2007,..
Kuwait,2007,0.6206439137458801
Kyrgyz Republic,2007,-0.9902604818344116
Latvia,2007,0.5619305372238159
Liechtenstein,2007,1.3420157432556152
Lithuania,2007,0.8178515434265137
Malaysia,2007,0.19330716133117676
Mauritius,2007,0.8792880773544312
Mexico,2007,-0.7298516035079956
Moldova,2007,-0.014954030513763428
Mongolia,2007,0.6683777570724487
Montenegro,2007,0.1085330918431282
Morocco,2007,-0.5013242363929749
Mozambique,2007,0.35761559009552
Namibia,2007,1.0187606811523438
Netherlands,2007,0.7784687876701355
New Zealand,2007,1.2433664798736572
Niger,2007,-0.459753155708313
Nigeria,2007,-2.014056444168091
North Macedonia,2007,-0.4265252649784088
Norway,2007,1.1455525159835815
Pakistan,2007,-2.4327051639556885
Panama,2007,-0.06134812533855438
Paraguay,2007,-0.74012291431427
Peru,2007,-0.774885892868042
Philippines,2007,-1.6048856973648071
Poland,2007,0.6828460097312927
Portugal,2007,0.8218093514442444
Puerto Rico,2007,0.40987274050712585
Qatar,2007,0.9525277018547058
Romania,2007,0.19806793332099915
Russian Federation,2007,-0.8633825182914734
Samoa,2007,1.0049806833267212
San Marino,2007,1.0889655351638794
Saudi Arabia,2007,-0.4673052430152893
Serbia,2007,-0.591357946395874
Singapore,2007,1.174211025238037
Slovak Republic,2007,1.0366871356964111
Slovenia,2007,1.098629355430603
South Africa,2007,0.2153465449810028
Spain,2007,-0.2767316401004791
Sri Lanka,2007,-1.7512836456298828
St. Lucia,2007,0.617986261844635
Sudan,2007,-2.362724781036377
Sweden,2007,1.271478295326233
Switzerland,2007,1.2344088554382324
Syrian Arab Republic,2007,-0.33987611532211304
Tajikistan,2007,-0.7520521879196167
Thailand,2007,-1.112847924232483
Togo,2007,-0.34140485525131226
Trinidad and Tobago,2007,-0.18857434391975403
Tunisia,2007,0.1582624763250351
Turkmenistan,2007,0.27723339200019836
Uganda,2007,-0.9164783358573914
Ukraine,2007,0.1728259176015854
United Arab Emirates,2007,0.9753913879394531
United Kingdom,2007,0.5746549367904663
United States,2007,0.3744780421257019
Uruguay,2007,0.8355309367179871
Uzbekistan,2007,-1.3620333671569824
"Venezuela, RB",2007,-1.2296701669692993
Zambia,2007,0.3636292815208435
Zimbabwe,2007,-1.1103447675704956
Afghanistan,2008,-2.6913609504699707
Albania,2008,-0.03050091303884983
Algeria,2008,-1.0958462953567505
Argentina,2008,-0.08775568753480911
Armenia,2008,-0.006853027734905481
Australia,2008,0.9547001123428345
Austria,2008,1.3392705917358398
Azerbaijan,2008,-0.33034998178482056
"Bahamas, The",2008,0.7745329141616821
Bahrain,2008,-0.2373662292957306
Barbados,2008,1.068358302116394
Belarus,2008,0.5214039087295532
Belgium,2008,0.6205711960792542
Bermuda,2008,0.7959722876548767
Botswana,2008,1.0331056118011475
Brazil,2008,-0.3134247064590454
Bulgaria,2008,0.3698607087135315
Burkina Faso,2008,0.11872459948062897
Burundi,2008,-1.6364983320236206
Cameroon,2008,-0.5521109104156494
Canada,2008,1.0413726568222046
Chile,2008,0.43191295862197876
China,2008,-0.49308842420578003
Colombia,2008,-1.8534623384475708
Costa Rica,2008,0.3597652316093445
Croatia,2008,0.573651909828186
Cuba,2008,0.5242266058921814
Cyprus,2008,0.6390039324760437
Denmark,2008,1.0653867721557617
Dominica,2008,0.9119060039520264
Dominican Republic,2008,-0.0380077101290226
Ecuador,2008,-0.7286823987960815
"Egypt, Arab Rep.",2008,-0.510431706905365
Eritrea,2008,-0.710803747177124
Estonia,2008,0.5719735622406006
Ethiopia,2008,-1.7321206331253052
Fiji,2008,-0.06694867461919785
Finland,2008,1.4458683729171753
France,2008,0.5437591671943665
Gabon,2008,0.2618747055530548
Georgia,2008,-0.9196751117706299
Germany,2008,0.9438307881355286
Ghana,2008,-0.029515961185097694
Greece,2008,0.26785415410995483
Grenada,2008,0.38772258162498474
Guatemala,2008,-0.7139715552330017
"Hong Kong SAR, China",2008,1.1310194730758667
Hungary,2008,0.7502638697624207
Iceland,2008,1.2150238752365112
India,2008,-1.1097073554992676
Indonesia,2008,-1.0567915439605713
"Iran, Islamic Rep.",2008,-0.9398747086524963
Ireland,2008,1.1868743896484375
Israel,2008,-1.3231019973754883
Italy,2008,0.5475442409515381
Jamaica,2008,-0.30729973316192627
Japan,2008,0.8946252465248108
Jordan,2008,-0.370714008808136
Kazakhstan,2008,0.6266384720802307
Kenya,2008,-1.3936153650283813
"Korea, Rep.",2008,0.4209686815738678
Kosovo,2008,1.012082815170288
Kuwait,2008,0.5017679929733276
Kyrgyz Republic,2008,-0.567302405834198
Latvia,2008,0.20350812375545502
Liechtenstein,2008,1.3384721279144287
Lithuania,2008,0.7467650771141052
Malaysia,2008,0.10854236781597137
Mauritius,2008,0.8905514478683472
Mexico,2008,-0.8040123581886292
Moldova,2008,-0.2679331600666046
Mongolia,2008,0.539784848690033
Montenegro,2008,0.7677006125450134
Morocco,2008,-0.5712732076644897
Mozambique,2008,0.38309648633003235
Namibia,2008,1.2010148763656616
Netherlands,2008,0.8635519742965698
New Zealand,2008,1.1626434326171875
Niger,2008,-0.6703213453292847
Nigeria,2008,-1.860711932182312
North Macedonia,2008,-0.29572057723999023
Norway,2008,1.2854344844818115
Pakistan,2008,-2.573009490966797
Panama,2008,-0.09778014570474625
Paraguay,2008,-0.7274502515792847
Peru,2008,-0.8926616907119751
Philippines,2008,-1.7792363166809082
Poland,2008,0.9110962748527527
Portugal,2008,0.9875463247299194
Puerto Rico,2008,0.264064759016037
Qatar,2008,1.114876627922058
Romania,2008,0.1806090921163559
Russian Federation,2008,-0.7499338984489441
Samoa,2008,1.0978268384933472
San Marino,2008,1.012082815170288
Saudi Arabia,2008,-0.33652442693710327
Serbia,2008,-0.5427129864692688
Singapore,2008,1.34467613697052
Slovak Republic,2008,1.0821361541748047
Slovenia,2008,1.1493743658065796
South Africa,2008,0.04952899366617203
Spain,2008,-0.3830854594707489
Sri Lanka,2008,-1.7985955476760864
St. Lucia,2008,0.6407643556594849
Sudan,2008,-2.4853482246398926
Sweden,2008,1.1283365488052368
Switzerland,2008,1.222245216369629
Syrian Arab Republic,2008,-0.3390360474586487
Tajikistan,2008,-0.830599308013916
Thailand,2008,-1.2720932960510254
Togo,2008,-0.1689630001783371
Trinidad and Tobago,2008,-0.11730054020881653
Tunisia,2008,0.09982123225927353
Turkmenistan,2008,0.5376880168914795
Uganda,2008,-0.8757401704788208
Ukraine,2008,0.04251439496874809
United Arab Emirates,2008,0.6960179209709167
United Kingdom,2008,0.49287986755371094
United States,2008,0.5826595425605774
Uruguay,2008,0.8450828194618225
Uzbekistan,2008,-1.2071064710617065
"Venezuela, RB",2008,-1.3124388456344604
Zambia,2008,0.47257286310195923
Zimbabwe,2008,-1.2123380899429321
Afghanistan,2009,-2.711421489715576
Albania,2009,-0.04514051228761673
Algeria,2009,-1.196913480758667
Argentina,2009,-0.2348545789718628
Armenia,2009,0.2278633564710617
Australia,2009,0.8551205992698669
Austria,2009,1.1908739805221558
Azerbaijan,2009,-0.27785351872444153
"Bahamas, The",2009,0.8595804572105408
Bahrain,2009,-0.13723944127559662
Barbados,2009,1.0477406978607178
Belarus,2009,0.48934775590896606
Belgium,2009,0.8208246827125549
Bermuda,2009,0.6935322284698486
Botswana,2009,0.9538612365722656
Brazil,2009,0.16366422176361084
Bulgaria,2009,0.35367897152900696
Burkina Faso,2009,0.034040287137031555
Burundi,2009,-1.2714426517486572
Cameroon,2009,-0.47478213906288147
Canada,2009,1.1270759105682373
Chile,2009,0.6025844216346741
China,2009,-0.45178133249282837
Colombia,2009,-1.8323458433151245
Costa Rica,2009,0.5870603919029236
Croatia,2009,0.6129269599914551
Cuba,2009,0.35667985677719116
Cyprus,2009,0.39028748869895935
Denmark,2009,1.0011826753616333
Dominica,2009,0.665553092956543
Dominican Republic,2009,-0.002735103014856577
Ecuador,2009,-0.6736757755279541
"Egypt, Arab Rep.",2009,-0.607227087020874
Eritrea,2009,-0.6808847188949585
Estonia,2009,0.5676190257072449
Ethiopia,2009,-1.6410722732543945
Fiji,2009,-0.27288565039634705
Finland,2009,1.4596714973449707
France,2009,0.5120128989219666
Gabon,2009,0.1404387652873993
Georgia,2009,-0.9655249118804932
Germany,2009,0.8599025011062622
Ghana,2009,0.027835818007588387
Greece,2009,-0.2081242948770523
Grenada,2009,0.3922085464000702
Guatemala,2009,-0.9256725907325745
"Hong Kong SAR, China",2009,0.965701699256897
Hungary,2009,0.5368162989616394
Iceland,2009,1.190887212753296
India,2009,-1.3555479049682617
Indonesia,2009,-0.7511536478996277
"Iran, Islamic Rep.",2009,-1.5642420053482056
Ireland,2009,1.0573660135269165
Israel,2009,-1.6252106428146362
Italy,2009,0.3469058871269226
Jamaica,2009,-0.3638176918029785
Japan,2009,0.9762519001960754
Jordan,2009,-0.35645705461502075
Kazakhstan,2009,0.7768162488937378
Kenya,2009,-1.425580620765686
"Korea, Rep.",2009,0.4096279740333557
Kosovo,2009,0.43050938844680786
Kuwait,2009,0.35340744256973267
Kyrgyz Republic,2009,-0.622969388961792
Latvia,2009,0.34827980399131775
Liechtenstein,2009,1.553163766860962
Lithuania,2009,0.6315812468528748
Malaysia,2009,-0.04166091978549957
Mauritius,2009,0.7077666521072388
Mexico,2009,-0.6866278052330017
Moldova,2009,-0.5835997462272644
Mongolia,2009,0.6099874377250671
Montenegro,2009,0.8173721432685852
Morocco,2009,-0.3982996344566345
Mozambique,2009,0.6253796219825745
Namibia,2009,0.9295708537101746
Netherlands,2009,0.9450192451477051
New Zealand,2009,1.071155309677124
Niger,2009,-1.1500377655029297
Nigeria,2009,-1.994553804397583
North Macedonia,2009,-0.2985558807849884
Norway,2009,1.276532530784607
Pakistan,2009,-2.644526720046997
Panama,2009,0.06227951869368553
Paraguay,2009,-0.883586049079895
Peru,2009,-1.1800479888916016
Philippines,2009,-1.728763222694397
Poland,2009,0.9381353855133057
Portugal,2009,0.7873817682266235
Puerto Rico,2009,0.1536620706319809
Qatar,2009,1.2232850790023804
Romania,2009,0.3593662977218628
Russian Federation,2009,-0.9699265956878662
Samoa,2009,0.9578841924667358
San Marino,2009,1.3850017786026
Saudi Arabia,2009,-0.49253523349761963
Serbia,2009,-0.47735854983329773
Singapore,2009,1.179591178894043
Slovak Republic,2009,0.9204968214035034
Slovenia,2009,0.9369058012962341
South Africa,2009,-0.11449261009693146
Spain,2009,-0.47459957003593445
Sri Lanka,2009,-1.3409030437469482
St. Lucia,2009,0.6857536435127258
Sudan,2009,-2.647073745727539
Sweden,2009,1.084638237953186
Switzerland,2009,1.3077212572097778
Syrian Arab Republic,2009,-0.5091005563735962
Tajikistan,2009,-1.0253945589065552
Thailand,2009,-1.424471139907837
Togo,2009,-0.1655755490064621
Trinidad and Tobago,2009,-0.1417674422264099
Tunisia,2009,0.05961170792579651
Turkmenistan,2009,0.48547297716140747
Uganda,2009,-0.9918057918548584
Ukraine,2009,-0.30231940746307373
United Arab Emirates,2009,0.9190414547920227
United Kingdom,2009,0.12194950133562088
United States,2009,0.4473136067390442
Uruguay,2009,0.789260983467102
Uzbekistan,2009,-0.9505525231361389
"Venezuela, RB",2009,-1.2777894735336304
Zambia,2009,0.5695861577987671
Zimbabwe,2009,-1.1671808958053589
Afghanistan,2010,-2.5791518688201904
Albania,2010,-0.19148290157318115
Algeria,2010,-1.25936758518219
Argentina,2010,-0.08479786664247513
Armenia,2010,0.071855328977108
Australia,2010,0.8888598680496216
Austria,2010,1.1526482105255127
Azerbaijan,2010,-0.2385469228029251
"Bahamas, The",2010,0.9936922192573547
Bahrain,2010,-0.49347639083862305
Barbados,2010,1.0606366395950317
Belarus,2010,-0.09499009698629379
Belgium,2010,0.8106461763381958
Bermuda,2010,0.9118381142616272
Botswana,2010,0.9912098050117493
Brazil,2010,0.013475910760462284
Bulgaria,2010,0.36009106040000916
Burkina Faso,2010,-0.11763714253902435
Burundi,2010,-1.6259593963623047
Cameroon,2010,-0.7369714379310608
Canada,2010,0.9363182187080383
Chile,2010,0.6796045303344727
China,2010,-0.6570606827735901
Colombia,2010,-1.5371848344802856
Costa Rica,2010,0.6915372014045715
Croatia,2010,0.6084636449813843
Cuba,2010,0.34929242730140686
Cyprus,2010,0.45244482159614563
Denmark,2010,1.0409610271453857
Dominica,2010,0.9031177759170532
Dominican Republic,2010,-0.04495403543114662
Ecuador,2010,-0.5866744518280029
"Egypt, Arab Rep.",2010,-0.8984183073043823
Eritrea,2010,-0.875592827796936
Estonia,2010,0.6613669991493225
Ethiopia,2010,-1.6351011991500854
Fiji,2010,-0.19082751870155334
Finland,2010,1.4236068725585938
France,2010,0.6810875535011292
Gabon,2010,0.29927924275398254
Georgia,2010,-0.718320906162262
Germany,2010,0.7968344688415527
Ghana,2010,0.026093240827322006
Greece,2010,-0.12720687687397003
Grenada,2010,0.5183800458908081
Guatemala,2010,-0.8529244661331177
"Hong Kong SAR, China",2010,0.9358105659484863
Hungary,2010,0.6857837438583374
Iceland,2010,1.0222536325454712
India,2010,-1.2779844999313354
Indonesia,2010,-0.8539161682128906
"Iran, Islamic Rep.",2010,-1.630591869354248
Ireland,2010,1.0201653242111206
Israel,2010,-1.3411517143249512
Italy,2010,0.4739236831665039
Jamaica,2010,-0.4295414686203003
Japan,2010,0.8793531656265259
Jordan,2010,-0.3124925196170807
Kazakhstan,2010,0.5229718089103699
Kenya,2010,-1.1655235290527344
"Korea, Rep.",2010,0.3258958160877228
Kosovo,2010,-1.0448211431503296
Kuwait,2010,0.4519888162612915
Kyrgyz Republic,2010,-1.0396523475646973
Latvia,2010,0.5278540253639221
Liechtenstein,2010,1.5440874099731445
Lithuania,2010,0.7152606248855591
Malaysia,2010,0.14335213601589203
Mauritius,2010,0.6402587890625
Mexico,2010,-0.7264634370803833
Moldova,2010,-0.38134074211120605
Mongolia,2010,0.5970422625541687
Montenegro,2010,0.584210991859436
Morocco,2010,-0.3830133080482483
Mozambique,2010,0.39442187547683716
Namibia,2010,0.8469400405883789
Netherlands,2010,0.9407501220703125
New Zealand,2010,1.2364888191223145
Niger,2010,-1.160744547843933
Nigeria,2010,-2.21112322807312
North Macedonia,2010,-0.5185170769691467
Norway,2010,1.3323115110397339
Pakistan,2010,-2.6759331226348877
Panama,2010,-0.11604820936918259
Paraguay,2010,-0.834862232208252
Peru,2010,-0.9999154210090637
Philippines,2010,-1.6507595777511597
Poland,2010,1.0173300504684448
Portugal,2010,0.7176869511604309
Puerto Rico,2010,0.3569764792919159
Qatar,2010,1.1538559198379517
Romania,2010,0.27360039949417114
Russian Federation,2010,-0.929458737373352
Samoa,2010,0.765691876411438
San Marino,2010,1.4539844989776611
Saudi Arabia,2010,-0.2267269790172577
Serbia,2010,-0.42174166440963745
Singapore,2010,1.1694148778915405
Slovak Republic,2010,1.0533168315887451
Slovenia,2010,0.8665088415145874
South Africa,2010,-0.029427003115415573
Spain,2010,-0.3180437386035919
Sri Lanka,2010,-0.9429468512535095
St. Lucia,2010,0.790275514125824
Sudan,2010,-2.6652777194976807
Sweden,2010,1.0941704511642456
Switzerland,2010,1.258594274520874
Syrian Arab Republic,2010,-0.8057897090911865
Tajikistan,2010,-1.0345383882522583
Thailand,2010,-1.4427883625030518
Togo,2010,-0.1793483942747116
Trinidad and Tobago,2010,-0.05082318186759949
Tunisia,2010,-0.06397636234760284
Turkmenistan,2010,0.33410561084747314
Uganda,2010,-1.0005582571029663
Ukraine,2010,0.013131719082593918
United Arab Emirates,2010,0.8017578721046448
United Kingdom,2010,0.4118182063102722
United States,2010,0.4384039342403412
Uruguay,2010,0.8249860405921936
Uzbekistan,2010,-0.7204381227493286
"Venezuela, RB",2010,-1.2562366724014282
Zambia,2010,0.5153513550758362
Zimbabwe,2010,-1.1040139198303223
Afghanistan,2011,-2.5020596981048584
Albania,2011,-0.2823794186115265
Algeria,2011,-1.360560655593872
Argentina,2011,0.158993661403656
Armenia,2011,-0.06386898458003998
Australia,2011,0.935710072517395
Austria,2011,1.1935216188430786
Azerbaijan,2011,-0.5321359634399414
"Bahamas, The",2011,1.103621482849121
Bahrain,2011,-0.9508419036865234
Barbados,2011,1.246130108833313
Belarus,2011,-0.08776900917291641
Belgium,2011,0.9545354247093201
Bermuda,2011,0.9641221165657043
Botswana,2011,1.0644465684890747
Brazil,2011,-0.13257542252540588
Bulgaria,2011,0.3017503023147583
Burkina Faso,2011,-0.5553814768791199
Burundi,2011,-1.8072004318237305
Cameroon,2011,-0.661687970161438
Canada,2011,1.0771757364273071
Chile,2011,0.4525533616542816
China,2011,-0.6020548343658447
Colombia,2011,-1.2846555709838867
Costa Rica,2011,0.5082760453224182
Croatia,2011,0.6237471103668213
Cuba,2011,0.2803821265697479
Cyprus,2011,0.6079844832420349
Denmark,2011,1.1002930402755737
Dominica,2011,1.1391586065292358
Dominican Republic,2011,-0.000481850205687806
Ecuador,2011,-0.6865575313568115
"Egypt, Arab Rep.",2011,-1.4370570182800293
Eritrea,2011,-0.766404390335083
Estonia,2011,0.6110413074493408
Ethiopia,2011,-1.5069637298583984
Fiji,2011,-0.07128819823265076
Finland,2011,1.3934710025787354
France,2011,0.602992832660675
Gabon,2011,0.38489091396331787
Georgia,2011,-0.6569519639015198
Germany,2011,0.8422184586524963
Ghana,2011,0.16711214184761047
Greece,2011,-0.09869518876075745
Grenada,2011,0.3601154088973999
Guatemala,2011,-0.7441413998603821
"Hong Kong SAR, China",2011,0.9485961198806763
Hungary,2011,0.7432540655136108
Iceland,2011,1.2440097332000732
India,2011,-1.3267953395843506
Indonesia,2011,-0.7701141834259033
"Iran, Islamic Rep.",2011,-1.4217677116394043
Ireland,2011,0.9489989280700684
Israel,2011,-1.2013180255889893
Italy,2011,0.5012074112892151
Jamaica,2011,-0.06298333406448364
Japan,2011,0.99509197473526
Jordan,2011,-0.5135622620582581
Kazakhstan,2011,-0.33857056498527527
Kenya,2011,-1.24479079246521
"Korea, Rep.",2011,0.4124956429004669
Kosovo,2011,-1.0421470403671265
Kuwait,2011,0.3111027181148529
Kyrgyz Republic,2011,-1.098030686378479
Latvia,2011,0.32000213861465454
Liechtenstein,2011,1.490579605102539
Lithuania,2011,0.6712003350257874
Malaysia,2011,0.0774097666144371
Mauritius,2011,0.9464994072914124
Mexico,2011,-0.6677685976028442
Moldova,2011,-0.049293749034404755
Mongolia,2011,0.6065388917922974
Montenegro,2011,0.5653415322303772
Morocco,2011,-0.39225679636001587
Mozambique,2011,0.3320482671260834
Namibia,2011,0.9116575121879578
Netherlands,2011,1.113630771636963
New Zealand,2011,1.376731038093567
Niger,2011,-0.8780044913291931
Nigeria,2011,-1.9564545154571533
North Macedonia,2011,-0.6179637908935547
Norway,2011,1.3379769325256348
Pakistan,2011,-2.810035467147827
Panama,2011,-0.028218861669301987
Paraguay,2011,-0.6925965547561646
Peru,2011,-0.7607496976852417
Philippines,2011,-1.392181634902954
Poland,2011,1.0720629692077637
Portugal,2011,0.7417392730712891
Puerto Rico,2011,0.6001489758491516
Qatar,2011,1.1747310161590576
Romania,2011,0.18609066307544708
Russian Federation,2011,-0.9982621073722839
Samoa,2011,0.9885909557342529
San Marino,2011,1.0618038177490234
Saudi Arabia,2011,-0.4647996425628662
Serbia,2011,-0.28288206458091736
Singapore,2011,1.1914217472076416
Slovak Republic,2011,0.9747573137283325
Slovenia,2011,0.9692096710205078
South Africa,2011,0.024031570181250572
Spain,2011,0.021104536950588226
Sri Lanka,2011,-0.7247714400291443
St. Lucia,2011,0.849078357219696
Sudan,2011,-2.5229172706604004
Sweden,2011,1.2306880950927734
Switzerland,2011,1.300342082977295
Syrian Arab Republic,2011,-2.0121068954467773
Tajikistan,2011,-1.0232338905334473
Thailand,2011,-1.1335337162017822
Togo,2011,-0.16259849071502686
Trinidad and Tobago,2011,0.14108040928840637
Tunisia,2011,-0.3537417948246002
Turkmenistan,2011,0.23412907123565674
Uganda,2011,-0.976101815700531
Ukraine,2011,-0.07043146342039108
United Arab Emirates,2011,0.912175714969635
United Kingdom,2011,0.3517076075077057
United States,2011,0.5912472605705261
Uruguay,2011,0.9570969343185425
Uzbekistan,2011,-0.5997193455696106
"Venezuela, RB",2011,-1.0940459966659546
Zambia,2011,0.5097737908363342
Zimbabwe,2011,-0.9453285336494446
Afghanistan,2012,-2.4185614585876465
Albania,2012,-0.14363159239292145
Algeria,2012,-1.3250433206558228
Argentina,2012,0.10304054617881775
Armenia,2012,0.15479497611522675
Australia,2012,0.9979972243309021
Austria,2012,1.340566873550415
Azerbaijan,2012,-0.7157518267631531
"Bahamas, The",2012,1.1840260028839111
Bahrain,2012,-1.1299549341201782
Barbados,2012,1.185965657234192
Belarus,2012,0.06861522048711777
Belgium,2012,0.9235997200012207
Bermuda,2012,0.9802536964416504
Botswana,2012,1.1040414571762085
Brazil,2012,0.045961640775203705
Bulgaria,2012,0.37983399629592896
Burkina Faso,2012,-0.5731292366981506
Burundi,2012,-1.7047381401062012
Cameroon,2012,-0.588517427444458
Canada,2012,1.1130162477493286
Chile,2012,0.3311021029949188
China,2012,-0.5387820601463318
Colombia,2012,-1.4018104076385498
Costa Rica,2012,0.6384024620056152
Croatia,2012,0.6068914532661438
Cuba,2012,0.3072482943534851
Cyprus,2012,0.6351260542869568
Denmark,2012,0.9149106740951538
Dominica,2012,0.9805854558944702
Dominican Republic,2012,0.2523668110370636
Ecuador,2012,-0.5703064799308777
"Egypt, Arab Rep.",2012,-1.43632972240448
Eritrea,2012,-0.702197253704071
Estonia,2012,0.6364651918411255
Ethiopia,2012,-1.564271330833435
Fiji,2012,-0.06777483224868774
Finland,2012,1.4007651805877686
France,2012,0.5549415349960327
Gabon,2012,0.2932914197444916
Georgia,2012,-0.6804539561271667
Germany,2012,0.7756212949752808
Ghana,2012,0.13069498538970947
Greece,2012,-0.21724869310855865
Grenada,2012,0.49264901876449585
Guatemala,2012,-0.6338201761245728
"Hong Kong SAR, China",2012,1.0062894821166992
Hungary,2012,0.675794780254364
Iceland,2012,1.2450320720672607
India,2012,-1.2893098592758179
Indonesia,2012,-0.593262791633606
"Iran, Islamic Rep.",2012,-1.3239260911941528
Ireland,2012,0.9410727024078369
Israel,2012,-1.078904390335083
Italy,2012,0.5082175135612488
Jamaica,2012,0.12050811201334
Japan,2012,0.9484428763389587
Jordan,2012,-0.5239776372909546
Kazakhstan,2012,-0.4084550142288208
Kenya,2012,-1.3234412670135498
"Korea, Rep.",2012,0.26710331439971924
Kosovo,2012,-1.0385023355484009
Kuwait,2012,0.20360621809959412
Kyrgyz Republic,2012,-0.9112513661384583
Latvia,2012,0.45362672209739685
Liechtenstein,2012,1.3891996145248413
Lithuania,2012,0.7862098813056946
Malaysia,2012,-0.0052124024368822575
Mauritius,2012,0.971312403678894
Mexico,2012,-0.6624541878700256
Moldova,2012,0.04649047926068306
Mongolia,2012,0.47113481163978577
Montenegro,2012,0.5965630412101746
Morocco,2012,-0.4704587757587433
Mozambique,2012,0.3904936909675598
Namibia,2012,0.978104293346405
Netherlands,2012,1.187464714050293
New Zealand,2012,1.361365556716919
Niger,2012,-1.1481308937072754
Nigeria,2012,-2.0420737266540527
North Macedonia,2012,-0.49264952540397644
Norway,2012,1.327469825744629
Pakistan,2012,-2.6770036220550537
Panama,2012,-0.179432675242424
Paraguay,2012,-0.8719021677970886
Peru,2012,-0.9073647260665894
Philippines,2012,-1.1882402896881104
Poland,2012,1.0494786500930786
Portugal,2012,0.7752726078033447
Puerto Rico,2012,0.5849733948707581
Qatar,2012,1.223598837852478
Romania,2012,0.08234155923128128
Russian Federation,2012,-0.817712664604187
Samoa,2012,0.9992401599884033
San Marino,2012,1.0264002084732056
Saudi Arabia,2012,-0.4806882441043854
Serbia,2012,-0.2172994613647461
Singapore,2012,1.3681745529174805
Slovak Republic,2012,1.088400959968567
Slovenia,2012,0.9351106882095337
South Africa,2012,-0.02538670040667057
Spain,2012,-0.029516449198126793
Sri Lanka,2012,-0.717079222202301
St. Lucia,2012,0.8937056660652161
Sudan,2012,-2.260563373565674
Sweden,2012,1.1705971956253052
Switzerland,2012,1.418336033821106
Syrian Arab Republic,2012,-2.6822738647460938
Tajikistan,2012,-1.2408597469329834
Thailand,2012,-1.2166306972503662
Togo,2012,-0.38645777106285095
Trinidad and Tobago,2012,0.104277603328228
Tunisia,2012,-0.721316933631897
Turkmenistan,2012,0.42808789014816284
Uganda,2012,-0.8689665198326111
Ukraine,2012,-0.09227490425109863
United Arab Emirates,2012,0.8632514476776123
United Kingdom,2012,0.40227073431015015
United States,2012,0.6324421167373657
Uruguay,2012,0.7091677784919739
Uzbekistan,2012,-0.5187393426895142
"Venezuela, RB",2012,-1.0271326303482056
Zambia,2012,0.6609625220298767
Zimbabwe,2012,-0.7786620259284973
Afghanistan,2013,-2.5193490982055664
Albania,2013,0.09192978590726852
Algeria,2013,-1.2023714780807495
Argentina,2013,0.06531426310539246
Armenia,2013,0.11038514226675034
Australia,2013,1.031072974205017
Austria,2013,1.3641005754470825
Azerbaijan,2013,-0.4128599166870117
"Bahamas, The",2013,1.1348246335983276
Bahrain,2013,-1.3354177474975586
Barbados,2013,1.2669291496276855
Belarus,2013,0.0059591662138700485
Belgium,2013,0.9400827288627625
Bermuda,2013,0.9703030586242676
Botswana,2013,1.1023470163345337
Brazil,2013,-0.25855329632759094
Bulgaria,2013,0.17071038484573364
Burkina Faso,2013,-0.7633901238441467
Burundi,2013,-1.3502775430679321
Cameroon,2013,-0.5322372913360596
Canada,2013,1.0614217519760132
Chile,2013,0.36374253034591675
China,2013,-0.5437899231910706
Colombia,2013,-1.2919718027114868
Costa Rica,2013,0.677918016910553
Croatia,2013,0.6426678895950317
Cuba,2013,0.37056463956832886
Cyprus,2013,0.5633471608161926
Denmark,2013,0.9592334628105164
Dominica,2013,1.1198562383651733
Dominican Republic,2013,0.2074286937713623
Ecuador,2013,-0.1786567121744156
"Egypt, Arab Rep.",2013,-1.6388309001922607
Eritrea,2013,-0.7723721265792847
Estonia,2013,0.7482154369354248
Ethiopia,2013,-1.4073073863983154
Fiji,2013,-0.05102768912911415
Finland,2013,1.3851724863052368
France,2013,0.44874411821365356
Gabon,2013,0.33010274171829224
Georgia,2013,-0.44136616587638855
Germany,2013,0.9279838800430298
Ghana,2013,0.060606084764003754
Greece,2013,-0.17134171724319458
Grenada,2013,0.4261743426322937
Guatemala,2013,-0.6741562485694885
"Hong Kong SAR, China",2013,0.9228683114051819
Hungary,2013,0.7966461181640625
Iceland,2013,1.2871336936950684
India,2013,-1.2291741371154785
Indonesia,2013,-0.5192646384239197
"Iran, Islamic Rep.",2013,-1.249686598777771
Ireland,2013,0.9010757207870483
Israel,2013,-1.1012847423553467
Italy,2013,0.4954991936683655
Jamaica,2013,0.18237437307834625
Japan,2013,1.0191419124603271
Jordan,2013,-0.6063152551651001
Kazakhstan,2013,-0.40247389674186707
Kenya,2013,-1.166930913925171
"Korea, Rep.",2013,0.27857863903045654
Kosovo,2013,-0.9661466479301453
Kuwait,2013,0.1660555899143219
Kyrgyz Republic,2013,-0.9117738008499146
Latvia,2013,0.5936352610588074
Liechtenstein,2013,1.3971716165542603
Lithuania,2013,0.9645323157310486
Malaysia,2013,0.05179159343242645
Mauritius,2013,0.9448017477989197
Mexico,2013,-0.7142238020896912
Moldova,2013,0.0008085720473900437
Mongolia,2013,0.49132078886032104
Montenegro,2013,0.5045954585075378
Morocco,2013,-0.49301761388778687
Mozambique,2013,-0.2269664704799652
Namibia,2013,0.9588099718093872
Netherlands,2013,1.1438153982162476
New Zealand,2013,1.4539265632629395
Niger,2013,-1.321799397468567
Nigeria,2013,-2.0884783267974854
North Macedonia,2013,-0.4160763919353485
Norway,2013,1.352091908454895
Pakistan,2013,-2.603302001953125
Panama,2013,-0.14126092195510864
Paraguay,2013,-0.735861599445343
Peru,2013,-0.8057397603988647
Philippines,2013,-1.084253191947937
Poland,2013,0.9733549952507019
Portugal,2013,0.7487634420394897
Puerto Rico,2013,0.2491558939218521
Qatar,2013,1.212546467781067
Romania,2013,0.1791330724954605
Russian Federation,2013,-0.7360936403274536
Samoa,2013,0.9890078902244568
San Marino,2013,1.054114818572998
Saudi Arabia,2013,-0.43178412318229675
Serbia,2013,-0.07563809305429459
Singapore,2013,1.378178358078003
Slovak Republic,2013,1.1195181608200073
Slovenia,2013,0.8822516798973083
South Africa,2013,-0.04629453644156456
Spain,2013,0.012017759494483471
Sri Lanka,2013,-0.6128954291343689
St. Lucia,2013,0.85335773229599
Sudan,2013,-2.193009614944458
Sweden,2013,1.1277780532836914
Switzerland,2013,1.4011402130126953
Syrian Arab Republic,2013,-2.681142807006836
Tajikistan,2013,-1.1823740005493164
Thailand,2013,-1.3116827011108398
Togo,2013,-0.3537108302116394
Trinidad and Tobago,2013,0.09368609637022018
Tunisia,2013,-0.9025632739067078
Turkmenistan,2013,0.24909549951553345
Uganda,2013,-0.8386906385421753
Ukraine,2013,-0.7772849798202515
United Arab Emirates,2013,0.8947921991348267
United Kingdom,2013,0.4862014353275299
United States,2013,0.6430726051330566
Uruguay,2013,0.8047382235527039
Uzbekistan,2013,-0.5360789895057678
"Venezuela, RB",2013,-1.0776324272155762
Zambia,2013,0.43593329191207886
Zimbabwe,2013,-0.6659497618675232
Afghanistan,2014,-2.4110684394836426
Albania,2014,0.48598623275756836
Algeria,2014,-1.1905351877212524
Argentina,2014,-0.005121871363371611
Armenia,2014,-0.2971358001232147
Australia,2014,1.0321919918060303
Austria,2014,1.270700454711914
Azerbaijan,2014,-0.5599095225334167
"Bahamas, The",2014,0.9564701318740845
Bahrain,2014,-0.9074748754501343
Barbados,2014,1.277919888496399
Belarus,2014,0.17978215217590332
Belgium,2014,0.7012694478034973
Bermuda,2014,0.9138978123664856
Botswana,2014,1.0118471384048462
Brazil,2014,-0.07029013335704803
Bulgaria,2014,0.07854089885950089
Burkina Faso,2014,-0.7871285676956177
Burundi,2014,-0.7844071388244629
Cameroon,2014,-1.059252381324768
Canada,2014,1.1755038499832153
Chile,2014,0.44751691818237305
China,2014,-0.5225840210914612
Colombia,2014,-1.1145941019058228
Costa Rica,2014,0.5774182081222534
Croatia,2014,0.6191123723983765
Cuba,2014,0.5448220372200012
Cyprus,2014,0.5518820881843567
Denmark,2014,0.9517797231674194
Dominica,2014,1.0571781396865845
Dominican Republic,2014,0.14593449234962463
Ecuador,2014,-0.018533209338784218
"Egypt, Arab Rep.",2014,-1.6311765909194946
Eritrea,2014,-0.8058726191520691
Estonia,2014,0.7802578806877136
Ethiopia,2014,-1.3393874168395996
Fiji,2014,0.5531646013259888
Finland,2014,1.2821972370147705
France,2014,0.30056849122047424
Gabon,2014,0.14954280853271484
Georgia,2014,-0.3215075433254242
Germany,2014,0.9251864552497864
Ghana,2014,-0.10680796205997467
Greece,2014,-0.14044596254825592
Grenada,2014,0.7745688557624817
Guatemala,2014,-0.6555635333061218
"Hong Kong SAR, China",2014,1.153228521347046
Hungary,2014,0.6699048280715942
Iceland,2014,1.2469745874404907
India,2014,-0.9979119896888733
Indonesia,2014,-0.4168240427970886
"Iran, Islamic Rep.",2014,-0.8749876618385315
Ireland,2014,1.0529911518096924
Israel,2014,-1.0397353172302246
Italy,2014,0.45816540718078613
Jamaica,2014,0.024492532014846802
Japan,2014,0.9685973525047302
Jordan,2014,-0.540025532245636
Kazakhstan,2014,0.03601815551519394
Kenya,2014,-1.2822471857070923
"Korea, Rep.",2014,0.10856880247592926
Kosovo,2014,-0.3407745361328125
Kuwait,2014,0.14900654554367065
Kyrgyz Republic,2014,-0.8046156764030457
Latvia,2014,0.4872683584690094
Liechtenstein,2014,1.4588618278503418
Lithuania,2014,0.7421364188194275
Malaysia,2014,0.26661914587020874
Mauritius,2014,0.6679659485816956
Mexico,2014,-0.8539187908172607
Moldova,2014,-0.15898776054382324
Mongolia,2014,0.791901171207428
Montenegro,2014,0.2194552719593048
Morocco,2014,-0.4462656080722809
Mozambique,2014,-0.33600273728370667
Namibia,2014,0.6087406277656555
Netherlands,2014,1.045115351676941
New Zealand,2014,1.4679275751113892
Niger,2014,-1.1758404970169067
Nigeria,2014,-2.1302764415740967
North Macedonia,2014,0.25638294219970703
Norway,2014,1.119958519935608
Pakistan,2014,-2.4012792110443115
Panama,2014,0.20900820195674896
Paraguay,2014,-0.08862750977277756
Peru,2014,-0.5506569147109985
Philippines,2014,-0.7138209342956543
Poland,2014,0.8429408073425293
Portugal,2014,0.8062744140625
Puerto Rico,2014,0.8199926614761353
Qatar,2014,0.9774577617645264
Romania,2014,0.04913612827658653
Russian Federation,2014,-0.9436174631118774
Samoa,2014,1.1219048500061035
San Marino,2014,0.9895857572555542
Saudi Arabia,2014,-0.2858446538448334
Serbia,2014,0.18411077558994293
Singapore,2014,1.1862714290618896
Slovak Republic,2014,1.039121150970459
Slovenia,2014,0.9657734036445618
South Africa,2014,-0.1463889628648758
Spain,2014,0.24312174320220947
Sri Lanka,2014,-0.33046403527259827
St. Lucia,2014,0.8164504170417786
Sudan,2014,-2.363084554672241
Sweden,2014,1.0654147863388062
Switzerland,2014,1.402652621269226
Syrian Arab Republic,2014,-2.748824119567871
Tajikistan,2014,-0.6933407783508301
Thailand,2014,-0.9063863158226013
Togo,2014,-0.16712686419487
Trinidad and Tobago,2014,0.24786433577537537
Tunisia,2014,-0.8516615033149719
Turkmenistan,2014,0.07420603185892105
Uganda,2014,-0.9411261677742004
Ukraine,2014,-2.0208334922790527
United Arab Emirates,2014,0.7689089179039001
United Kingdom,2014,0.4153476357460022
United States,2014,0.5824196338653564
Uruguay,2014,0.9918795824050903
Uzbekistan,2014,-0.2731086313724518
"Venezuela, RB",2014,-0.8520022034645081
Zambia,2014,0.15621201694011688
Zimbabwe,2014,-0.7135701775550842
Afghanistan,2015,-2.5626251697540283
Albania,2015,0.34163904190063477
Algeria,2015,-1.0907865762710571
Argentina,2015,0.008764134719967842
Armenia,2015,-0.256798654794693
Australia,2015,0.8731806874275208
Austria,2015,1.1293305158615112
Azerbaijan,2015,-0.7339166402816772
"Bahamas, The",2015,0.8949824571609497
Bahrain,2015,-1.0682626962661743
Barbados,2015,1.1168277263641357
Belarus,2015,0.11090569943189621
Belgium,2015,0.5770921111106873
Bermuda,2015,0.9618173837661743
Botswana,2015,1.0313682556152344
Brazil,2015,-0.33186444640159607
Bulgaria,2015,0.010424641892313957
Burkina Faso,2015,-0.6091273427009583
Burundi,2015,-1.937446117401123
Cameroon,2015,-0.9899140000343323
Canada,2015,1.2623368501663208
Chile,2015,0.4248717427253723
China,2015,-0.5525596737861633
Colombia,2015,-1.0726637840270996
Costa Rica,2015,0.6699740290641785
Croatia,2015,0.5865136384963989
Cuba,2015,0.6347500085830688
Cyprus,2015,0.5424491167068481
Denmark,2015,0.8870592713356018
Dominica,2015,1.0544320344924927
Dominican Republic,2015,0.22757092118263245
Ecuador,2015,-0.14734497666358948
"Egypt, Arab Rep.",2015,-1.4993321895599365
Eritrea,2015,-0.8784534335136414
Estonia,2015,0.6138572692871094
Ethiopia,2015,-1.4969420433044434
Fiji,2015,0.5696606636047363
Finland,2015,1.0279982089996338
France,2015,0.09775980561971664
Gabon,2015,0.015247291885316372
Georgia,2015,-0.47215375304222107
Germany,2015,0.6875149607658386
Ghana,2015,-0.03822890669107437
Greece,2015,-0.23555973172187805
Grenada,2015,0.779747724533081
Guatemala,2015,-0.6544378995895386
"Hong Kong SAR, China",2015,1.035205364227295
Hungary,2015,0.7377924919128418
Iceland,2015,1.2984809875488281
India,2015,-0.9547735452651978
Indonesia,2015,-0.6199563145637512
"Iran, Islamic Rep.",2015,-0.924846887588501
Ireland,2015,0.8953325748443604
Israel,2015,-1.097817301750183
Italy,2015,0.36325719952583313
Jamaica,2015,0.08596572279930115
Japan,2015,1.0542205572128296
Jordan,2015,-0.606864869594574
Kazakhstan,2015,-0.038353074342012405
Kenya,2015,-1.2413479089736938
"Korea, Rep.",2015,0.15636104345321655
Kosovo,2015,-0.20040644705295563
Kuwait,2015,-0.219549298286438
Kyrgyz Republic,2015,-0.8824296593666077
Latvia,2015,0.43631041049957275
Liechtenstein,2015,1.4377751350402832
Lithuania,2015,0.7497502565383911
Malaysia,2015,0.25394731760025024
Mauritius,2015,0.988632321357727
Mexico,2015,-0.801780104637146
Moldova,2015,-0.3260459899902344
Mongolia,2015,0.7118319869041443
Montenegro,2015,0.13663820922374725
Morocco,2015,-0.3443949818611145
Mozambique,2015,-0.5164355635643005
Namibia,2015,0.7252602577209473
Netherlands,2015,0.9125401973724365
New Zealand,2015,1.51113760471344
Niger,2015,-1.0597032308578491
Nigeria,2015,-1.9217051267623901
North Macedonia,2015,-0.29259273409843445
Norway,2015,1.1456201076507568
Pakistan,2015,-2.471883535385132
Panama,2015,0.37741518020629883
Paraguay,2015,0.03521262854337692
Peru,2015,-0.3989100754261017
Philippines,2015,-0.8547242283821106
Poland,2015,0.8623190522193909
Portugal,2015,0.9042129516601562
Puerto Rico,2015,0.8471174836158752
Qatar,2015,0.983597457408905
Romania,2015,0.18179933726787567
Russian Federation,2015,-1.0322234630584717
Samoa,2015,1.166048288345337
San Marino,2015,1.36598539352417
Saudi Arabia,2015,-0.634387195110321
Serbia,2015,0.2348330318927765
Singapore,2015,1.2988921403884888
Slovak Republic,2015,0.8657594323158264
Slovenia,2015,0.9474920034408569
South Africa,2015,-0.22054487466812134
Spain,2015,0.24116013944149017
Sri Lanka,2015,0.08318266272544861
St. Lucia,2015,0.8377347588539124
Sudan,2015,-2.1551530361175537
Sweden,2015,0.9326704740524292
Switzerland,2015,1.3264942169189453
Syrian Arab Republic,2015,-2.965176820755005
Tajikistan,2015,-0.8823180198669434
Thailand,2015,-0.9950449466705322
Togo,2015,-0.23212304711341858
Trinidad and Tobago,2015,0.2793610394001007
Tunisia,2015,-0.9601770043373108
Turkmenistan,2015,-0.08957114070653915
Uganda,2015,-0.8045758008956909
Ukraine,2015,-1.959532380104065
United Arab Emirates,2015,0.748049259185791
United Kingdom,2015,0.5037063956260681
United States,2015,0.6628901958465576
Uruguay,2015,0.9948893189430237
Uzbekistan,2015,-0.37453246116638184
"Venezuela, RB",2015,-0.9716702699661255
Zambia,2015,0.1447097808122635
Zimbabwe,2015,-0.6192072629928589
Afghanistan,2016,-2.662156105041504
Albania,2016,0.3374478816986084
Algeria,2016,-1.0997419357299805
Argentina,2016,0.19774989783763885
Armenia,2016,-0.6679511070251465
Australia,2016,1.0334244966506958
Austria,2016,0.8921759724617004
Azerbaijan,2016,-0.8089088201522827
"Bahamas, The",2016,0.9599433541297913
Bahrain,2016,-0.7927002310752869
Barbados,2016,0.9600081443786621
Belarus,2016,0.13570626080036163
Belgium,2016,0.4296061098575592
Bermuda,2016,0.9756136536598206
Botswana,2016,0.9791980385780334
Brazil,2016,-0.38103505969047546
Bulgaria,2016,0.06827937066555023
Burkina Faso,2016,-0.8687106966972351
Burundi,2016,-1.9643751382827759
Cameroon,2016,-1.0612130165100098
Canada,2016,1.240411639213562
Chile,2016,0.4024062156677246
China,2016,-0.5022213459014893
Colombia,2016,-0.8871639966964722
Costa Rica,2016,0.6485530138015747
Croatia,2016,0.6541911363601685
Cuba,2016,0.6731316447257996
Cyprus,2016,0.5937868356704712
Denmark,2016,0.852912425994873
Dominica,2016,0.9776630997657776
Dominican Republic,2016,0.2412594109773636
Ecuador,2016,-0.09171043336391449
"Egypt, Arab Rep.",2016,-1.4397268295288086
Eritrea,2016,-0.662282407283783
Estonia,2016,0.6627962589263916
Ethiopia,2016,-1.6172451972961426
Fiji,2016,0.897029459476471
Finland,2016,0.9825918674468994
France,2016,-0.10634959489107132
Gabon,2016,-0.1101059839129448
Georgia,2016,-0.3201150894165039
Germany,2016,0.6675411462783813
Ghana,2016,-0.13890771567821503
Greece,2016,-0.12970364093780518
Grenada,2016,0.9985922574996948
Guatemala,2016,-0.5450037121772766
"Hong Kong SAR, China",2016,0.7361583709716797
Hungary,2016,0.6433809399604797
Iceland,2016,1.3465887308120728
India,2016,-0.9604265093803406
Indonesia,2016,-0.3796997368335724
"Iran, Islamic Rep.",2016,-0.8140206336975098
Ireland,2016,0.8338496685028076
Israel,2016,-0.7993672490119934
Italy,2016,0.35593342781066895
Jamaica,2016,0.29546841979026794
Japan,2016,0.968189001083374
Jordan,2016,-0.49624624848365784
Kazakhstan,2016,0.0014629734214395285
Kenya,2016,-1.3544565439224243
"Korea, Rep.",2016,0.15357650816440582
Kosovo,2016,-0.28593334555625916
Kuwait,2016,-0.05650071054697037
Kyrgyz Republic,2016,-0.6520196795463562
Latvia,2016,0.4672195613384247
Liechtenstein,2016,1.4532699584960938
Lithuania,2016,0.8147212266921997
Malaysia,2016,0.12948593497276306
Mauritius,2016,0.9992181658744812
Mexico,2016,-0.6337181329727173
Moldova,2016,-0.30549877882003784
Mongolia,2016,0.7876001000404358
Montenegro,2016,0.2687162160873413
Morocco,2016,-0.3176177740097046
Mozambique,2016,-1.0968146324157715
Namibia,2016,0.6995289921760559
Netherlands,2016,0.8969331979751587
New Zealand,2016,1.5011433362960815
Niger,2016,-1.1007574796676636
Nigeria,2016,-1.8738889694213867
North Macedonia,2016,-0.35531261563301086
Norway,2016,1.1816209554672241
Pakistan,2016,-2.4738738536834717
Panama,2016,0.4007277488708496
Paraguay,2016,0.13447080552577972
Peru,2016,-0.20793484151363373
Philippines,2016,-1.3786903619766235
Poland,2016,0.4961576461791992
Portugal,2016,0.9586257934570312
Puerto Rico,2016,0.6778286099433899
Qatar,2016,0.8841237425804138
Romania,2016,0.2668232023715973
Russian Federation,2016,-0.9476881623268127
Samoa,2016,1.1758835315704346
San Marino,2016,1.3827502727508545
Saudi Arabia,2016,-0.4727711081504822
Serbia,2016,0.13328160345554352
Singapore,2016,1.4774689674377441
Slovak Republic,2016,0.7082305550575256
Slovenia,2016,0.979141891002655
South Africa,2016,-0.14908500015735626
Spain,2016,0.40221449732780457
Sri Lanka,2016,-0.011340050026774406
St. Lucia,2016,0.9985922574996948
Sudan,2016,-2.3311057090759277
Sweden,2016,1.0007821321487427
Switzerland,2016,1.2898540496826172
Syrian Arab Republic,2016,-2.906036138534546
Tajikistan,2016,-0.7806183099746704
Thailand,2016,-0.9913002252578735
Togo,2016,-0.1751171052455902
Trinidad and Tobago,2016,0.2772577702999115
Tunisia,2016,-1.1397223472595215
Turkmenistan,2016,-0.1951480656862259
Uganda,2016,-0.71827632188797
Ukraine,2016,-1.8533319234848022
United Arab Emirates,2016,0.5496461391448975
United Kingdom,2016,0.3479326367378235
United States,2016,0.3856353163719177
Uruguay,2016,1.0485217571258545
Uzbekistan,2016,-0.2807537019252777
"Venezuela, RB",2016,-1.0229766368865967
Zambia,2016,0.1329282820224762
Zimbabwe,2016,-0.6208097338676453
Afghanistan,2017,-2.794975519180298
Albania,2017,0.37377074360847473
Algeria,2017,-0.919614315032959
Argentina,2017,0.1625421643257141
Armenia,2017,-0.6262111663818359
Australia,2017,0.8760640621185303
Austria,2017,1.0296248197555542
Azerbaijan,2017,-0.7519010305404663
"Bahamas, The",2017,0.9767625331878662
Bahrain,2017,-0.9587462544441223
Barbados,2017,0.9525253176689148
Belarus,2017,-0.05720870569348335
Belgium,2017,0.41760727763175964
Bermuda,2017,0.9814909100532532
Botswana,2017,1.0092958211898804
Brazil,2017,-0.479947566986084
Bulgaria,2017,0.3213796615600586
Burkina Faso,2017,-0.9278858304023743
Burundi,2017,-2.002575159072876
Cameroon,2017,-1.0915050506591797
Canada,2017,1.0896811485290527
Chile,2017,0.40628159046173096
China,2017,-0.23255810141563416
Colombia,2017,-0.7794578075408936
Costa Rica,2017,0.5970072150230408
Croatia,2017,0.6819056868553162
Cuba,2017,0.638511061668396
Cyprus,2017,0.5309741497039795
Denmark,2017,0.8549375534057617
Dominica,2017,1.172776699066162
Dominican Republic,2017,0.1520739048719406
Ecuador,2017,-0.07893207669258118
"Egypt, Arab Rep.",2017,-1.4296458959579468
Eritrea,2017,-0.7334444522857666
Estonia,2017,0.6423707604408264
Ethiopia,2017,-1.6772305965423584
Fiji,2017,0.5853802561759949
Finland,2017,1.0638082027435303
France,2017,0.2657015323638916
Gabon,2017,-0.1058908998966217
Georgia,2017,-0.37521475553512573
Germany,2017,0.5743812918663025
Ghana,2017,0.08203698694705963
Greece,2017,-0.08124404400587082
Grenada,2017,0.9923751950263977
Guatemala,2017,-0.6513654589653015
"Hong Kong SAR, China",2017,0.8182035088539124
Hungary,2017,0.7962005138397217
Iceland,2017,1.3376867771148682
India,2017,-0.7740991115570068
Indonesia,2017,-0.5049387216567993
"Iran, Islamic Rep.",2017,-0.9338288903236389
Ireland,2017,0.9934101104736328
Israel,2017,-0.8949057459831238
Italy,2017,0.29291048645973206
Jamaica,2017,0.29830336570739746
Japan,2017,1.1001280546188354
Jordan,2017,-0.43458667397499084
Kazakhstan,2017,0.024349680170416832
Kenya,2017,-1.1284388303756714
"Korea, Rep.",2017,0.38183072209358215
Kosovo,2017,-0.2444930523633957
Kuwait,2017,-0.051229096949100494
Kyrgyz Republic,2017,-0.3625059127807617
Latvia,2017,0.4529546797275543
Liechtenstein,2017,1.4590848684310913
Lithuania,2017,0.7655659914016724
Malaysia,2017,0.11120963096618652
Mauritius,2017,0.9623655676841736
Mexico,2017,-0.8064197897911072
Moldova,2017,-0.31498920917510986
Mongolia,2017,0.7833722233772278
Montenegro,2017,-0.0625774934887886
Morocco,2017,-0.3780888319015503
Mozambique,2017,-0.918098509311676
Namibia,2017,0.6219063401222229
Netherlands,2017,0.9071236848831177
New Zealand,2017,1.5619460344314575
Niger,2017,-1.2595056295394897
Nigeria,2017,-1.996717929840088
North Macedonia,2017,-0.25888076424598694
Norway,2017,1.1507017612457275
Pakistan,2017,-2.396912097930908
Panama,2017,0.38033416867256165
Paraguay,2017,-0.0028554622549563646
Peru,2017,-0.2635098695755005
Philippines,2017,-1.189291000366211
Poland,2017,0.5097561478614807
Portugal,2017,1.1061697006225586
Puerto Rico,2017,0.48197057843208313
Qatar,2017,0.6479830145835876
Romania,2017,0.048514168709516525
Russian Federation,2017,-0.6427596211433411
Samoa,2017,1.1616343259811401
San Marino,2017,1.3928897380828857
Saudi Arabia,2017,-0.6496257185935974
Serbia,2017,0.08336798846721649
Singapore,2017,1.5991250276565552
Slovak Republic,2017,0.9027314782142639
Slovenia,2017,0.8663654923439026
South Africa,2017,-0.2848036289215088
Spain,2017,0.2708459496498108
Sri Lanka,2017,-0.07544800639152527
St. Lucia,2017,0.974611222743988
Sudan,2017,-1.9715254306793213
Sweden,2017,0.9686030149459839
Switzerland,2017,1.242316484451294
Syrian Arab Republic,2017,-2.612919330596924
Tajikistan,2017,-0.6743108630180359
Thailand,2017,-0.7548794150352478
Togo,2017,-0.8744446635246277
Trinidad and Tobago,2017,0.2692992389202118
Tunisia,2017,-1.02349054813385
Turkmenistan,2017,-0.12882302701473236
Uganda,2017,-0.5699487328529358
Ukraine,2017,-1.867417812347412
United Arab Emirates,2017,0.6019497513771057
United Kingdom,2017,0.38068029284477234
United States,2017,0.262138307094574
Uruguay,2017,1.0400922298431396
Uzbekistan,2017,-0.244978666305542
"Venezuela, RB",2017,-1.2522406578063965
Zambia,2017,0.1420433074235916
Zimbabwe,2017,-0.7104308605194092
Afghanistan,2018,-2.753441333770752
Albania,2018,0.36677926778793335
Algeria,2018,-0.8421077132225037
Argentina,2018,0.006909812334924936
Armenia,2018,-0.45106691122055054
Australia,2018,0.9711854457855225
Austria,2018,0.8848603963851929
Azerbaijan,2018,-0.7113993763923645
"Bahamas, The",2018,0.8477455377578735
Bahrain,2018,-0.8462941646575928
Barbados,2018,0.9006949067115784
Belarus,2018,0.3535926938056946
Belgium,2018,0.39376944303512573
Bermuda,2018,1.1332483291625977
Botswana,2018,0.9584698677062988
Brazil,2018,-0.45959851145744324
Bulgaria,2018,0.44441118836402893
Burkina Faso,2018,-1.0602644681930542
Burundi,2018,-1.5702781677246094
Cameroon,2018,-1.4018014669418335
Canada,2018,0.9639710783958435
Chile,2018,0.41276976466178894
China,2018,-0.29857248067855835
Colombia,2018,-0.8069419860839844
Costa Rica,2018,0.45338600873947144
Croatia,2018,0.7936782836914062
Cuba,2018,0.6406028270721436
Cyprus,2018,0.48454225063323975
Denmark,2018,0.9319823384284973
Dominica,2018,1.0690584182739258
Dominican Republic,2018,0.01230038795620203
Ecuador,2018,-0.09472116827964783
"Egypt, Arab Rep.",2018,-1.1881215572357178
Eritrea,2018,-0.6093606352806091
Estonia,2018,0.5804155468940735
Ethiopia,2018,-1.2746092081069946
Fiji,2018,0.8328825235366821
Finland,2018,0.8918896913528442
France,2018,0.013894104398787022
Gabon,2018,-0.25734084844589233
Georgia,2018,-0.4475628733634949
Germany,2018,0.5778652429580688
Ghana,2018,-0.036643028259277344
Greece,2018,0.15397906303405762
Grenada,2018,0.9688137173652649
Guatemala,2018,-0.5381474494934082
"Hong Kong SAR, China",2018,0.7766282558441162
Hungary,2018,0.7375914454460144
Iceland,2018,1.3948173522949219
India,2018,-0.9977067708969116
Indonesia,2018,-0.5520340204238892
"Iran, Islamic Rep.",2018,-1.3421807289123535
Ireland,2018,1.0113695859909058
Israel,2018,-0.9181002378463745
Italy,2018,0.3262716829776764
Jamaica,2018,0.4239937961101532
Japan,2018,1.0375627279281616
Jordan,2018,-0.37985455989837646
Kazakhstan,2018,-0.05240225791931152
Kenya,2018,-1.1797122955322266
"Korea, Rep.",2018,0.6381237506866455
Kosovo,2018,-0.6753711700439453
Kuwait,2018,0.09064210206270218
Kyrgyz Republic,2018,-0.5297120809555054
Latvia,2018,0.39544400572776794
Liechtenstein,2018,1.453831672668457
Lithuania,2018,0.7292368412017822
Malaysia,2018,0.24811367690563202
Mauritius,2018,0.8595853447914124
Mexico,2018,-0.6738470196723938
Moldova,2018,-0.402167946100235
Mongolia,2018,0.8312602639198303
Montenegro,2018,0.037695564329624176
Morocco,2018,-0.3484927713871002
Mozambique,2018,-0.833229660987854
Namibia,2018,0.6851184964179993
Netherlands,2018,0.8382812738418579
New Zealand,2018,1.5121629238128662
Niger,2018,-1.3582760095596313
Nigeria,2018,-2.097527027130127
North Macedonia,2018,-0.21190592646598816
Norway,2018,1.120848536491394
Pakistan,2018,-2.2540132999420166
Panama,2018,0.25216197967529297
Paraguay,2018,-0.08671107888221741
Peru,2018,-0.27688077092170715
Philippines,2018,-1.0962038040161133
Poland,2018,0.48048868775367737
Portugal,2018,1.1153072118759155
Puerto Rico,2018,0.2737841308116913
Qatar,2018,0.6494487524032593
Romania,2018,0.03631874546408653
Russian Federation,2018,-0.5383309125900269
Samoa,2018,1.133751630783081
San Marino,2018,1.3912485837936401
Saudi Arabia,2018,-0.6609876155853271
Serbia,2018,0.005321071948856115
Singapore,2018,1.4682565927505493
Slovak Republic,2018,0.7366858124732971
Slovenia,2018,0.8942672610282898
South Africa,2018,-0.23754681646823883
Spain,2018,0.2759062349796295
Sri Lanka,2018,-0.13930460810661316
St. Lucia,2018,0.9934627413749695
Sudan,2018,-1.8218629360198975
Sweden,2018,0.9214175939559937
Switzerland,2018,1.3194819688796997
Syrian Arab Republic,2018,-2.7364559173583984
Tajikistan,2018,-0.7477153539657593
Thailand,2018,-0.7994161248207092
Togo,2018,-0.885994553565979
Trinidad and Tobago,2018,0.23073914647102356
Tunisia,2018,-0.8682072758674622
Turkmenistan,2018,-0.012881429865956306
Uganda,2018,-0.7016964554786682
Ukraine,2018,-1.872179388999939
United Arab Emirates,2018,0.6892555952072144
United Kingdom,2018,0.07708556205034256
United States,2018,0.38623908162117004
Uruguay,2018,1.0241460800170898
Uzbekistan,2018,-0.30440109968185425
"Venezuela, RB",2018,-1.3513343334197998
Zambia,2018,0.08263305574655533
Zimbabwe,2018,-0.7210120558738708
Afghanistan,2019,-2.6525397300720215
Albania,2019,0.11010505259037018
Algeria,2019,-1.0558538436889648
Argentina,2019,-0.09782309085130692
Armenia,2019,-0.4200249910354614
Australia,2019,0.9179789423942566
Austria,2019,0.8921890258789062
Azerbaijan,2019,-0.6934114694595337
"Bahamas, The",2019,0.8015685677528381
Bahrain,2019,-0.626829981803894
Barbados,2019,1.0329310894012451
Belarus,2019,0.34497809410095215
Belgium,2019,0.4583953320980072
Bermuda,2019,1.0515190362930298
Botswana,2019,1.0953298807144165
Brazil,2019,-0.714224636554718
Bulgaria,2019,0.5612844228744507
Burkina Faso,2019,-1.3021939992904663
Burundi,2019,-1.625056266784668
Cameroon,2019,-1.5618232488632202
Canada,2019,0.994933545589447
Chile,2019,-0.016121579334139824
China,2019,-0.2597806751728058
Colombia,2019,-0.9794861078262329
Costa Rica,2019,0.43031996488571167
Croatia,2019,0.6855106949806213
Cuba,2019,0.6105005741119385
Cyprus,2019,0.5445982217788696
Denmark,2019,0.9675987362861633
Dominica,2019,1.0299415588378906
Dominican Republic,2019,-0.003112269565463066
Ecuador,2019,-0.23821775615215302
"Egypt, Arab Rep.",2019,-1.1246308088302612
Eritrea,2019,-0.7059687972068787
Estonia,2019,0.6301977634429932
Ethiopia,2019,-1.3037627935409546
Fiji,2019,0.7793349027633667
Finland,2019,0.8352588415145874
France,2019,0.2713412344455719
Gabon,2019,-0.07509861886501312
Georgia,2019,-0.49817195534706116
Germany,2019,0.5485398769378662
Ghana,2019,0.1185268685221672
Greece,2019,0.1624283343553543
Grenada,2019,0.9380796551704407
Guatemala,2019,-0.577340841293335
"Hong Kong SAR, China",2019,-0.22703735530376434
Hungary,2019,0.7619212865829468
Iceland,2019,1.619806170463562
India,2019,-0.7968469858169556
Indonesia,2019,-0.5021430253982544
"Iran, Islamic Rep.",2019,-1.711534023284912
Ireland,2019,0.9594164490699768
Israel,2019,-0.8155680298805237
Italy,2019,0.38111427426338196
Jamaica,2019,0.38830986618995667
Japan,2019,1.0198123455047607
Jordan,2019,-0.27688515186309814
Kazakhstan,2019,-0.16803734004497528
Kenya,2019,-1.1057634353637695
"Korea, Rep.",2019,0.5471979379653931
Kosovo,2019,-0.34861594438552856
Kuwait,2019,0.17517338693141937
Kyrgyz Republic,2019,-0.2655680775642395
Latvia,2019,0.4268704354763031
Liechtenstein,2019,1.5976498126983643
Lithuania,2019,0.7706235647201538
Malaysia,2019,0.14648012816905975
Mauritius,2019,0.8020082116127014
Mexico,2019,-0.8418691754341125
Moldova,2019,-0.3872883915901184
Mongolia,2019,0.6367509365081787
Montenegro,2019,0.05806864798069
Morocco,2019,-0.3458053767681122
Mozambique,2019,-0.7657200694084167
Namibia,2019,0.5288904905319214
Netherlands,2019,0.8213249444961548
New Zealand,2019,1.4169535636901855
Niger,2019,-1.4050064086914062
Nigeria,2019,-1.933154821395874
North Macedonia,2019,0.00814169179648161
Norway,2019,1.142112135887146
Pakistan,2019,-2.2517430782318115
Panama,2019,0.29094579815864563
Paraguay,2019,-0.018012775108218193
Peru,2019,-0.16362261772155762
Philippines,2019,-0.9280606508255005
Poland,2019,0.5507165193557739
Portugal,2019,1.0517518520355225
Puerto Rico,2019,0.1426609456539154
Qatar,2019,0.6843701004981995
Romania,2019,0.5422559976577759
Russian Federation,2019,-0.5510887503623962
Samoa,2019,1.1633777618408203
San Marino,2019,1.2259713411331177
Saudi Arabia,2019,-0.6240473985671997
Serbia,2019,-0.07805154472589493
Singapore,2019,1.4804542064666748
Slovak Republic,2019,0.6673688292503357
Slovenia,2019,0.8015859723091125
South Africa,2019,-0.2832210958003998
Spain,2019,0.2927687466144562
Sri Lanka,2019,-0.21553660929203033
St. Lucia,2019,0.9066039323806763
Sudan,2019,-1.6962658166885376
Sweden,2019,1.0118863582611084
Switzerland,2019,1.310975432395935
Syrian Arab Republic,2019,-2.730469226837158
Tajikistan,2019,-0.5120598673820496
Thailand,2019,-0.491406112909317
Togo,2019,-0.9082576632499695
Trinidad and Tobago,2019,0.08159055560827255
Tunisia,2019,-0.8770847320556641
Turkmenistan,2019,-0.178114116191864
Uganda,2019,-0.6942639350891113
Ukraine,2019,-1.4283761978149414
United Arab Emirates,2019,0.6675384044647217
United Kingdom,2019,0.5266942977905273
United States,2019,0.11829857528209686
Uruguay,2019,1.0282970666885376
Uzbekistan,2019,-0.29663777351379395
"Venezuela, RB",2019,-1.5385196208953857
Zambia,2019,-0.11698965728282928
Zimbabwe,2019,-0.9433025121688843
Afghanistan,2020,-2.702721118927002
Albania,2020,0.08861251920461655
Algeria,2020,-0.8478204011917114
Argentina,2020,-0.07199740409851074
Armenia,2020,-0.7716448903083801
Australia,2020,0.8621618747711182
Austria,2020,0.8876008987426758
Azerbaijan,2020,-0.852253794670105
"Bahamas, The",2020,0.830306887626648
Bahrain,2020,-0.6101046204566956
Barbados,2020,1.1206599473953247
Belarus,2020,-0.887615978717804
Belgium,2020,0.5210785269737244
Bermuda,2020,1.0034422874450684
Botswana,2020,1.0131680965423584
Brazil,2020,-0.4468909204006195
Bulgaria,2020,0.40163102746009827
Burkina Faso,2020,-1.5379784107208252
Burundi,2020,-1.5423520803451538
Cameroon,2020,-1.5136797428131104
Canada,2020,1.013182282447815
Chile,2020,0.044044505804777145
China,2020,-0.474127858877182
Colombia,2020,-0.7011500597000122
Costa Rica,2020,0.7468180656433105
Croatia,2020,0.6072832345962524
Cuba,2020,0.5961467623710632
Cyprus,2020,0.2887776494026184
Denmark,2020,0.9202337265014648
Dominica,2020,1.317089557647705
Dominican Republic,2020,0.1649812012910843
Ecuador,2020,-0.27024322748184204
"Egypt, Arab Rep.",2020,-1.181932806968689
Eritrea,2020,-0.992741048336029
Estonia,2020,0.7098169922828674
Ethiopia,2020,-1.753702998161316
Fiji,2020,0.662797212600708
Finland,2020,0.9818251132965088
France,2020,0.2809928357601166
Gabon,2020,-0.06577281653881073
Georgia,2020,-0.42961063981056213
Germany,2020,0.6450491547584534
Ghana,2020,0.16990190744400024
Greece,2020,0.11518152803182602
Grenada,2020,1.0326236486434937
Guatemala,2020,-0.41582930088043213
"Hong Kong SAR, China",2020,0.05660666897892952
Hungary,2020,0.8370468616485596
Iceland,2020,1.375031590461731
India,2020,-0.8414192199707031
Indonesia,2020,-0.46231138706207275
"Iran, Islamic Rep.",2020,-1.6992063522338867
Ireland,2020,0.9655215740203857
Israel,2020,-0.8878185153007507
Italy,2020,0.39934539794921875
Jamaica,2020,0.2586821913719177
Japan,2020,1.0261452198028564
Jordan,2020,-0.2684018313884735
Kazakhstan,2020,-0.2575668394565582
Kenya,2020,-1.0072400569915771
"Korea, Rep.",2020,0.6083378791809082
Kosovo,2020,-0.27922073006629944
Kuwait,2020,0.22523225843906403
Kyrgyz Republic,2020,-0.4557925760746002
Latvia,2020,0.4621817469596863
Liechtenstein,2020,1.6692181825637817
Lithuania,2020,0.9214769601821899
Malaysia,2020,0.12586469948291779
Mauritius,2020,0.8730455040931702
Mexico,2020,-0.7914557456970215
Moldova,2020,-0.34011128544807434
Mongolia,2020,0.7178365588188171
Montenegro,2020,-0.06119713932275772
Morocco,2020,-0.3595232367515564
Mozambique,2020,-1.28312349319458
Namibia,2020,0.5124315619468689
Netherlands,2020,0.8309333920478821
New Zealand,2020,1.4683537483215332
Niger,2020,-1.6672077178955078
Nigeria,2020,-1.8920146226882935
North Macedonia,2020,0.1120605394244194
Norway,2020,1.2216057777404785
Pakistan,2020,-1.7926949262619019
Panama,2020,0.23550337553024292
Paraguay,2020,0.01671776734292507
Peru,2020,-0.3577229380607605
Philippines,2020,-0.7787042856216431
Poland,2020,0.4916194975376129
Portugal,2020,1.0087311267852783
Puerto Rico,2020,0.43535497784614563
Qatar,2020,0.6696060299873352
Romania,2020,0.508950412273407
Russian Federation,2020,-0.6674073934555054
Samoa,2020,1.1478220224380493
San Marino,2020,1.177310585975647
Saudi Arabia,2020,-0.6506378054618835
Serbia,2020,-0.17075441777706146
Singapore,2020,1.4385110139846802
Slovak Republic,2020,0.6339817047119141
Slovenia,2020,0.7014679312705994
South Africa,2020,-0.2528672218322754
Spain,2020,0.4114484488964081
Sri Lanka,2020,-0.08912885189056396
St. Lucia,2020,0.8647311329841614
Sudan,2020,-1.6571065187454224
Sweden,2020,0.9973767995834351
Switzerland,2020,1.1762402057647705
Syrian Arab Republic,2020,-2.7118477821350098
Tajikistan,2020,-0.5000745058059692
Thailand,2020,-0.5782704949378967
Togo,2020,-0.8906980752944946
Trinidad and Tobago,2020,0.11041408777236938
Tunisia,2020,-0.5943257808685303
Turkmenistan,2020,-0.20164081454277039
Uganda,2020,-0.8110389113426208
Ukraine,2020,-1.1639364957809448
United Arab Emirates,2020,0.5926053524017334
United Kingdom,2020,0.48305025696754456
United States,2020,-0.027899732813239098
Uruguay,2020,1.054964303970337
Uzbekistan,2020,-0.4366980493068695
"Venezuela, RB",2020,-1.5518428087234497
Zambia,2020,-0.13097919523715973
Zimbabwe,2020,-1.0527434349060059
Afghanistan,2021,-2.5186760425567627
Albania,2021,0.196371927857399
Algeria,2021,-0.9924571514129639
Argentina,2021,0.000530058634467423
Armenia,2021,-0.8040410280227661
Australia,2021,0.8350791335105896
Austria,2021,0.899554431438446
Azerbaijan,2021,-0.8378235697746277
"Bahamas, The",2021,0.8509685397148132
Bahrain,2021,-0.5247611999511719
Barbados,2021,1.1185704469680786
Belarus,2021,-0.7542455792427063
Belgium,2021,0.6626825928688049
Bermuda,2021,1.0025403499603271
Botswana,2021,1.0414071083068848
Brazil,2021,-0.4198797643184662
Bulgaria,2021,0.3647393584251404
Burkina Faso,2021,-1.642943263053894
Burundi,2021,-1.2583993673324585
Cameroon,2021,-1.3940887451171875
Canada,2021,0.9623369574546814
Chile,2021,0.16142718493938446
China,2021,-0.5164628624916077
Colombia,2021,-0.9545743465423584
Costa Rica,2021,0.8604225516319275
Croatia,2021,0.6215956807136536
Cuba,2021,0.39279600977897644
Cyprus,2021,0.4221506714820862
Denmark,2021,0.9286626577377319
Dominica,2021,1.3341306447982788
Dominican Republic,2021,0.287386029958725
Ecuador,2021,-0.2573873698711395
"Egypt, Arab Rep.",2021,-1.0328643321990967
Eritrea,2021,-1.0556821823120117
Estonia,2021,0.7485895156860352
Ethiopia,2021,-2.183831214904785
Fiji,2021,0.7251068949699402
Finland,2021,0.9632759690284729
France,2021,0.3256123661994934
Gabon,2021,-0.07571732252836227
Georgia,2021,-0.42962023615837097
Germany,2021,0.7257881760597229
Ghana,2021,0.06585245579481125
Greece,2021,0.1013832688331604
Grenada,2021,1.0403109788894653
Guatemala,2021,-0.39551791548728943
"Hong Kong SAR, China",2021,0.26393407583236694
Hungary,2021,0.7985912561416626
Iceland,2021,1.3723533153533936
India,2021,-0.6910767555236816
Indonesia,2021,-0.5314491987228394
"Iran, Islamic Rep.",2021,-1.5844532251358032
Ireland,2021,0.8436626195907593
Israel,2021,-1.122313141822815
Italy,2021,0.5505209565162659
Jamaica,2021,0.2179943323135376
Japan,2021,1.0155017375946045
Jordan,2021,-0.31256645917892456
Kazakhstan,2021,-0.23223072290420532
Kenya,2021,-1.0324374437332153
"Korea, Rep.",2021,0.6290457248687744
Kosovo,2021,-0.1135728657245636
Kuwait,2021,0.263065904378891
Kyrgyz Republic,2021,-0.4664672315120697
Latvia,2021,0.6734402179718018
Liechtenstein,2021,1.5956846475601196
Lithuania,2021,0.809846818447113
Malaysia,2021,0.05955654755234718
Mauritius,2021,0.8325955867767334
Mexico,2021,-0.6876158714294434
Moldova,2021,-0.20529724657535553
Mongolia,2021,0.7059187889099121
Montenegro,2021,-0.052444636821746826
Morocco,2021,-0.40256267786026
Mozambique,2021,-1.2570362091064453
Namibia,2021,0.5187892913818359
Netherlands,2021,0.8930591940879822
New Zealand,2021,1.3944965600967407
Niger,2021,-1.5385499000549316
Nigeria,2021,-1.7873846292495728
North Macedonia,2021,0.062484078109264374
Norway,2021,1.0886263847351074
Pakistan,2021,-1.7137354612350464
Panama,2021,0.3072070777416229
Paraguay,2021,-0.0009379322873428464
Peru,2021,-0.3552529513835907
Philippines,2021,-0.984022319316864
Poland,2021,0.49190354347229004
Portugal,2021,0.937390148639679
Puerto Rico,2021,0.48809120059013367
Qatar,2021,0.8333917260169983
Romania,2021,0.5817899107933044
Russian Federation,2021,-0.7078983187675476
Samoa,2021,1.1079707145690918
San Marino,2021,1.1726552248001099
Saudi Arabia,2021,-0.5923553705215454
Serbia,2021,-0.08521146327257156
Singapore,2021,1.4425054788589478
Slovak Republic,2021,0.6179190278053284
Slovenia,2021,0.7555853724479675
South Africa,2021,-0.7509814500808716
Spain,2021,0.5092355608940125
Sri Lanka,2021,-0.37677302956581116
St. Lucia,2021,0.8320148587226868
Sudan,2021,-1.9876741170883179
Sweden,2021,1.0145080089569092
Switzerland,2021,1.1153756380081177
Syrian Arab Republic,2021,-2.6596500873565674
Tajikistan,2021,-0.676811933517456
Thailand,2021,-0.5687798857688904
Togo,2021,-0.6957069635391235
Trinidad and Tobago,2021,0.23911073803901672
Tunisia,2021,-0.75655198097229
Turkmenistan,2021,-0.33197659254074097
Uganda,2021,-0.9377586841583252
Ukraine,2021,-1.1269840002059937
United Arab Emirates,2021,0.5975721478462219
United Kingdom,2021,0.4899941384792328
United States,2021,-0.01442465279251337
Uruguay,2021,1.0459717512130737
Uzbekistan,2021,-0.25293323397636414
"Venezuela, RB",2021,-1.4549702405929565
Zambia,2021,0.05241379514336586
Zimbabwe,2021,-0.9544427394866943
Afghanistan,2022,-2.5449559688568115
Albania,2022,0.10626131296157837
Algeria,2022,-0.6506523489952087
Argentina,2022,-0.09859433025121689
Armenia,2022,-0.7407562732696533
Australia,2022,0.9837159514427185
Austria,2022,0.6487100124359131
Azerbaijan,2022,-0.9228072762489319
"Bahamas, The",2022,0.8812392354011536
Bahrain,2022,-0.36290544271469116
Barbados,2022,1.1446454524993896
Belarus,2022,-0.8020966053009033
Belgium,2022,0.5819815993309021
Bermuda,2022,1.0240437984466553
Botswana,2022,1.0739837884902954
Brazil,2022,-0.3950369358062744
Bulgaria,2022,0.3134286403656006
Burkina Faso,2022,-1.8153693675994873
Burundi,2022,-1.192446231842041
Cameroon,2022,-1.3796292543411255
Canada,2022,0.7806815505027771
Chile,2022,0.13208432495594025
China,2022,-0.4512767195701599
Colombia,2022,-0.6299583315849304
Costa Rica,2022,0.9565964341163635
Croatia,2022,0.6725632548332214
Cuba,2022,0.491417795419693
Cyprus,2022,0.4238112270832062
Denmark,2022,0.86891770362854
Dominica,2022,1.308010458946228
Dominican Republic,2022,0.24928763508796692
Ecuador,2022,-0.3712243139743805
"Egypt, Arab Rep.",2022,-0.978700578212738
Eritrea,2022,-0.9571950435638428
Estonia,2022,0.7278808951377869
Ethiopia,2022,-2.070606231689453
Fiji,2022,0.748508632183075
Finland,2022,0.8948301076889038
France,2022,0.39333921670913696
Gabon,2022,0.060369402170181274
Georgia,2022,-0.43653005361557007
Germany,2022,0.6284918785095215
Ghana,2022,-0.1950247883796692
Greece,2022,0.10646377503871918
Grenada,2022,1.033623218536377
Guatemala,2022,-0.26285088062286377
"Hong Kong SAR, China",2022,0.5749272108078003
Hungary,2022,0.6786763072013855
Iceland,2022,1.2496992349624634
India,2022,-0.6150273680686951
Indonesia,2022,-0.5538942217826843
"Iran, Islamic Rep.",2022,-1.6256123781204224
Ireland,2022,0.8846673965454102
Israel,2022,-1.228965401649475
Italy,2022,0.4662982225418091
Jamaica,2022,0.3642427921295166
Japan,2022,1.0326372385025024
Jordan,2022,-0.2344309538602829
Kazakhstan,2022,-0.46835383772850037
Kenya,2022,-0.9472808837890625
"Korea, Rep.",2022,0.5799767374992371
Kosovo,2022,-0.19884523749351501
Kuwait,2022,0.29189202189445496
Kyrgyz Republic,2022,-0.471610426902771
Latvia,2022,0.48640912771224976
Liechtenstein,2022,1.642753005027771
Lithuania,2022,0.6530325412750244
Malaysia,2022,0.16311781108379364
Mauritius,2022,0.8300235867500305
Mexico,2022,-0.6892681121826172
Moldova,2022,-0.6590701937675476
Mongolia,2022,0.5299543738365173
Montenegro,2022,-0.1408814787864685
Morocco,2022,-0.3621191382408142
Mozambique,2022,-1.265608310699463
Namibia,2022,0.5598857402801514
Netherlands,2022,0.7267995476722717
New Zealand,2022,1.321169137954712
Niger,2022,-1.4643923044204712
Nigeria,2022,-1.77890145778656
North Macedonia,2022,0.18083928525447845
Norway,2022,0.8612392544746399
Pakistan,2022,-1.8398263454437256
Panama,2022,0.28922122716903687
Paraguay,2022,0.035549312829971313
Peru,2022,-0.487095445394516
Philippines,2022,-0.6552685499191284
Poland,2022,0.5051464438438416
Portugal,2022,0.7958025932312012
Puerto Rico,2022,0.542631983757019
Qatar,2022,0.9602493047714233
Romania,2022,0.4311363101005554
Russian Federation,2022,-1.0059967041015625
Samoa,2022,1.0965520143508911
San Marino,2022,1.1870324611663818
Saudi Arabia,2022,-0.35580629110336304
Serbia,2022,-0.17406946420669556
Singapore,2022,1.440372347831726
Slovak Republic,2022,0.4453357458114624
Slovenia,2022,0.7093350887298584
South Africa,2022,-0.6813863515853882
Spain,2022,0.31884342432022095
Sri Lanka,2022,-0.8043068051338196
St. Lucia,2022,1.033623218536377
Sudan,2022,-2.0769202709198
Sweden,2022,0.910905122756958
Switzerland,2022,1.1597453355789185
Syrian Arab Republic,2022,-2.7768983840942383
Tajikistan,2022,-0.7409991025924683
Thailand,2022,-0.3933393061161041
Togo,2022,-0.7880516052246094
Trinidad and Tobago,2022,0.3484237492084503
Tunisia,2022,-0.5945590734481812
Turkmenistan,2022,-0.11025793850421906
Uganda,2022,-0.7110158205032349
Ukraine,2022,-1.949324607849121
United Arab Emirates,2022,0.7441833019256592
United Kingdom,2022,0.533176064491272
United States,2022,0.008700686506927013
Uruguay,2022,1.0858296155929565
Uzbekistan,2022,-0.20133601129055023
"Venezuela, RB",2022,-1.250806450843811
Zambia,2022,0.1613318771123886
Zimbabwe,2022,-0.8949741125106812
Afghanistan,2023,-2.4840805530548096
Albania,2023,0.18334896862506866
Algeria,2023,-0.5778852701187134
Argentina,2023,-0.1275179088115692
Armenia,2023,-0.8292782306671143
Australia,2023,0.91705721616745
Austria,2023,0.7279891967773438
Azerbaijan,2023,-0.7307538986206055
"Bahamas, The",2023,1.0085623264312744
Bahrain,2023,-0.37396758794784546
Barbados,2023,1.1871285438537598
Belarus,2023,-0.7293656468391418
Belgium,2023,0.40385308861732483
Bermuda,2023,1.0204062461853027
Botswana,2023,1.0384399890899658
Brazil,2023,-0.40856778621673584
Bulgaria,2023,0.3418614864349365
Burkina Faso,2023,-2.035231590270996
Burundi,2023,-1.1724029779434204
Cameroon,2023,-1.4004364013671875
Canada,2023,0.8224205374717712
Chile,2023,0.13615994155406952
China,2023,-0.5130970478057861
Colombia,2023,-0.7173132300376892
Costa Rica,2023,0.9841868281364441
Croatia,2023,0.5977120399475098
Cuba,2023,0.38421595096588135
Cyprus,2023,0.40962716937065125
Denmark,2023,0.8508479595184326
Dominica,2023,1.285264253616333
Dominican Republic,2023,0.23901401460170746
Ecuador,2023,-0.33813998103141785
"Egypt, Arab Rep.",2023,-0.8667643070220947
Eritrea,2023,-0.7927677631378174
Estonia,2023,0.6605339050292969
Ethiopia,2023,-1.9695677757263184
Fiji,2023,0.7443434596061707
Finland,2023,0.7139866948127747
France,2023,0.3436979651451111
Gabon,2023,-0.33552730083465576
Georgia,2023,-0.3355541229248047
Germany,2023,0.5869892835617065
Ghana,2023,-0.021620703861117363
Greece,2023,0.23974406719207764
Grenada,2023,1.018019199371338
Guatemala,2023,-0.244364932179451
"Hong Kong SAR, China",2023,0.6730605363845825
Hungary,2023,0.7318918108940125
Iceland,2023,1.214403748512268
India,2023,-0.6350769400596619
Indonesia,2023,-0.4043753147125244
"Iran, Islamic Rep.",2023,-1.6941009759902954
Ireland,2023,0.9019115567207336
Israel,2023,-1.4648483991622925
Italy,2023,0.5833207368850708
Jamaica,2023,0.3848373293876648
Japan,2023,0.9511362314224243
Jordan,2023,-0.20273420214653015
Kazakhstan,2023,-0.2733460068702698
Kenya,2023,-0.9377719163894653
"Korea, Rep.",2023,0.6098347306251526
Kosovo,2023,-0.32251161336898804
Kuwait,2023,0.4081791937351227
Kyrgyz Republic,2023,-0.4812197685241699
Latvia,2023,0.591089129447937
Liechtenstein,2023,1.6127581596374512
Lithuania,2023,0.7421115040779114
Malaysia,2023,0.1685146987438202
Mauritius,2023,0.7754188179969788
Mexico,2023,-0.6307610273361206
Moldova,2023,-0.6836996078491211
Mongolia,2023,0.5926697850227356
Montenegro,2023,0.06930229067802429
Morocco,2023,-0.3677612245082855
Mozambique,2023,-1.2686913013458252
Namibia,2023,0.5447772145271301
Netherlands,2023,0.6582819819450378
New Zealand,2023,1.358569622039795
Niger,2023,-1.668859601020813
Nigeria,2023,-1.7684383392333984
North Macedonia,2023,0.1703065037727356
Norway,2023,0.8928574323654175
Pakistan,2023,-1.932730793952942
Panama,2023,0.2131018489599228
Paraguay,2023,0.08204162865877151
Peru,2023,-0.52178555727005
Philippines,2023,-0.5660504698753357
Poland,2023,0.5595845580101013
Portugal,2023,0.7125781178474426
Puerto Rico,2023,0.5102109909057617
Qatar,2023,0.993381142616272
Romania,2023,0.3736439645290375
Russian Federation,2023,-1.134333848953247
Samoa,2023,1.0981884002685547
San Marino,2023,1.1849790811538696
Saudi Arabia,2023,-0.21322453022003174
Serbia,2023,-0.03910970687866211
Singapore,2023,1.4242042303085327
Slovak Republic,2023,0.5732192993164062
Slovenia,2023,0.8186328411102295
South Africa,2023,-0.6656420230865479
Spain,2023,0.287291556596756
Sri Lanka,2023,-0.5085412859916687
St. Lucia,2023,1.018019199371338
Sudan,2023,-2.4669389724731445
Sweden,2023,0.758365273475647
Switzerland,2023,1.0714439153671265
Syrian Arab Republic,2023,-2.7506067752838135
Tajikistan,2023,-0.47282150387763977
Thailand,2023,-0.28030288219451904
Togo,2023,-0.9541951417922974
Trinidad and Tobago,2023,0.4013623893260956
Tunisia,2023,-0.6309511065483093
Turkmenistan,2023,-0.1114245355129242
Uganda,2023,-0.6955060958862305
Ukraine,2023,-1.429823398590088
United Arab Emirates,2023,0.6775309443473816
United Kingdom,2023,0.5149356722831726
United States,2023,0.029424749314785004
Uruguay,2023,0.9648871421813965
Uzbekistan,2023,-0.15460996329784393
"Venezuela, RB",2023,-1.189028024673462
Zambia,2023,0.20172728598117828
Zimbabwe,2023,-0.9344474673271179
