Country,Year,Population
Afghanistan,2000,20130327.0
Afghanistan,2001,20284307.0
Afghanistan,2002,21378117.0
Afghanistan,2003,22733049.0
Afghanistan,2004,23560654.0
Afghanistan,2005,24404567.0
Afghanistan,2006,25424094.0
Afghanistan,2007,25909852.0
Afghanistan,2008,26482622.0
Afghanistan,2009,27466101.0
Afghanistan,2010,28284089.0
Afghanistan,2011,29347708.0
Afghanistan,2012,30560034.0
Afghanistan,2013,31622704.0
Afghanistan,2014,32792523.0
Afghanistan,2015,33831764.0
Afghanistan,2016,34700612.0
Afghanistan,2017,35688935.0
Afghanistan,2018,36743039.0
Afghanistan,2019,37856121.0
Afghanistan,2020,39068979.0
Afghanistan,2021,40000412.0
Afghanistan,2022,40578842.0
Afghanistan,2023,41454761.0
Albania,2000,3089027.0
Albania,2001,3060173.0
Albania,2002,3051010.0
Albania,2003,3039616.0
Albania,2004,3026939.0
Albania,2005,3011487.0
Albania,2006,2992547.0
Albania,2007,2970017.0
Albania,2008,2947314.0
Albania,2009,2927519.0
Albania,2010,2913021.0
Albania,2011,2905195.0
Albania,2012,2900401.0
Albania,2013,2895092.0
Albania,2014,2889104.0
Albania,2015,2880703.0
Albania,2016,2876101.0
Albania,2017,2873457.0
Albania,2018,2866376.0
Albania,2019,2854191.0
Albania,2020,2837849.0
Albania,2021,2811666.0
Albania,2022,2777689.0
Albania,2023,2745972.0
Algeria,2000,30903893.0
Algeria,2001,31331221.0
Algeria,2002,31750835.0
Algeria,2003,32175818.0
Algeria,2004,32628286.0
Algeria,2005,33109249.0
Algeria,2006,33623506.0
Algeria,2007,34189416.0
Algeria,2008,34816961.0
Algeria,2009,35490445.0
Algeria,2010,36188236.0
Algeria,2011,36903376.0
Algeria,2012,37646166.0
Algeria,2013,38414171.0
Algeria,2014,39205031.0
Algeria,2015,40019529.0
Algeria,2016,40850721.0
Algeria,2017,41689299.0
Algeria,2018,42505035.0
Algeria,2019,43294546.0
Algeria,2020,44042091.0
Algeria,2021,44761099.0
Algeria,2022,45477389.0
Algeria,2023,46164219.0
Argentina,2000,37213984.0
Argentina,2001,37624825.0
Argentina,2002,38029349.0
Argentina,2003,38424282.0
Argentina,2004,38815916.0
Argentina,2005,39216789.0
Argentina,2006,39622115.0
Argentina,2007,40016763.0
Argentina,2008,40424148.0
Argentina,2009,40854831.0
Argentina,2010,41288694.0
Argentina,2011,41730660.0
Argentina,2012,42161721.0
Argentina,2013,42582455.0
Argentina,2014,43024071.0
Argentina,2015,43477012.0
Argentina,2016,43900313.0
Argentina,2017,44288894.0
Argentina,2018,44654882.0
Argentina,2019,44973465.0
Argentina,2020,45191965.0
Argentina,2021,45312281.0
Argentina,2022,45407904.0
Argentina,2023,45538401.0
Armenia,2000,3221100.0
Armenia,2001,3211800.0
Armenia,2002,3199800.0
Armenia,2003,3182500.0
Armenia,2004,3164900.0
Armenia,2005,3146400.0
Armenia,2006,3127100.0
Armenia,2007,3107400.0
Armenia,2008,3087100.0
Armenia,2009,3066000.0
Armenia,2010,3044800.0
Armenia,2011,3027900.0
Armenia,2012,3024100.0
Armenia,2013,3022000.0
Armenia,2014,3013800.0
Armenia,2015,3004600.0
Armenia,2016,2992300.0
Armenia,2017,2979400.0
Armenia,2018,2969000.0
Armenia,2019,2962500.0
Armenia,2020,2961500.0
Armenia,2021,2962300.0
Armenia,2022,2969200.0
Armenia,2023,2990900.0
Australia,2000,19028802.0
Australia,2001,19274701.0
Australia,2002,19495210.0
Australia,2003,19720737.0
Australia,2004,19932722.0
Australia,2005,20176844.0
Australia,2006,20450966.0
Australia,2007,20827622.0
Australia,2008,21249199.0
Australia,2009,21691653.0
Australia,2010,22031750.0
Australia,2011,22340024.0
Australia,2012,22733465.0
Australia,2013,23128129.0
Australia,2014,23475686.0
Australia,2015,23815995.0
Australia,2016,24190907.0
Australia,2017,24592588.0
Australia,2018,24963258.0
Australia,2019,25334826.0
Australia,2020,25649248.0
Australia,2021,25685412.0
Australia,2022,26014399.0
Australia,2023,26658948.0
Austria,2000,8011566.0
Austria,2001,8042293.0
Austria,2002,8081957.0
Austria,2003,8121423.0
Austria,2004,8171966.0
Austria,2005,8227829.0
Austria,2006,8268641.0
Austria,2007,8295487.0
Austria,2008,8321496.0
Austria,2009,8343323.0
Austria,2010,8363404.0
Austria,2011,8391643.0
Austria,2012,8429991.0
Austria,2013,8479823.0
Austria,2014,8546356.0
Austria,2015,8642699.0
Austria,2016,8736668.0
Austria,2017,8797566.0
Austria,2018,8840521.0
Austria,2019,8879920.0
Austria,2020,8916864.0
Austria,2021,8955797.0
Austria,2022,9041851.0
Austria,2023,9131761.0
Azerbaijan,2000,8048600.0
Azerbaijan,2001,8111200.0
Azerbaijan,2002,8171950.0
Azerbaijan,2003,8234100.0
Azerbaijan,2004,8306500.0
Azerbaijan,2005,8391850.0
Azerbaijan,2006,8484550.0
Azerbaijan,2007,8581300.0
Azerbaijan,2008,8763400.0
Azerbaijan,2009,8947243.0
Azerbaijan,2010,9054332.0
Azerbaijan,2011,9173082.0
Azerbaijan,2012,9295784.0
Azerbaijan,2013,9416801.0
Azerbaijan,2014,9535079.0
Azerbaijan,2015,9649341.0
Azerbaijan,2016,9757812.0
Azerbaijan,2017,9854033.0
Azerbaijan,2018,9939771.0
Azerbaijan,2019,10024283.0
Azerbaijan,2020,10093121.0
Azerbaijan,2021,10137750.0
Azerbaijan,2022,10141756.0
Azerbaijan,2023,10153958.0
"Bahamas, The",2000,323835.0
"Bahamas, The",2001,327836.0
"Bahamas, The",2002,331614.0
"Bahamas, The",2003,335618.0
"Bahamas, The",2004,339782.0
"Bahamas, The",2005,343894.0
"Bahamas, The",2006,348375.0
"Bahamas, The",2007,353334.0
"Bahamas, The",2008,358120.0
"Bahamas, The",2009,362810.0
"Bahamas, The",2010,367478.0
"Bahamas, The",2011,371729.0
"Bahamas, The",2012,375469.0
"Bahamas, The",2013,378953.0
"Bahamas, The",2014,382298.0
"Bahamas, The",2015,385346.0
"Bahamas, The",2016,388055.0
"Bahamas, The",2017,390485.0
"Bahamas, The",2018,392717.0
"Bahamas, The",2019,394675.0
"Bahamas, The",2020,395863.0
"Bahamas, The",2021,396373.0
"Bahamas, The",2022,397538.0
"Bahamas, The",2023,399440.0
Bahrain,2000,637582.0
Bahrain,2001,661316.0
Bahrain,2002,710553.0
Bahrain,2003,764517.0
Bahrain,2004,823741.0
Bahrain,2005,888822.0
Bahrain,2006,960424.0
Bahrain,2007,1039295.0
Bahrain,2008,1103496.0
Bahrain,2009,1178415.0
Bahrain,2010,1228543.0
Bahrain,2011,1195020.0
Bahrain,2012,1208964.0
Bahrain,2013,1253191.0
Bahrain,2014,1314562.0
Bahrain,2015,1370322.0
Bahrain,2016,1423726.0
Bahrain,2017,1501116.0
Bahrain,2018,1503091.0
Bahrain,2019,1483756.0
Bahrain,2020,1472204.0
Bahrain,2021,1504365.0
Bahrain,2022,1524693.0
Bahrain,2023,1577059.0
Barbados,2000,262063.0
Barbados,2001,262425.0
Barbados,2002,264148.0
Barbados,2003,265776.0
Barbados,2004,267298.0
Barbados,2005,268706.0
Barbados,2006,270002.0
Barbados,2007,271288.0
Barbados,2008,272714.0
Barbados,2009,274123.0
Barbados,2010,275243.0
Barbados,2011,276139.0
Barbados,2012,276938.0
Barbados,2013,277665.0
Barbados,2014,278348.0
Barbados,2015,278990.0
Barbados,2016,279598.0
Barbados,2017,280171.0
Barbados,2018,280711.0
Barbados,2019,281207.0
Barbados,2020,281698.0
Barbados,2021,282147.0
Barbados,2022,282318.0
Barbados,2023,282336.0
Belarus,2000,9979610.0
Belarus,2001,9928549.0
Belarus,2002,9865548.0
Belarus,2003,9796749.0
Belarus,2004,9730146.0
Belarus,2005,9663915.0
Belarus,2006,9604924.0
Belarus,2007,9560953.0
Belarus,2008,9527985.0
Belarus,2009,9504583.0
Belarus,2010,9483836.0
Belarus,2011,9461643.0
Belarus,2012,9446836.0
Belarus,2013,9443211.0
Belarus,2014,9448515.0
Belarus,2015,9461076.0
Belarus,2016,9469379.0
Belarus,2017,9458989.0
Belarus,2018,9438785.0
Belarus,2019,9419758.0
Belarus,2020,9379952.0
Belarus,2021,9302585.0
Belarus,2022,9228071.0
Belarus,2023,9178298.0
Belgium,2000,10251250.0
Belgium,2001,10286570.0
Belgium,2002,10332785.0
Belgium,2003,10376133.0
Belgium,2004,10421137.0
Belgium,2005,10478617.0
Belgium,2006,10547958.0
Belgium,2007,10625700.0
Belgium,2008,10709973.0
Belgium,2009,10796493.0
Belgium,2010,10895586.0
Belgium,2011,11038264.0
Belgium,2012,11106932.0
Belgium,2013,11159407.0
Belgium,2014,11209057.0
Belgium,2015,11274196.0
Belgium,2016,11331422.0
Belgium,2017,11375158.0
Belgium,2018,11427054.0
Belgium,2019,11488980.0
Belgium,2020,11538604.0
Belgium,2021,11586195.0
Belgium,2022,11680210.0
Belgium,2023,11787423.0
Bermuda,2000,61550.0
Bermuda,2001,61867.0
Bermuda,2002,62142.0
Bermuda,2003,62386.0
Bermuda,2004,62555.0
Bermuda,2005,62711.0
Bermuda,2006,62834.0
Bermuda,2007,63010.0
Bermuda,2008,63300.0
Bermuda,2009,63565.0
Bermuda,2010,63725.0
Bermuda,2011,63733.0
Bermuda,2012,63646.0
Bermuda,2013,63574.0
Bermuda,2014,63529.0
Bermuda,2015,63464.0
Bermuda,2016,63449.0
Bermuda,2017,63578.0
Bermuda,2018,63831.0
Bermuda,2019,64107.0
Bermuda,2020,64382.0
Bermuda,2021,64648.0
Bermuda,2022,64749.0
Bermuda,2023,64698.0
Botswana,2000,1677382.0
Botswana,2001,1712254.0
Botswana,2002,1744763.0
Botswana,2003,1775736.0
Botswana,2004,1807146.0
Botswana,2005,1839877.0
Botswana,2006,1874516.0
Botswana,2007,1911201.0
Botswana,2008,1949970.0
Botswana,2009,1990673.0
Botswana,2010,2033111.0
Botswana,2011,2073535.0
Botswana,2012,2108617.0
Botswana,2013,2140682.0
Botswana,2014,2172044.0
Botswana,2015,2203273.0
Botswana,2016,2234776.0
Botswana,2017,2266747.0
Botswana,2018,2299141.0
Botswana,2019,2332083.0
Botswana,2020,2365894.0
Botswana,2021,2401441.0
Botswana,2022,2439892.0
Botswana,2023,2480244.0
Brazil,2000,174018282.0
Brazil,2001,176301203.0
Brazil,2002,178503484.0
Brazil,2003,180622688.0
Brazil,2004,182675143.0
Brazil,2005,184688101.0
Brazil,2006,186653106.0
Brazil,2007,188552320.0
Brazil,2008,190367302.0
Brazil,2009,192079951.0
Brazil,2010,193701929.0
Brazil,2011,195284734.0
Brazil,2012,196876111.0
Brazil,2013,198478299.0
Brazil,2014,200085127.0
Brazil,2015,201675532.0
Brazil,2016,203218114.0
Brazil,2017,204703445.0
Brazil,2018,206107261.0
Brazil,2019,207455459.0
Brazil,2020,208660842.0
Brazil,2021,209550294.0
Brazil,2022,210306415.0
Brazil,2023,211140729.0
Bulgaria,2000,8170172.0
Bulgaria,2001,8009142.0
Bulgaria,2002,7837161.0
Bulgaria,2003,7775327.0
Bulgaria,2004,7716860.0
Bulgaria,2005,7658972.0
Bulgaria,2006,7601022.0
Bulgaria,2007,7545338.0
Bulgaria,2008,7492561.0
Bulgaria,2009,7444443.0
Bulgaria,2010,7395599.0
Bulgaria,2011,7348328.0
Bulgaria,2012,7305888.0
Bulgaria,2013,7265115.0
Bulgaria,2014,7223938.0
Bulgaria,2015,7177991.0
Bulgaria,2016,7127822.0
Bulgaria,2017,7075947.0
Bulgaria,2018,7025037.0
Bulgaria,2019,6975761.0
Bulgaria,2020,6934015.0
Bulgaria,2021,6877743.0
Bulgaria,2022,6643324.0
Bulgaria,2023,6446596.0
Burkina Faso,2000,11925546.0
Burkina Faso,2001,12295001.0
Burkina Faso,2002,12680897.0
Burkina Faso,2003,13082532.0
Burkina Faso,2004,13500533.0
Burkina Faso,2005,13932123.0
Burkina Faso,2006,14373707.0
Burkina Faso,2007,14816307.0
Burkina Faso,2008,15258093.0
Burkina Faso,2009,15710066.0
Burkina Faso,2010,16176498.0
Burkina Faso,2011,16661908.0
Burkina Faso,2012,17172287.0
Burkina Faso,2013,17695409.0
Burkina Faso,2014,18229461.0
Burkina Faso,2015,18777487.0
Burkina Faso,2016,19334856.0
Burkina Faso,2017,19894407.0
Burkina Faso,2018,20438288.0
Burkina Faso,2019,20961952.0
Burkina Faso,2020,21478690.0
Burkina Faso,2021,21995243.0
Burkina Faso,2022,22509038.0
Burkina Faso,2023,23025776.0
Burundi,2000,6470194.0
Burundi,2001,6634365.0
Burundi,2002,6824132.0
Burundi,2003,7043154.0
Burundi,2004,7310656.0
Burundi,2005,7587299.0
Burundi,2006,7865547.0
Burundi,2007,8161874.0
Burundi,2008,8505637.0
Burundi,2009,8947646.0
Burundi,2010,9376444.0
Burundi,2011,9717978.0
Burundi,2012,10071028.0
Burundi,2013,10439341.0
Burundi,2014,10799785.0
Burundi,2015,11047580.0
Burundi,2016,11239451.0
Burundi,2017,11506762.0
Burundi,2018,11859446.0
Burundi,2019,12255336.0
Burundi,2020,12617036.0
Burundi,2021,12965481.0
Burundi,2022,13321097.0
Burundi,2023,13689450.0
Cabo Verde,2000,453317.0
Cabo Verde,2001,460293.0
Cabo Verde,2002,467046.0
Cabo Verde,2003,473383.0
Cabo Verde,2004,479370.0
Cabo Verde,2005,485115.0
Cabo Verde,2006,490728.0
Cabo Verde,2007,496190.0
Cabo Verde,2008,501355.0
Cabo Verde,2009,506141.0
Cabo Verde,2010,509784.0
Cabo Verde,2011,511447.0
Cabo Verde,2012,511955.0
Cabo Verde,2013,512225.0
Cabo Verde,2014,512326.0
Cabo Verde,2015,512394.0
Cabo Verde,2016,512554.0
Cabo Verde,2017,512893.0
Cabo Verde,2018,513415.0
Cabo Verde,2019,514104.0
Cabo Verde,2020,514679.0
Cabo Verde,2021,516649.0
Cabo Verde,2022,519741.0
Cabo Verde,2023,522331.0
Cameroon,2000,14912631.0
Cameroon,2001,15309490.0
Cameroon,2002,15725528.0
Cameroon,2003,16160340.0
Cameroon,2004,16610487.0
Cameroon,2005,17074594.0
Cameroon,2006,17550407.0
Cameroon,2007,18049896.0
Cameroon,2008,18574056.0
Cameroon,2009,19113974.0
Cameroon,2010,19668066.0
Cameroon,2011,20232304.0
Cameroon,2012,20809529.0
Cameroon,2013,21402376.0
Cameroon,2014,22059893.0
Cameroon,2015,22763414.0
Cameroon,2016,23454161.0
Cameroon,2017,24128601.0
Cameroon,2018,24806383.0
Cameroon,2019,25506095.0
Cameroon,2020,26210558.0
Cameroon,2021,26915758.0
Cameroon,2022,27632771.0
Cameroon,2023,28372687.0
Canada,2000,30685730.0
Canada,2001,31020855.0
Canada,2002,31359199.0
Canada,2003,31642461.0
Canada,2004,31938807.0
Canada,2005,32242732.0
Canada,2006,32571193.0
Canada,2007,32888886.0
Canada,2008,33247298.0
Canada,2009,33630069.0
Canada,2010,34005902.0
Canada,2011,34339221.0
Canada,2012,34713395.0
Canada,2013,35080992.0
Canada,2014,35434066.0
Canada,2015,35704498.0
Canada,2016,36110803.0
Canada,2017,36545075.0
Canada,2018,37072620.0
Canada,2019,37618495.0
Canada,2020,38028638.0
Canada,2021,38239864.0
Canada,2022,38939056.0
Canada,2023,40097761.0
Chile,2000,15503635.0
Chile,2001,15683849.0
Chile,2002,15857925.0
Chile,2003,16024752.0
Chile,2004,16187322.0
Chile,2005,16348778.0
Chile,2006,16509195.0
Chile,2007,16671581.0
Chile,2008,16838988.0
Chile,2009,17009731.0
Chile,2010,17181464.0
Chile,2011,17351816.0
Chile,2012,17519119.0
Chile,2013,17687006.0
Chile,2014,17864195.0
Chile,2015,18047625.0
Chile,2016,18267221.0
Chile,2017,18558868.0
Chile,2018,18893191.0
Chile,2019,19197744.0
Chile,2020,19370624.0
Chile,2021,19456334.0
Chile,2022,19553036.0
Chile,2023,19658835.0
China,2000,1262645000.0
China,2001,1271850000.0
China,2002,1280400000.0
China,2003,1288400000.0
China,2004,1296075000.0
China,2005,1303720000.0
China,2006,1311020000.0
China,2007,1317885000.0
China,2008,1324655000.0
China,2009,1331260000.0
China,2010,1337705000.0
China,2011,1345035000.0
China,2012,1354190000.0
China,2013,1363240000.0
China,2014,1371860000.0
China,2015,1379860000.0
China,2016,1387790000.0
China,2017,1396215000.0
China,2018,1402760000.0
China,2019,1407745000.0
China,2020,1411100000.0
China,2021,1412360000.0
China,2022,1412175000.0
China,2023,1410710000.0
Colombia,2000,39089934.0
Colombia,2001,39709262.0
Colombia,2002,40324680.0
Colombia,2003,40937429.0
Colombia,2004,41543171.0
Colombia,2005,42128977.0
Colombia,2006,42691084.0
Colombia,2007,43235374.0
Colombia,2008,43758808.0
Colombia,2009,44271541.0
Colombia,2010,44777319.0
Colombia,2011,45259614.0
Colombia,2012,45715810.0
Colombia,2013,46151584.0
Colombia,2014,46565429.0
Colombia,2015,46969940.0
Colombia,2016,47437512.0
Colombia,2017,48131078.0
Colombia,2018,49024465.0
Colombia,2019,49907985.0
Colombia,2020,50629997.0
Colombia,2021,51188173.0
Colombia,2022,51737944.0
Colombia,2023,52321152.0
Costa Rica,2000,3937739.0
Costa Rica,2001,4008947.0
Costa Rica,2002,4075705.0
Costa Rica,2003,4138784.0
Costa Rica,2004,4200078.0
Costa Rica,2005,4261240.0
Costa Rica,2006,4321340.0
Costa Rica,2007,4380248.0
Costa Rica,2008,4440056.0
Costa Rica,2009,4499791.0
Costa Rica,2010,4555962.0
Costa Rica,2011,4609833.0
Costa Rica,2012,4663934.0
Costa Rica,2013,4716147.0
Costa Rica,2014,4767119.0
Costa Rica,2015,4818038.0
Costa Rica,2016,4866998.0
Costa Rica,2017,4913177.0
Costa Rica,2018,4957818.0
Costa Rica,2019,4999553.0
Costa Rica,2020,5034320.0
Costa Rica,2021,5059988.0
Costa Rica,2022,5081765.0
Costa Rica,2023,5105525.0
Cote d'Ivoire,2000,17699004.0
Cote d'Ivoire,2001,18178913.0
Cote d'Ivoire,2002,18654771.0
Cote d'Ivoire,2003,19125542.0
Cote d'Ivoire,2004,19595000.0
Cote d'Ivoire,2005,20068458.0
Cote d'Ivoire,2006,20546802.0
Cote d'Ivoire,2007,21030558.0
Cote d'Ivoire,2008,21514439.0
Cote d'Ivoire,2009,21997940.0
Cote d'Ivoire,2010,22488065.0
Cote d'Ivoire,2011,22982000.0
Cote d'Ivoire,2012,23467078.0
Cote d'Ivoire,2013,23939775.0
Cote d'Ivoire,2014,24527395.0
Cote d'Ivoire,2015,25246342.0
Cote d'Ivoire,2016,25989405.0
Cote d'Ivoire,2017,26733372.0
Cote d'Ivoire,2018,27464173.0
Cote d'Ivoire,2019,28193009.0
Cote d'Ivoire,2020,28915449.0
Cote d'Ivoire,2021,29639736.0
Cote d'Ivoire,2022,30395002.0
Cote d'Ivoire,2023,31165654.0
Croatia,2000,4468302.0
Croatia,2001,4299642.0
Croatia,2002,4302174.0
Croatia,2003,4303399.0
Croatia,2004,4304600.0
Croatia,2005,4310145.0
Croatia,2006,4311159.0
Croatia,2007,4310217.0
Croatia,2008,4309705.0
Croatia,2009,4305181.0
Croatia,2010,4295427.0
Croatia,2011,4280622.0
Croatia,2012,4260368.0
Croatia,2013,4233922.0
Croatia,2014,4201598.0
Croatia,2015,4151725.0
Croatia,2016,4106867.0
Croatia,2017,4041407.0
Croatia,2018,3988775.0
Croatia,2019,3949390.0
Croatia,2020,3914206.0
Croatia,2021,3878981.0
Croatia,2022,3855641.0
Croatia,2023,3859686.0
Cuba,2000,11109109.0
Cuba,2001,11144132.0
Cuba,2002,11177418.0
Cuba,2003,11209383.0
Cuba,2004,11238756.0
Cuba,2005,11262554.0
Cuba,2006,11278550.0
Cuba,2007,11287272.0
Cuba,2008,11291762.0
Cuba,2009,11294719.0
Cuba,2010,11297409.0
Cuba,2011,11301571.0
Cuba,2012,11303175.0
Cuba,2013,11298167.0
Cuba,2014,11285775.0
Cuba,2015,11275065.0
Cuba,2016,11265612.0
Cuba,2017,11247829.0
Cuba,2018,11227118.0
Cuba,2019,11202846.0
Cuba,2020,11176354.0
Cuba,2021,11122168.0
Cuba,2022,11059820.0
Cuba,2023,11019931.0
Cyprus,2000,947667.0
Cyprus,2001,964127.0
Cyprus,2002,981440.0
Cyprus,2003,999590.0
Cyprus,2004,1017875.0
Cyprus,2005,1036151.0
Cyprus,2006,1054418.0
Cyprus,2007,1072714.0
Cyprus,2008,1091026.0
Cyprus,2009,1109371.0
Cyprus,2010,1127816.0
Cyprus,2011,1146493.0
Cyprus,2012,1165397.0
Cyprus,2013,1183895.0
Cyprus,2014,1201801.0
Cyprus,2015,1219502.0
Cyprus,2016,1237112.0
Cyprus,2017,1254275.0
Cyprus,2018,1270737.0
Cyprus,2019,1286671.0
Cyprus,2020,1302247.0
Cyprus,2021,1317309.0
Cyprus,2022,1331370.0
Cyprus,2023,1344976.0
Czechia,2000,10255063.0
Czechia,2001,10216605.0
Czechia,2002,10196916.0
Czechia,2003,10193998.0
Czechia,2004,10197101.0
Czechia,2005,10211216.0
Czechia,2006,10238905.0
Czechia,2007,10298828.0
Czechia,2008,10384603.0
Czechia,2009,10443936.0
Czechia,2010,10474410.0
Czechia,2011,10496088.0
Czechia,2012,10510785.0
Czechia,2013,10514272.0
Czechia,2014,10525347.0
Czechia,2015,10546059.0
Czechia,2016,10566332.0
Czechia,2017,10594438.0
Czechia,2018,10629928.0
Czechia,2019,10671870.0
Czechia,2020,10697858.0
Czechia,2021,10505772.0
Czechia,2022,10672118.0
Czechia,2023,10864042.0
Denmark,2000,5339616.0
Denmark,2001,5358783.0
Denmark,2002,5375931.0
Denmark,2003,5390574.0
Denmark,2004,5404523.0
Denmark,2005,5419432.0
Denmark,2006,5437272.0
Denmark,2007,5461438.0
Denmark,2008,5493621.0
Denmark,2009,5523095.0
Denmark,2010,5547683.0
Denmark,2011,5570572.0
Denmark,2012,5591572.0
Denmark,2013,5614932.0
Denmark,2014,5643475.0
Denmark,2015,5683483.0
Denmark,2016,5728010.0
Denmark,2017,5764980.0
Denmark,2018,5793636.0
Denmark,2019,5814422.0
Denmark,2020,5831404.0
Denmark,2021,5856733.0
Denmark,2022,5903037.0
Denmark,2023,5946952.0
Dominica,2000,68511.0
Dominica,2001,68288.0
Dominica,2002,68367.0
Dominica,2003,68531.0
Dominica,2004,68649.0
Dominica,2005,68734.0
Dominica,2006,68806.0
Dominica,2007,68847.0
Dominica,2008,68854.0
Dominica,2009,68864.0
Dominica,2010,68859.0
Dominica,2011,69053.0
Dominica,2012,69118.0
Dominica,2013,69715.0
Dominica,2014,70373.0
Dominica,2015,70410.0
Dominica,2016,69606.0
Dominica,2017,68496.0
Dominica,2018,68174.0
Dominica,2019,67880.0
Dominica,2020,67573.0
Dominica,2021,67202.0
Dominica,2022,66826.0
Dominica,2023,66510.0
Dominican Republic,2000,8584190.0
Dominican Republic,2001,8720283.0
Dominican Republic,2002,8852235.0
Dominican Republic,2003,8980620.0
Dominican Republic,2004,9104892.0
Dominican Republic,2005,9225034.0
Dominican Republic,2006,9341183.0
Dominican Republic,2007,9455658.0
Dominican Republic,2008,9573130.0
Dominican Republic,2009,9695265.0
Dominican Republic,2010,9820175.0
Dominican Republic,2011,9945621.0
Dominican Republic,2012,10070411.0
Dominican Republic,2013,10193833.0
Dominican Republic,2014,10315528.0
Dominican Republic,2015,10434829.0
Dominican Republic,2016,10551430.0
Dominican Republic,2017,10666843.0
Dominican Republic,2018,10782053.0
Dominican Republic,2019,10894043.0
Dominican Republic,2020,11008300.0
Dominican Republic,2021,11123476.0
Dominican Republic,2022,11230734.0
Dominican Republic,2023,11331265.0
Ecuador,2000,12689206.0
Ecuador,2001,12910740.0
Ecuador,2002,13138472.0
Ecuador,2003,13372306.0
Ecuador,2004,13608701.0
Ecuador,2005,13846163.0
Ecuador,2006,14086131.0
Ecuador,2007,14328773.0
Ecuador,2008,14575202.0
Ecuador,2009,14825954.0
Ecuador,2010,15076695.0
Ecuador,2011,15326227.0
Ecuador,2012,15572194.0
Ecuador,2013,15807128.0
Ecuador,2014,16035124.0
Ecuador,2015,16266225.0
Ecuador,2016,16505139.0
Ecuador,2017,16759519.0
Ecuador,2018,17049547.0
Ecuador,2019,17340021.0
Ecuador,2020,17546065.0
Ecuador,2021,17682454.0
Ecuador,2022,17823897.0
Ecuador,2023,17980083.0
"Egypt, Arab Rep.",2000,73083284.0
"Egypt, Arab Rep.",2001,74652029.0
"Egypt, Arab Rep.",2002,76239137.0
"Egypt, Arab Rep.",2003,77853548.0
"Egypt, Arab Rep.",2004,79477443.0
"Egypt, Arab Rep.",2005,81101004.0
"Egypt, Arab Rep.",2006,82700403.0
"Egypt, Arab Rep.",2007,84276225.0
"Egypt, Arab Rep.",2008,85864789.0
"Egypt, Arab Rep.",2009,87501636.0
"Egypt, Arab Rep.",2010,89196072.0
"Egypt, Arab Rep.",2011,91093059.0
"Egypt, Arab Rep.",2012,93161001.0
"Egypt, Arab Rep.",2013,95333553.0
"Egypt, Arab Rep.",2014,97528654.0
"Egypt, Arab Rep.",2015,99597342.0
"Egypt, Arab Rep.",2016,101644589.0
"Egypt, Arab Rep.",2017,103696057.0
"Egypt, Arab Rep.",2018,105682094.0
"Egypt, Arab Rep.",2019,107553158.0
"Egypt, Arab Rep.",2020,109315124.0
"Egypt, Arab Rep.",2021,110957008.0
"Egypt, Arab Rep.",2022,112618250.0
"Egypt, Arab Rep.",2023,114535772.0
Eritrea,2000,2247031.0
Eritrea,2001,2312079.0
Eritrea,2002,2392978.0
Eritrea,2003,2493903.0
Eritrea,2004,2598284.0
Eritrea,2005,2661215.0
Eritrea,2006,2703502.0
Eritrea,2007,2743222.0
Eritrea,2008,2816327.0
Eritrea,2009,2887885.0
Eritrea,2010,2945186.0
Eritrea,2011,2998485.0
Eritrea,2012,3036988.0
Eritrea,2013,3074360.0
Eritrea,2014,3095173.0
Eritrea,2015,3105546.0
Eritrea,2016,3124698.0
Eritrea,2017,3150347.0
Eritrea,2018,3192760.0
Eritrea,2019,3240194.0
Eritrea,2020,3291271.0
Eritrea,2021,3350183.0
Eritrea,2022,3409447.0
Eritrea,2023,3470390.0
Estonia,2000,1396985.0
Estonia,2001,1388115.0
Estonia,2002,1379350.0
Estonia,2003,1370720.0
Estonia,2004,1362550.0
Estonia,2005,1354775.0
Estonia,2006,1346810.0
Estonia,2007,1340680.0
Estonia,2008,1337090.0
Estonia,2009,1334515.0
Estonia,2010,1331475.0
Estonia,2011,1327439.0
Estonia,2012,1322696.0
Estonia,2013,1317997.0
Estonia,2014,1314545.0
Estonia,2015,1315407.0
Estonia,2016,1315790.0
Estonia,2017,1317384.0
Estonia,2018,1321977.0
Estonia,2019,1326898.0
Estonia,2020,1329522.0
Estonia,2021,1330932.0
Estonia,2022,1348840.0
Estonia,2023,1370286.0
Ethiopia,2000,67411494.0
Ethiopia,2001,69487762.0
Ethiopia,2002,71635517.0
Ethiopia,2003,73832663.0
Ethiopia,2004,76077206.0
Ethiopia,2005,78367470.0
Ethiopia,2006,80703490.0
Ethiopia,2007,83103217.0
Ethiopia,2008,85543668.0
Ethiopia,2009,88007636.0
Ethiopia,2010,90538514.0
Ethiopia,2011,93149970.0
Ethiopia,2012,95798767.0
Ethiopia,2013,98438751.0
Ethiopia,2014,101115610.0
Ethiopia,2015,103867135.0
Ethiopia,2016,106718162.0
Ethiopia,2017,109666481.0
Ethiopia,2018,112664152.0
Ethiopia,2019,115737383.0
Ethiopia,2020,118917671.0
Ethiopia,2021,122138588.0
Ethiopia,2022,125384287.0
Ethiopia,2023,128691692.0
Fiji,2000,840909.0
Fiji,2001,849596.0
Fiji,2002,858049.0
Fiji,2003,866286.0
Fiji,2004,874366.0
Fiji,2005,882379.0
Fiji,2006,890365.0
Fiji,2007,897832.0
Fiji,2008,903399.0
Fiji,2009,907239.0
Fiji,2010,910419.0
Fiji,2011,912989.0
Fiji,2012,914918.0
Fiji,2013,916352.0
Fiji,2014,917585.0
Fiji,2015,918578.0
Fiji,2016,919166.0
Fiji,2017,918759.0
Fiji,2018,917180.0
Fiji,2019,914899.0
Fiji,2020,914963.0
Fiji,2021,916711.0
Fiji,2022,919422.0
Fiji,2023,924145.0
Finland,2000,5176209.0
Finland,2001,5188008.0
Finland,2002,5200598.0
Finland,2003,5213014.0
Finland,2004,5228172.0
Finland,2005,5246096.0
Finland,2006,5266268.0
Finland,2007,5288720.0
Finland,2008,5313399.0
Finland,2009,5338871.0
Finland,2010,5363352.0
Finland,2011,5388272.0
Finland,2012,5413971.0
Finland,2013,5438972.0
Finland,2014,5461512.0
Finland,2015,5479531.0
Finland,2016,5495303.0
Finland,2017,5508214.0
Finland,2018,5515525.0
Finland,2019,5521606.0
Finland,2020,5529543.0
Finland,2021,5541017.0
Finland,2022,5556106.0
Finland,2023,5583911.0
France,2000,60918661.0
France,2001,61364377.0
France,2002,61812142.0
France,2003,62249855.0
France,2004,62707588.0
France,2005,63180854.0
France,2006,63622342.0
France,2007,64016890.0
France,2008,64375116.0
France,2009,64706436.0
France,2010,65026211.0
France,2011,65340830.0
France,2012,65657659.0
France,2013,65997932.0
France,2014,66312067.0
France,2015,66548272.0
France,2016,66724104.0
France,2017,66918020.0
France,2018,67158348.0
France,2019,67382061.0
France,2020,67601110.0
France,2021,67842811.0
France,2022,68065015.0
France,2023,68287487.0
Gabon,2000,1275572.0
Gabon,2001,1309589.0
Gabon,2002,1345135.0
Gabon,2003,1382350.0
Gabon,2004,1421609.0
Gabon,2005,1463495.0
Gabon,2006,1508337.0
Gabon,2007,1556237.0
Gabon,2008,1607175.0
Gabon,2009,1661556.0
Gabon,2010,1719879.0
Gabon,2011,1781985.0
Gabon,2012,1846889.0
Gabon,2013,1913059.0
Gabon,2014,1978399.0
Gabon,2015,2040989.0
Gabon,2016,2100306.0
Gabon,2017,2156900.0
Gabon,2018,2212318.0
Gabon,2019,2267706.0
Gabon,2020,2322539.0
Gabon,2021,2376722.0
Gabon,2022,2430747.0
Gabon,2023,2484789.0
Georgia,2000,4077131.0
Georgia,2001,4014373.0
Georgia,2002,3978515.0
Georgia,2003,3951736.0
Georgia,2004,3927340.0
Georgia,2005,3902469.0
Georgia,2006,3880347.0
Georgia,2007,3860158.0
Georgia,2008,3848449.0
Georgia,2009,3814419.0
Georgia,2010,3786695.0
Georgia,2011,3756441.0
Georgia,2012,3728874.0
Georgia,2013,3717668.0
Georgia,2014,3719414.0
Georgia,2015,3725276.0
Georgia,2016,3727505.0
Georgia,2017,3728004.0
Georgia,2018,3726549.0
Georgia,2019,3720161.0
Georgia,2020,3722716.0
Georgia,2021,3708610.0
Georgia,2022,3712502.0
Georgia,2023,3715483.0
Germany,2000,82211508.0
Germany,2001,82349925.0
Germany,2002,82488495.0
Germany,2003,82534176.0
Germany,2004,82516260.0
Germany,2005,82469422.0
Germany,2006,82376451.0
Germany,2007,82266372.0
Germany,2008,82110097.0
Germany,2009,81902307.0
Germany,2010,81776930.0
Germany,2011,80274983.0
Germany,2012,80425823.0
Germany,2013,80645605.0
Germany,2014,80982500.0
Germany,2015,81686611.0
Germany,2016,82348669.0
Germany,2017,82657002.0
Germany,2018,82905782.0
Germany,2019,83092962.0
Germany,2020,83160871.0
Germany,2021,83196078.0
Germany,2022,83797985.0
Germany,2023,83280000.0
Ghana,2000,19637087.0
Ghana,2001,20167069.0
Ghana,2002,20729388.0
Ghana,2003,21296705.0
Ghana,2004,21868298.0
Ghana,2005,22449438.0
Ghana,2006,23040702.0
Ghana,2007,23642279.0
Ghana,2008,24249946.0
Ghana,2009,24862664.0
Ghana,2010,25474995.0
Ghana,2011,26095088.0
Ghana,2012,26734268.0
Ghana,2013,27386193.0
Ghana,2014,28041592.0
Ghana,2015,28696068.0
Ghana,2016,29356742.0
Ghana,2017,30008354.0
Ghana,2018,30637585.0
Ghana,2019,31258945.0
Ghana,2020,31887809.0
Ghana,2021,32518665.0
Ghana,2022,33149152.0
Ghana,2023,33787914.0
Greece,2000,10805808.0
Greece,2001,10862132.0
Greece,2002,10902022.0
Greece,2003,10928070.0
Greece,2004,10955141.0
Greece,2005,10987314.0
Greece,2006,11020362.0
Greece,2007,11048473.0
Greece,2008,11077841.0
Greece,2009,11107017.0
Greece,2010,11121341.0
Greece,2011,11104899.0
Greece,2012,11045011.0
Greece,2013,10965211.0
Greece,2014,10892413.0
Greece,2015,10820883.0
Greece,2016,10775971.0
Greece,2017,10754679.0
Greece,2018,10732882.0
Greece,2019,10721582.0
Greece,2020,10698599.0
Greece,2021,10569207.0
Greece,2022,10436882.0
Greece,2023,10405588.0
Grenada,2000,107451.0
Grenada,2001,107987.0
Grenada,2002,108404.0
Grenada,2003,108884.0
Grenada,2004,109323.0
Grenada,2005,109734.0
Grenada,2006,110135.0
Grenada,2007,110522.0
Grenada,2008,110896.0
Grenada,2009,111254.0
Grenada,2010,111586.0
Grenada,2011,112079.0
Grenada,2012,112775.0
Grenada,2013,113487.0
Grenada,2014,114132.0
Grenada,2015,114676.0
Grenada,2016,115130.0
Grenada,2017,115438.0
Grenada,2018,115691.0
Grenada,2019,115981.0
Grenada,2020,116341.0
Grenada,2021,116688.0
Grenada,2022,116913.0
Grenada,2023,117081.0
Guatemala,2000,11697592.0
Guatemala,2001,11969422.0
Guatemala,2002,12246915.0
Guatemala,2003,12525842.0
Guatemala,2004,12807402.0
Guatemala,2005,13087629.0
Guatemala,2006,13367459.0
Guatemala,2007,13652040.0
Guatemala,2008,13935174.0
Guatemala,2009,14215611.0
Guatemala,2010,14500112.0
Guatemala,2011,14792126.0
Guatemala,2012,15089647.0
Guatemala,2013,15387337.0
Guatemala,2014,15681725.0
Guatemala,2015,15971743.0
Guatemala,2016,16268760.0
Guatemala,2017,16567357.0
Guatemala,2018,16845685.0
Guatemala,2019,17103803.0
Guatemala,2020,17357325.0
Guatemala,2021,17598650.0
Guatemala,2022,17847877.0
Guatemala,2023,18124838.0
"Hong Kong SAR, China",2000,6665000.0
"Hong Kong SAR, China",2001,6714300.0
"Hong Kong SAR, China",2002,6744100.0
"Hong Kong SAR, China",2003,6730800.0
"Hong Kong SAR, China",2004,6783500.0
"Hong Kong SAR, China",2005,6813200.0
"Hong Kong SAR, China",2006,6857100.0
"Hong Kong SAR, China",2007,6916300.0
"Hong Kong SAR, China",2008,6957800.0
"Hong Kong SAR, China",2009,6972800.0
"Hong Kong SAR, China",2010,7024200.0
"Hong Kong SAR, China",2011,7071600.0
"Hong Kong SAR, China",2012,7150100.0
"Hong Kong SAR, China",2013,7178900.0
"Hong Kong SAR, China",2014,7229500.0
"Hong Kong SAR, China",2015,7291300.0
"Hong Kong SAR, China",2016,7336600.0
"Hong Kong SAR, China",2017,7393200.0
"Hong Kong SAR, China",2018,7452600.0
"Hong Kong SAR, China",2019,7507900.0
"Hong Kong SAR, China",2020,7481000.0
"Hong Kong SAR, China",2021,7413100.0
"Hong Kong SAR, China",2022,7346100.0
"Hong Kong SAR, China",2023,7536100.0
Hungary,2000,10210971.0
Hungary,2001,10187576.0
Hungary,2002,10158608.0
Hungary,2003,10129552.0
Hungary,2004,10107146.0
Hungary,2005,10087065.0
Hungary,2006,10071370.0
Hungary,2007,10055780.0
Hungary,2008,10038188.0
Hungary,2009,10022650.0
Hungary,2010,10000023.0
Hungary,2011,9971727.0
Hungary,2012,9920362.0
Hungary,2013,9893082.0
Hungary,2014,9866468.0
Hungary,2015,9843028.0
Hungary,2016,9814023.0
Hungary,2017,9787966.0
Hungary,2018,9775564.0
Hungary,2019,9771141.0
Hungary,2020,9750149.0
Hungary,2021,9709891.0
Hungary,2022,9644377.0
Hungary,2023,9592186.0
Iceland,2000,281205.0
Iceland,2001,284968.0
Iceland,2002,287523.0
Iceland,2003,289521.0
Iceland,2004,292074.0
Iceland,2005,296734.0
Iceland,2006,303782.0
Iceland,2007,311566.0
Iceland,2008,317414.0
Iceland,2009,318499.0
Iceland,2010,318041.0
Iceland,2011,319014.0
Iceland,2012,320716.0
Iceland,2013,323764.0
Iceland,2014,327386.0
Iceland,2015,330815.0
Iceland,2016,335439.0
Iceland,2017,343400.0
Iceland,2018,352721.0
Iceland,2019,360563.0
Iceland,2020,366463.0
Iceland,2021,372520.0
Iceland,2022,382003.0
Iceland,2023,393349.0
India,2000,1057922733.0
India,2001,1077898575.0
India,2002,1097600380.0
India,2003,1116803006.0
India,2004,1135991513.0
India,2005,1154676322.0
India,2006,1172878890.0
India,2007,1190676021.0
India,2008,1207930964.0
India,2009,1225524753.0
India,2010,1243481564.0
India,2011,1261224954.0
India,2012,1278674502.0
India,2013,1295829511.0
India,2014,1312277191.0
India,2015,1328024498.0
India,2016,1343944296.0
India,2017,1359657400.0
India,2018,1374659064.0
India,2019,1389030312.0
India,2020,1402617695.0
India,2021,1414203896.0
India,2022,1425423212.0
India,2023,1438069596.0
Indonesia,2000,216077790.0
Indonesia,2001,219097902.0
Indonesia,2002,222088495.0
Indonesia,2003,225048008.0
Indonesia,2004,227926649.0
Indonesia,2005,230871650.0
Indonesia,2006,233951652.0
Indonesia,2007,237062337.0
Indonesia,2008,240157903.0
Indonesia,2009,243220028.0
Indonesia,2010,246305322.0
Indonesia,2011,249470032.0
Indonesia,2012,252698525.0
Indonesia,2013,255852467.0
Indonesia,2014,258877399.0
Indonesia,2015,261799249.0
Indonesia,2016,264627418.0
Indonesia,2017,267346658.0
Indonesia,2018,269951846.0
Indonesia,2019,272489381.0
Indonesia,2020,274814866.0
Indonesia,2021,276758053.0
Indonesia,2022,278830529.0
Indonesia,2023,281190067.0
"Iran, Islamic Rep.",2000,66418659.0
"Iran, Islamic Rep.",2001,67452005.0
"Iran, Islamic Rep.",2002,68011317.0
"Iran, Islamic Rep.",2003,68769340.0
"Iran, Islamic Rep.",2004,70256316.0
"Iran, Islamic Rep.",2005,71828455.0
"Iran, Islamic Rep.",2006,73392747.0
"Iran, Islamic Rep.",2007,74602648.0
"Iran, Islamic Rep.",2008,75514204.0
"Iran, Islamic Rep.",2009,76457825.0
"Iran, Islamic Rep.",2010,77420842.0
"Iran, Islamic Rep.",2011,78383598.0
"Iran, Islamic Rep.",2012,79370580.0
"Iran, Islamic Rep.",2013,80414686.0
"Iran, Islamic Rep.",2014,81502045.0
"Iran, Islamic Rep.",2015,82619362.0
"Iran, Islamic Rep.",2016,83812228.0
"Iran, Islamic Rep.",2017,85026754.0
"Iran, Islamic Rep.",2018,86117998.0
"Iran, Islamic Rep.",2019,87051648.0
"Iran, Islamic Rep.",2020,87723443.0
"Iran, Islamic Rep.",2021,88455488.0
"Iran, Islamic Rep.",2022,89524246.0
"Iran, Islamic Rep.",2023,90608707.0
Ireland,2000,3805174.0
Ireland,2001,3866243.0
Ireland,2002,3931947.0
Ireland,2003,3996521.0
Ireland,2004,4070262.0
Ireland,2005,4159914.0
Ireland,2006,4273591.0
Ireland,2007,4398942.0
Ireland,2008,4489544.0
Ireland,2009,4535375.0
Ireland,2010,4560155.0
Ireland,2011,4580084.0
Ireland,2012,4599533.0
Ireland,2013,4623816.0
Ireland,2014,4657740.0
Ireland,2015,4701957.0
Ireland,2016,4755335.0
Ireland,2017,4807388.0
Ireland,2018,4867316.0
Ireland,2019,4934340.0
Ireland,2020,4985382.0
Ireland,2021,5033164.0
Ireland,2022,5165700.0
Ireland,2023,5307600.0
Israel,2000,6289000.0
Israel,2001,6439000.0
Israel,2002,6570000.0
Israel,2003,6689700.0
Israel,2004,6809000.0
Israel,2005,6930100.0
Israel,2006,7053700.0
Israel,2007,7180100.0
Israel,2008,7308800.0
Israel,2009,7485600.0
Israel,2010,7623600.0
Israel,2011,7765800.0
Israel,2012,7910500.0
Israel,2013,8059500.0
Israel,2014,8215700.0
Israel,2015,8380100.0
Israel,2016,8546000.0
Israel,2017,8713300.0
Israel,2018,8882800.0
Israel,2019,9054000.0
Israel,2020,9215100.0
Israel,2021,9371400.0
Israel,2022,9557500.0
Israel,2023,9756600.0
Italy,2000,56942108.0
Italy,2001,56974100.0
Italy,2002,57059007.0
Italy,2003,57313203.0
Italy,2004,57685327.0
Italy,2005,57969484.0
Italy,2006,58143979.0
Italy,2007,58438310.0
Italy,2008,58826731.0
Italy,2009,59095365.0
Italy,2010,59277417.0
Italy,2011,59379449.0
Italy,2012,59539717.0
Italy,2013,60233948.0
Italy,2014,60789140.0
Italy,2015,60730582.0
Italy,2016,60627498.0
Italy,2017,60536709.0
Italy,2018,60421760.0
Italy,2019,59729081.0
Italy,2020,59438851.0
Italy,2021,59133173.0
Italy,2022,59013667.0
Italy,2023,58993475.0
Jamaica,2000,2607826.0
Jamaica,2001,2624403.0
Jamaica,2002,2640572.0
Jamaica,2003,2656623.0
Jamaica,2004,2672225.0
Jamaica,2005,2687066.0
Jamaica,2006,2700968.0
Jamaica,2007,2713800.0
Jamaica,2008,2725635.0
Jamaica,2009,2736995.0
Jamaica,2010,2748568.0
Jamaica,2011,2760494.0
Jamaica,2012,2772430.0
Jamaica,2013,2783687.0
Jamaica,2014,2793749.0
Jamaica,2015,2802534.0
Jamaica,2016,2809915.0
Jamaica,2017,2815764.0
Jamaica,2018,2820097.0
Jamaica,2019,2823271.0
Jamaica,2020,2830739.0
Jamaica,2021,2837682.0
Jamaica,2022,2839144.0
Jamaica,2023,2839786.0
Japan,2000,126843000.0
Japan,2001,127149000.0
Japan,2002,127445000.0
Japan,2003,127718000.0
Japan,2004,127761000.0
Japan,2005,127773000.0
Japan,2006,127854000.0
Japan,2007,128001000.0
Japan,2008,128063000.0
Japan,2009,128047000.0
Japan,2010,128070000.0
Japan,2011,127833000.0
Japan,2012,127629000.0
Japan,2013,127445000.0
Japan,2014,127276000.0
Japan,2015,127141000.0
Japan,2016,127076000.0
Japan,2017,126972000.0
Japan,2018,126811000.0
Japan,2019,126633000.0
Japan,2020,126261000.0
Japan,2021,125681593.0
Japan,2022,125124989.0
Japan,2023,124516650.0
Jordan,2000,5386945.0
Jordan,2001,5498894.0
Jordan,2002,5616066.0
Jordan,2003,5741828.0
Jordan,2004,5882061.0
Jordan,2005,6029587.0
Jordan,2006,6427371.0
Jordan,2007,6827227.0
Jordan,2008,6989866.0
Jordan,2009,7141753.0
Jordan,2010,7297043.0
Jordan,2011,7480424.0
Jordan,2012,7587127.0
Jordan,2013,7991809.0
Jordan,2014,8791710.0
Jordan,2015,9544729.0
Jordan,2016,10006367.0
Jordan,2017,10234226.0
Jordan,2018,10462306.0
Jordan,2019,10671891.0
Jordan,2020,10865228.0
Jordan,2021,11066356.0
Jordan,2022,11256263.0
Jordan,2023,11439213.0
Kazakhstan,2000,15501103.0
Kazakhstan,2001,15575550.0
Kazakhstan,2002,15656677.0
Kazakhstan,2003,15747380.0
Kazakhstan,2004,15850159.0
Kazakhstan,2005,15968117.0
Kazakhstan,2006,16103716.0
Kazakhstan,2007,16257214.0
Kazakhstan,2008,16426525.0
Kazakhstan,2009,16619846.0
Kazakhstan,2010,16836810.0
Kazakhstan,2011,17066002.0
Kazakhstan,2012,17306106.0
Kazakhstan,2013,17556502.0
Kazakhstan,2014,17816285.0
Kazakhstan,2015,18084169.0
Kazakhstan,2016,18363600.0
Kazakhstan,2017,18651931.0
Kazakhstan,2018,18932727.0
Kazakhstan,2019,19209555.0
Kazakhstan,2020,19482117.0
Kazakhstan,2021,19743603.0
Kazakhstan,2022,20034609.0
Kazakhstan,2023,20330104.0
Kenya,2000,30642890.0
Kenya,2001,31619170.0
Kenya,2002,32629808.0
Kenya,2003,33652223.0
Kenya,2004,34713455.0
Kenya,2005,35796484.0
Kenya,2006,36904008.0
Kenya,2007,38036349.0
Kenya,2008,39206351.0
Kenya,2009,40408891.0
Kenya,2010,41598567.0
Kenya,2011,42758461.0
Kenya,2012,43888303.0
Kenya,2013,44986791.0
Kenya,2014,46051440.0
Kenya,2015,47088526.0
Kenya,2016,48139687.0
Kenya,2017,49197766.0
Kenya,2018,50207107.0
Kenya,2019,51202827.0
Kenya,2020,52217334.0
Kenya,2021,53219166.0
Kenya,2022,54252461.0
Kenya,2023,55339003.0
"Korea, Rep.",2000,47008111.0
"Korea, Rep.",2001,47370164.0
"Korea, Rep.",2002,47644736.0
"Korea, Rep.",2003,47892330.0
"Korea, Rep.",2004,48082519.0
"Korea, Rep.",2005,48184561.0
"Korea, Rep.",2006,48438292.0
"Korea, Rep.",2007,48683638.0
"Korea, Rep.",2008,49054708.0
"Korea, Rep.",2009,49307835.0
"Korea, Rep.",2010,49554112.0
"Korea, Rep.",2011,49936638.0
"Korea, Rep.",2012,50199853.0
"Korea, Rep.",2013,50428893.0
"Korea, Rep.",2014,50746659.0
"Korea, Rep.",2015,51014947.0
"Korea, Rep.",2016,51217803.0
"Korea, Rep.",2017,51361911.0
"Korea, Rep.",2018,51585058.0
"Korea, Rep.",2019,51764822.0
"Korea, Rep.",2020,51836239.0
"Korea, Rep.",2021,51769539.0
"Korea, Rep.",2022,51672569.0
"Korea, Rep.",2023,51712619.0
Kosovo,2000,1802493.0
Kosovo,2001,1820009.0
Kosovo,2002,1829462.0
Kosovo,2003,1826434.0
Kosovo,2004,1822773.0
Kosovo,2005,1818354.0
Kosovo,2006,1813079.0
Kosovo,2007,1807094.0
Kosovo,2008,1800858.0
Kosovo,2009,1794681.0
Kosovo,2010,1788743.0
Kosovo,2011,1791949.0
Kosovo,2012,1807126.0
Kosovo,2013,1818119.0
Kosovo,2014,1812788.0
Kosovo,2015,1788274.0
Kosovo,2016,1777568.0
Kosovo,2017,1791019.0
Kosovo,2018,1797086.0
Kosovo,2019,1788891.0
Kosovo,2020,1790152.0
Kosovo,2021,1786080.0
Kosovo,2022,1768096.0
Kosovo,2023,1756366.0
Kuwait,2000,1954709.0
Kuwait,2001,2008121.0
Kuwait,2002,2059974.0
Kuwait,2003,2109881.0
Kuwait,2004,2157320.0
Kuwait,2005,2236788.0
Kuwait,2006,2364733.0
Kuwait,2007,2507887.0
Kuwait,2008,2651421.0
Kuwait,2009,2795484.0
Kuwait,2010,2943372.0
Kuwait,2011,3132814.0
Kuwait,2012,3337109.0
Kuwait,2013,3507844.0
Kuwait,2014,3665876.0
Kuwait,2015,3834574.0
Kuwait,2016,4004096.0
Kuwait,2017,4154812.0
Kuwait,2018,4323515.0
Kuwait,2019,4442316.0
Kuwait,2020,4400267.0
Kuwait,2021,4360865.0
Kuwait,2022,4589643.0
Kuwait,2023,4853420.0
Kyrgyz Republic,2000,4898361.5
Kyrgyz Republic,2001,4945072.5
Kyrgyz Republic,2002,4990704.0
Kyrgyz Republic,2003,5043308.0
Kyrgyz Republic,2004,5104712.5
Kyrgyz Republic,2005,5162639.5
Kyrgyz Republic,2006,5218373.0
Kyrgyz Republic,2007,5268384.5
Kyrgyz Republic,2008,5318729.0
Kyrgyz Republic,2009,5389643.0
Kyrgyz Republic,2010,5467059.0
Kyrgyz Republic,2011,5546586.5
Kyrgyz Republic,2012,5652076.0
Kyrgyz Republic,2013,5777150.0
Kyrgyz Republic,2014,5905847.5
Kyrgyz Republic,2015,6040035.5
Kyrgyz Republic,2016,6175337.5
Kyrgyz Republic,2017,6306695.5
Kyrgyz Republic,2018,6444078.5
Kyrgyz Republic,2019,6590211.0
Kyrgyz Republic,2020,6726595.5
Kyrgyz Republic,2021,6851224.0
Kyrgyz Republic,2022,6975219.5
Kyrgyz Republic,2023,7099750.0
Latvia,2000,2367550.0
Latvia,2001,2337170.0
Latvia,2002,2310173.0
Latvia,2003,2287955.0
Latvia,2004,2263122.0
Latvia,2005,2238799.0
Latvia,2006,2218357.0
Latvia,2007,2200325.0
Latvia,2008,2177322.0
Latvia,2009,2141669.0
Latvia,2010,2097555.0
Latvia,2011,2059709.0
Latvia,2012,2034319.0
Latvia,2013,2012647.0
Latvia,2014,1993782.0
Latvia,2015,1977527.0
Latvia,2016,1959537.0
Latvia,2017,1942248.0
Latvia,2018,1927174.0
Latvia,2019,1913822.0
Latvia,2020,1900449.0
Latvia,2021,1884490.0
Latvia,2022,1879383.0
Latvia,2023,1877445.0
Liechtenstein,2000,32645.0
Liechtenstein,2001,33194.0
Liechtenstein,2002,33694.0
Liechtenstein,2003,34079.0
Liechtenstein,2004,34447.0
Liechtenstein,2005,34753.0
Liechtenstein,2006,35037.0
Liechtenstein,2007,35262.0
Liechtenstein,2008,35473.0
Liechtenstein,2009,35742.0
Liechtenstein,2010,36022.0
Liechtenstein,2011,36312.0
Liechtenstein,2012,36657.0
Liechtenstein,2013,36984.0
Liechtenstein,2014,37248.0
Liechtenstein,2015,37494.0
Liechtenstein,2016,37716.0
Liechtenstein,2017,37962.0
Liechtenstein,2018,38246.0
Liechtenstein,2019,38563.0
Liechtenstein,2020,38901.0
Liechtenstein,2021,39182.0
Liechtenstein,2022,39493.0
Liechtenstein,2023,39850.0
Lithuania,2000,3499536.0
Lithuania,2001,3470818.0
Lithuania,2002,3443067.0
Lithuania,2003,3415213.0
Lithuania,2004,3377075.0
Lithuania,2005,3322528.0
Lithuania,2006,3269909.0
Lithuania,2007,3231294.0
Lithuania,2008,3198231.0
Lithuania,2009,3162916.0
Lithuania,2010,3097282.0
Lithuania,2011,3028115.0
Lithuania,2012,2987773.0
Lithuania,2013,2957689.0
Lithuania,2014,2932367.0
Lithuania,2015,2904910.0
Lithuania,2016,2868231.0
Lithuania,2017,2828403.0
Lithuania,2018,2801543.0
Lithuania,2019,2794137.0
Lithuania,2020,2794885.0
Lithuania,2021,2800839.0
Lithuania,2022,2831639.0
Lithuania,2023,2871585.0
Malaysia,2000,22967816.0
Malaysia,2001,23526538.0
Malaysia,2002,24102477.0
Malaysia,2003,24679602.0
Malaysia,2004,25256772.0
Malaysia,2005,25836071.0
Malaysia,2006,26417909.0
Malaysia,2007,26998389.0
Malaysia,2008,27570059.0
Malaysia,2009,28124778.0
Malaysia,2010,28655776.0
Malaysia,2011,29162039.0
Malaysia,2012,29662831.0
Malaysia,2013,30174265.0
Malaysia,2014,30696137.0
Malaysia,2015,31232798.0
Malaysia,2016,31789685.0
Malaysia,2017,32355644.0
Malaysia,2018,32910967.0
Malaysia,2019,33440596.0
Malaysia,2020,33889558.0
Malaysia,2021,34282399.0
Malaysia,2022,34695493.0
Malaysia,2023,35126298.0
Mauritius,2000,1186873.0
Mauritius,2001,1196287.0
Mauritius,2002,1204621.0
Mauritius,2003,1213370.0
Mauritius,2004,1221003.0
Mauritius,2005,1228254.0
Mauritius,2006,1233996.0
Mauritius,2007,1239630.0
Mauritius,2008,1244121.0
Mauritius,2009,1247429.0
Mauritius,2010,1250400.0
Mauritius,2011,1252404.0
Mauritius,2012,1255882.0
Mauritius,2013,1258927.0
Mauritius,2014,1261208.0
Mauritius,2015,1262879.0
Mauritius,2016,1263747.0
Mauritius,2017,1264887.0
Mauritius,2018,1265577.0
Mauritius,2019,1265985.0
Mauritius,2020,1266014.0
Mauritius,2021,1266334.0
Mauritius,2022,1262523.0
Mauritius,2023,1261041.0
Mexico,2000,98625552.0
Mexico,2001,100099099.0
Mexico,2002,101548624.0
Mexico,2003,102978515.0
Mexico,2004,104394131.0
Mexico,2005,105811504.0
Mexico,2006,107253666.0
Mexico,2007,108774360.0
Mexico,2008,110374288.0
Mexico,2009,111999721.0
Mexico,2010,113623895.0
Mexico,2011,115243504.0
Mexico,2012,116818208.0
Mexico,2013,118343573.0
Mexico,2014,119784261.0
Mexico,2015,121072306.0
Mexico,2016,122251351.0
Mexico,2017,123400057.0
Mexico,2018,124573711.0
Mexico,2019,125762982.0
Mexico,2020,126799054.0
Mexico,2021,127648148.0
Mexico,2022,128613117.0
Mexico,2023,129739759.0
Moldova,2000,2924668.0
Moldova,2001,2918135.0
Moldova,2002,2911385.0
Moldova,2003,2903198.0
Moldova,2004,2896023.0
Moldova,2005,2888985.0
Moldova,2006,2880967.0
Moldova,2007,2874299.0
Moldova,2008,2868833.0
Moldova,2009,2865213.0
Moldova,2010,2862354.0
Moldova,2011,2860699.0
Moldova,2012,2860324.0
Moldova,2013,2859558.0
Moldova,2014,2857815.0
Moldova,2015,2835978.0
Moldova,2016,2803186.0
Moldova,2017,2755189.0
Moldova,2018,2707203.0
Moldova,2019,2664224.0
Moldova,2020,2635130.0
Moldova,2021,2595809.0
Moldova,2022,2528654.0
Moldova,2023,2457783.0
Mongolia,2000,2388299.0
Mongolia,2001,2417751.0
Mongolia,2002,2449027.0
Mongolia,2003,2480374.0
Mongolia,2004,2508412.0
Mongolia,2005,2536407.0
Mongolia,2006,2567168.0
Mongolia,2007,2601850.0
Mongolia,2008,2643201.0
Mongolia,2009,2691115.0
Mongolia,2010,2738622.0
Mongolia,2011,2786317.0
Mongolia,2012,2839705.0
Mongolia,2013,2899011.0
Mongolia,2014,2963113.0
Mongolia,2015,3026864.0
Mongolia,2016,3088856.0
Mongolia,2017,3148917.0
Mongolia,2018,3208189.0
Mongolia,2019,3267673.0
Mongolia,2020,3327204.0
Mongolia,2021,3383741.0
Mongolia,2022,3433748.0
Mongolia,2023,3481145.0
Montenegro,2000,604950.0
Montenegro,2001,607389.0
Montenegro,2002,609828.0
Montenegro,2003,612267.0
Montenegro,2004,613353.0
Montenegro,2005,614261.0
Montenegro,2006,615025.0
Montenegro,2007,615875.0
Montenegro,2008,616969.0
Montenegro,2009,618294.0
Montenegro,2010,619428.0
Montenegro,2011,620079.0
Montenegro,2012,620601.0
Montenegro,2013,621207.0
Montenegro,2014,621810.0
Montenegro,2015,622159.0
Montenegro,2016,622303.0
Montenegro,2017,622373.0
Montenegro,2018,622227.0
Montenegro,2019,622028.0
Montenegro,2020,621306.0
Montenegro,2021,619211.0
Montenegro,2022,617213.0
Montenegro,2023,616177.0
Morocco,2000,28423435.0
Morocco,2001,28814643.0
Morocco,2002,29198142.0
Morocco,2003,29571415.0
Morocco,2004,29953018.0
Morocco,2005,30358144.0
Morocco,2006,30771178.0
Morocco,2007,31186468.0
Morocco,2008,31606767.0
Morocco,2009,32030778.0
Morocco,2010,32467016.0
Morocco,2011,32912588.0
Morocco,2012,33355241.0
Morocco,2013,33787571.0
Morocco,2014,34204780.0
Morocco,2015,34607588.0
Morocco,2016,35023457.0
Morocco,2017,35446392.0
Morocco,2018,35839760.0
Morocco,2019,36210898.0
Morocco,2020,36584208.0
Morocco,2021,36954442.0
Morocco,2022,37329064.0
Morocco,2023,37712505.0
Mozambique,2000,18129653.0
Mozambique,2001,18537729.0
Mozambique,2002,18958338.0
Mozambique,2003,19392475.0
Mozambique,2004,19840313.0
Mozambique,2005,20304569.0
Mozambique,2006,20787087.0
Mozambique,2007,21287635.0
Mozambique,2008,21819036.0
Mozambique,2009,22391745.0
Mozambique,2010,22999235.0
Mozambique,2011,23649039.0
Mozambique,2012,24337846.0
Mozambique,2013,25051611.0
Mozambique,2014,25788475.0
Mozambique,2015,26547572.0
Mozambique,2016,27337105.0
Mozambique,2017,28166393.0
Mozambique,2018,29018644.0
Mozambique,2019,29884380.0
Mozambique,2020,30783688.0
Mozambique,2021,31707800.0
Mozambique,2022,32656246.0
Mozambique,2023,33635160.0
Namibia,2000,1818647.0
Namibia,2001,1857048.0
Namibia,2002,1889970.0
Namibia,2003,1917464.0
Namibia,2004,1942082.0
Namibia,2005,1966582.0
Namibia,2006,1991888.0
Namibia,2007,2018600.0
Namibia,2008,2047056.0
Namibia,2009,2077394.0
Namibia,2010,2109811.0
Namibia,2011,2146325.0
Namibia,2012,2194654.0
Namibia,2013,2252508.0
Namibia,2014,2312139.0
Namibia,2015,2374300.0
Namibia,2016,2439213.0
Namibia,2017,2506853.0
Namibia,2018,2577327.0
Namibia,2019,2650494.0
Namibia,2020,2728762.0
Namibia,2021,2810548.0
Namibia,2022,2889662.0
Namibia,2023,2963095.0
Netherlands,2000,15925513.0
Netherlands,2001,16046180.0
Netherlands,2002,16148929.0
Netherlands,2003,16225302.0
Netherlands,2004,16281779.0
Netherlands,2005,16319868.0
Netherlands,2006,16346101.0
Netherlands,2007,16381696.0
Netherlands,2008,16445593.0
Netherlands,2009,16530388.0
Netherlands,2010,16615394.0
Netherlands,2011,16693074.0
Netherlands,2012,16754962.0
Netherlands,2013,16804432.0
Netherlands,2014,16865008.0
Netherlands,2015,16939923.0
Netherlands,2016,17030314.0
Netherlands,2017,17131296.0
Netherlands,2018,17231624.0
Netherlands,2019,17344874.0
Netherlands,2020,17441500.0
Netherlands,2021,17533044.0
Netherlands,2022,17700982.0
Netherlands,2023,17877117.0
New Zealand,2000,3857700.0
New Zealand,2001,3880500.0
New Zealand,2002,3948500.0
New Zealand,2003,4027200.0
New Zealand,2004,4087500.0
New Zealand,2005,4133900.0
New Zealand,2006,4184600.0
New Zealand,2007,4223800.0
New Zealand,2008,4259800.0
New Zealand,2009,4302600.0
New Zealand,2010,4350700.0
New Zealand,2011,4384000.0
New Zealand,2012,4408100.0
New Zealand,2013,4442100.0
New Zealand,2014,4516500.0
New Zealand,2015,4609400.0
New Zealand,2016,4714100.0
New Zealand,2017,4813600.0
New Zealand,2018,4900600.0
New Zealand,2019,4979200.0
New Zealand,2020,5090200.0
New Zealand,2021,5111300.0
New Zealand,2022,5117200.0
New Zealand,2023,5223100.0
Niger,2000,11509630.0
Niger,2001,11920647.0
Niger,2002,12349144.0
Niger,2003,12796984.0
Niger,2004,13265836.0
Niger,2005,13756192.0
Niger,2006,14268581.0
Niger,2007,14803610.0
Niger,2008,15361915.0
Niger,2009,15943675.0
Niger,2010,16548835.0
Niger,2011,17176283.0
Niger,2012,17836769.0
Niger,2013,18519898.0
Niger,2014,19215909.0
Niger,2015,19939498.0
Niger,2016,20685753.0
Niger,2017,21435446.0
Niger,2018,22188069.0
Niger,2019,22947757.0
Niger,2020,23717613.0
Niger,2021,24502140.0
Niger,2022,25311973.0
Niger,2023,26159867.0
Nigeria,2000,126382494.0
Nigeria,2001,129862595.0
Nigeria,2002,133471989.0
Nigeria,2003,137202644.0
Nigeria,2004,141057045.0
Nigeria,2005,145017253.0
Nigeria,2006,149077334.0
Nigeria,2007,153267261.0
Nigeria,2008,157595014.0
Nigeria,2009,162049464.0
Nigeria,2010,166642886.0
Nigeria,2011,171379598.0
Nigeria,2012,176200625.0
Nigeria,2013,181049443.0
Nigeria,2014,185896915.0
Nigeria,2015,190671878.0
Nigeria,2016,195443700.0
Nigeria,2017,200254579.0
Nigeria,2018,204938755.0
Nigeria,2019,209485641.0
Nigeria,2020,213996181.0
Nigeria,2021,218529286.0
Nigeria,2022,223150896.0
Nigeria,2023,227882945.0
North Macedonia,2000,2026350.0
North Macedonia,2001,2034882.0
North Macedonia,2002,2020157.0
North Macedonia,2003,2022725.0
North Macedonia,2004,2016186.0
North Macedonia,2005,2005330.0
North Macedonia,2006,1994287.0
North Macedonia,2007,1982933.0
North Macedonia,2008,1971493.0
North Macedonia,2009,1958782.0
North Macedonia,2010,1946298.0
North Macedonia,2011,1937398.0
North Macedonia,2012,1929821.0
North Macedonia,2013,1922716.0
North Macedonia,2014,1917557.0
North Macedonia,2015,1912430.0
North Macedonia,2016,1906313.0
North Macedonia,2017,1898657.0
North Macedonia,2018,1889051.0
North Macedonia,2019,1876262.0
North Macedonia,2020,1856124.0
North Macedonia,2021,1837114.0
North Macedonia,2022,1831712.0
North Macedonia,2023,1827816.0
Norway,2000,4490967.0
Norway,2001,4513751.0
Norway,2002,4538159.0
Norway,2003,4564855.0
Norway,2004,4591910.0
Norway,2005,4623291.0
Norway,2006,4660677.0
Norway,2007,4709153.0
Norway,2008,4768212.0
Norway,2009,4828726.0
Norway,2010,4889252.0
Norway,2011,4953088.0
Norway,2012,5018573.0
Norway,2013,5079623.0
Norway,2014,5137232.0
Norway,2015,5188607.0
Norway,2016,5234519.0
Norway,2017,5276968.0
Norway,2018,5311916.0
Norway,2019,5347896.0
Norway,2020,5379475.0
Norway,2021,5408320.0
Norway,2022,5457127.0
Norway,2023,5519594.0
Pakistan,2000,154879127.0
Pakistan,2001,159270907.0
Pakistan,2002,163222549.0
Pakistan,2003,167110248.0
Pakistan,2004,171286000.0
Pakistan,2005,175453212.0
Pakistan,2006,179682690.0
Pakistan,2007,184493231.0
Pakistan,2008,189499113.0
Pakistan,2009,194376534.0
Pakistan,2010,199239047.0
Pakistan,2011,203746065.0
Pakistan,2012,207667125.0
Pakistan,2013,211073978.0
Pakistan,2014,214264647.0
Pakistan,2015,217290883.0
Pakistan,2016,220138869.0
Pakistan,2017,223273967.0
Pakistan,2018,226928892.0
Pakistan,2019,230800899.0
Pakistan,2020,235001746.0
Pakistan,2021,239477801.0
Pakistan,2022,243700667.0
Pakistan,2023,247504495.0
Panama,2000,3010369.0
Panama,2001,3069537.0
Panama,2002,3129344.0
Panama,2003,3189807.0
Panama,2004,3251155.0
Panama,2005,3313026.0
Panama,2006,3375024.0
Panama,2007,3437490.0
Panama,2008,3500648.0
Panama,2009,3564381.0
Panama,2010,3628535.0
Panama,2011,3693505.0
Panama,2012,3759256.0
Panama,2013,3825329.0
Panama,2014,3892101.0
Panama,2015,3960035.0
Panama,2016,4029086.0
Panama,2017,4098707.0
Panama,2018,4167860.0
Panama,2019,4234700.0
Panama,2020,4293261.0
Panama,2021,4345405.0
Panama,2022,4400773.0
Panama,2023,4458759.0
Paraguay,2000,5100868.0
Paraguay,2001,5187689.0
Paraguay,2002,5261328.0
Paraguay,2003,5326436.0
Paraguay,2004,5388175.0
Paraguay,2005,5448097.0
Paraguay,2006,5505148.0
Paraguay,2007,5559386.0
Paraguay,2008,5613574.0
Paraguay,2009,5671236.0
Paraguay,2010,5737971.0
Paraguay,2011,5814626.0
Paraguay,2012,5897008.0
Paraguay,2013,5982445.0
Paraguay,2014,6069811.0
Paraguay,2015,6159103.0
Paraguay,2016,6249126.0
Paraguay,2017,6338660.0
Paraguay,2018,6427382.0
Paraguay,2019,6515058.0
Paraguay,2020,6603739.0
Paraguay,2021,6684182.0
Paraguay,2022,6760464.0
Paraguay,2023,6844146.0
Peru,2000,26598331.0
Peru,2001,26964601.0
Peru,2002,27288217.0
Peru,2003,27580490.0
Peru,2004,27852190.0
Peru,2005,28101180.0
Peru,2006,28324491.0
Peru,2007,28530699.0
Peru,2008,28719041.0
Peru,2009,28896811.0
Peru,2010,29086019.0
Peru,2011,29304086.0
Peru,2012,29550366.0
Peru,2013,29817919.0
Peru,2014,30115826.0
Peru,2015,30457600.0
Peru,2016,30866494.0
Peru,2017,31324637.0
Peru,2018,31897584.0
Peru,2019,32449303.0
Peru,2020,32838579.0
Peru,2021,33155882.0
Peru,2022,33475438.0
Peru,2023,33845617.0
Philippines,2000,79625397.0
Philippines,2001,81401488.0
Philippines,2002,83068889.0
Philippines,2003,84731835.0
Philippines,2004,86394504.0
Philippines,2005,88015962.0
Philippines,2006,89508986.0
Philippines,2007,91075184.0
Philippines,2008,92699095.0
Philippines,2009,94384250.0
Philippines,2010,96337125.0
Philippines,2011,98248614.0
Philippines,2012,100175512.0
Philippines,2013,102076336.0
Philippines,2014,103767130.0
Philippines,2015,105312992.0
Philippines,2016,106735719.0
Philippines,2017,108119693.0
Philippines,2018,109465287.0
Philippines,2019,110804683.0
Philippines,2020,112081264.0
Philippines,2021,113100950.0
Philippines,2022,113964338.0
Philippines,2023,114891199.0
Poland,2000,38258629.0
Poland,2001,38248076.0
Poland,2002,38230364.0
Poland,2003,38204570.0
Poland,2004,38182222.0
Poland,2005,38165445.0
Poland,2006,38141267.0
Poland,2007,38120560.0
Poland,2008,38125759.0
Poland,2009,38151603.0
Poland,2010,38042794.0
Poland,2011,38063255.0
Poland,2012,38063164.0
Poland,2013,38040196.0
Poland,2014,38011735.0
Poland,2015,37986412.0
Poland,2016,37970087.0
Poland,2017,37974826.0
Poland,2018,37974750.0
Poland,2019,37965475.0
Poland,2020,37899070.0
Poland,2021,36981559.0
Poland,2022,36821749.0
Poland,2023,36687353.0
Portugal,2000,10289898.0
Portugal,2001,10362722.0
Portugal,2002,10419631.0
Portugal,2003,10458821.0
Portugal,2004,10483861.0
Portugal,2005,10503330.0
Portugal,2006,10522288.0
Portugal,2007,10542964.0
Portugal,2008,10558177.0
Portugal,2009,10568247.0
Portugal,2010,10573100.0
Portugal,2011,10557560.0
Portugal,2012,10514844.0
Portugal,2013,10457295.0
Portugal,2014,10401062.0
Portugal,2015,10358076.0
Portugal,2016,10325452.0
Portugal,2017,10300300.0
Portugal,2018,10283822.0
Portugal,2019,10286263.0
Portugal,2020,10297081.0
Portugal,2021,10361831.0
Portugal,2022,10434332.0
Portugal,2023,10578174.0
Puerto Rico,2000,3810605.0
Puerto Rico,2001,3818774.0
Puerto Rico,2002,3823701.0
Puerto Rico,2003,3826095.0
Puerto Rico,2004,3826878.0
Puerto Rico,2005,3821362.0
Puerto Rico,2006,3805214.0
Puerto Rico,2007,3782995.0
Puerto Rico,2008,3760866.0
Puerto Rico,2009,3740410.0
Puerto Rico,2010,3721525.0
Puerto Rico,2011,3678732.0
Puerto Rico,2012,3634488.0
Puerto Rico,2013,3593077.0
Puerto Rico,2014,3534874.0
Puerto Rico,2015,3473232.0
Puerto Rico,2016,3406672.0
Puerto Rico,2017,3325286.0
Puerto Rico,2018,3193354.0
Puerto Rico,2019,3193694.0
Puerto Rico,2020,3281557.0
Puerto Rico,2021,3262693.0
Puerto Rico,2022,3220113.0
Puerto Rico,2023,3205691.0
Qatar,2000,644989.0
Qatar,2001,677925.0
Qatar,2002,711205.0
Qatar,2003,744682.0
Qatar,2004,773332.0
Qatar,2005,825408.0
Qatar,2006,972831.0
Qatar,2007,1208595.0
Qatar,2008,1426938.0
Qatar,2009,1608903.0
Qatar,2010,1616832.0
Qatar,2011,1624761.0
Qatar,2012,1722438.0
Qatar,2013,1916426.0
Qatar,2014,2151745.0
Qatar,2015,2344557.0
Qatar,2016,2477113.0
Qatar,2017,2545820.0
Qatar,2018,2580734.0
Qatar,2019,2638657.0
Qatar,2020,2794148.0
Qatar,2021,2504910.0
Qatar,2022,2657333.0
Qatar,2023,2656032.0
Romania,2000,22442971.0
Romania,2001,22131970.0
Romania,2002,21730496.0
Romania,2003,21574326.0
Romania,2004,21451748.0
Romania,2005,21319685.0
Romania,2006,21193760.0
Romania,2007,20882982.0
Romania,2008,20537875.0
Romania,2009,20367487.0
Romania,2010,20246871.0
Romania,2011,20147528.0
Romania,2012,20058035.0
Romania,2013,19983693.0
Romania,2014,19908979.0
Romania,2015,19815616.0
Romania,2016,19702267.0
Romania,2017,19588715.0
Romania,2018,19473970.0
Romania,2019,19371648.0
Romania,2020,19265250.0
Romania,2021,19122059.0
Romania,2022,19048502.0
Romania,2023,19059479.0
Russian Federation,2000,146596869.0
Russian Federation,2001,145976482.0
Russian Federation,2002,145306497.0
Russian Federation,2003,144648618.0
Russian Federation,2004,144067316.0
Russian Federation,2005,143518814.0
Russian Federation,2006,143049637.0
Russian Federation,2007,142805114.0
Russian Federation,2008,142742366.0
Russian Federation,2009,142785348.0
Russian Federation,2010,142849468.0
Russian Federation,2011,143018195.0
Russian Federation,2012,143378447.0
Russian Federation,2013,143805638.0
Russian Federation,2014,144237223.0
Russian Federation,2015,144640716.0
Russian Federation,2016,145015460.0
Russian Federation,2017,145293260.0
Russian Federation,2018,145398106.0
Russian Federation,2019,145453291.0
Russian Federation,2020,145245148.0
Russian Federation,2021,144746762.0
Russian Federation,2022,144236933.0
Russian Federation,2023,143826130.0
Samoa,2000,181685.0
Samoa,2001,183166.0
Samoa,2002,184471.0
Samoa,2003,185430.0
Samoa,2004,186249.0
Samoa,2005,186978.0
Samoa,2006,187709.0
Samoa,2007,188753.0
Samoa,2008,190107.0
Samoa,2009,191513.0
Samoa,2010,193023.0
Samoa,2011,194713.0
Samoa,2012,196498.0
Samoa,2013,198268.0
Samoa,2014,200037.0
Samoa,2015,201782.0
Samoa,2016,203499.0
Samoa,2017,205415.0
Samoa,2018,207582.0
Samoa,2019,209780.0
Samoa,2020,211944.0
Samoa,2021,213779.0
Samoa,2022,215261.0
Samoa,2023,216663.0
San Marino,2000,26799.0
San Marino,2001,27143.0
San Marino,2002,27491.0
San Marino,2003,27843.0
San Marino,2004,29457.0
San Marino,2005,29836.0
San Marino,2006,30184.0
San Marino,2007,31211.0
San Marino,2008,31662.0
San Marino,2009,33066.0
San Marino,2010,33270.0
San Marino,2011,32620.0
San Marino,2012,33469.0
San Marino,2013,33041.0
San Marino,2014,32655.0
San Marino,2015,32897.0
San Marino,2016,33101.0
San Marino,2017,33825.0
San Marino,2018,34522.0
San Marino,2019,34663.0
San Marino,2020,34770.0
San Marino,2021,34252.0
San Marino,2022,33755.0
San Marino,2023,33860.0
Saudi Arabia,2000,16177722.0
Saudi Arabia,2001,17041397.0
Saudi Arabia,2002,17910910.0
Saudi Arabia,2003,18786767.0
Saudi Arabia,2004,19669480.0
Saudi Arabia,2005,20559890.0
Saudi Arabia,2006,21459144.0
Saudi Arabia,2007,22368313.0
Saudi Arabia,2008,23287877.0
Saudi Arabia,2009,24217654.0
Saudi Arabia,2010,23978487.0
Saudi Arabia,2011,25091867.0
Saudi Arabia,2012,26168861.0
Saudi Arabia,2013,27624004.0
Saudi Arabia,2014,28309273.0
Saudi Arabia,2015,29816382.0
Saudi Arabia,2016,30954198.0
Saudi Arabia,2017,30977355.0
Saudi Arabia,2018,30196281.0
Saudi Arabia,2019,30063799.0
Saudi Arabia,2020,31552510.0
Saudi Arabia,2021,30784383.0
Saudi Arabia,2022,32175224.0
Saudi Arabia,2023,33264292.0
Serbia,2000,7516346.0
Serbia,2001,7503433.0
Serbia,2002,7500031.0
Serbia,2003,7480591.0
Serbia,2004,7463157.0
Serbia,2005,7440769.0
Serbia,2006,7411569.0
Serbia,2007,7381579.0
Serbia,2008,7350222.0
Serbia,2009,7320807.0
Serbia,2010,7291436.0
Serbia,2011,7236519.0
Serbia,2012,7201497.0
Serbia,2013,7166553.0
Serbia,2014,7131787.0
Serbia,2015,7095383.0
Serbia,2016,7058322.0
Serbia,2017,7020858.0
Serbia,2018,6982604.0
Serbia,2019,6945235.0
Serbia,2020,6899126.0
Serbia,2021,6834326.0
Serbia,2022,6664449.0
Serbia,2023,6623183.0
Singapore,2000,4027887.0
Singapore,2001,4138012.0
Singapore,2002,4175950.0
Singapore,2003,4114826.0
Singapore,2004,4166664.0
Singapore,2005,4265762.0
Singapore,2006,4401365.0
Singapore,2007,4588599.0
Singapore,2008,4839396.0
Singapore,2009,4987573.0
Singapore,2010,5076732.0
Singapore,2011,5183688.0
Singapore,2012,5312437.0
Singapore,2013,5399162.0
Singapore,2014,5469724.0
Singapore,2015,5535002.0
Singapore,2016,5607283.0
Singapore,2017,5612253.0
Singapore,2018,5638676.0
Singapore,2019,5703569.0
Singapore,2020,5685807.0
Singapore,2021,5453566.0
Singapore,2022,5637022.0
Singapore,2023,5917648.0
Slovak Republic,2000,5388720.0
Slovak Republic,2001,5378867.0
Slovak Republic,2002,5376912.0
Slovak Republic,2003,5373374.0
Slovak Republic,2004,5372280.0
Slovak Republic,2005,5372807.0
Slovak Republic,2006,5373054.0
Slovak Republic,2007,5374622.0
Slovak Republic,2008,5379233.0
Slovak Republic,2009,5386406.0
Slovak Republic,2010,5391428.0
Slovak Republic,2011,5398384.0
Slovak Republic,2012,5407579.0
Slovak Republic,2013,5413393.0
Slovak Republic,2014,5418649.0
Slovak Republic,2015,5423801.0
Slovak Republic,2016,5430798.0
Slovak Republic,2017,5439232.0
Slovak Republic,2018,5446771.0
Slovak Republic,2019,5454147.0
Slovak Republic,2020,5458827.0
Slovak Republic,2021,5447247.0
Slovak Republic,2022,5431752.0
Slovak Republic,2023,5426740.0
Slovenia,2000,1988925.0
Slovenia,2001,1992060.0
Slovenia,2002,1994530.0
Slovenia,2003,1995733.0
Slovenia,2004,1997012.0
Slovenia,2005,2000474.0
Slovenia,2006,2006868.0
Slovenia,2007,2018122.0
Slovenia,2008,2021316.0
Slovenia,2009,2039669.0
Slovenia,2010,2048583.0
Slovenia,2011,2052843.0
Slovenia,2012,2057159.0
Slovenia,2013,2059953.0
Slovenia,2014,2061980.0
Slovenia,2015,2063531.0
Slovenia,2016,2065042.0
Slovenia,2017,2066388.0
Slovenia,2018,2073894.0
Slovenia,2019,2088385.0
Slovenia,2020,2102419.0
Slovenia,2021,2108079.0
Slovenia,2022,2112076.0
Slovenia,2023,2120461.0
South Africa,2000,47159719.0
South Africa,2001,47566800.0
South Africa,2002,48019415.0
South Africa,2003,48500348.0
South Africa,2004,48991421.0
South Africa,2005,49490033.0
South Africa,2006,49998277.0
South Africa,2007,50528584.0
South Africa,2008,51114599.0
South Africa,2009,51728516.0
South Africa,2010,52344051.0
South Africa,2011,52995205.0
South Africa,2012,53782567.0
South Africa,2013,54678791.0
South Africa,2014,55594838.0
South Africa,2015,56723537.0
South Africa,2016,57259551.0
South Africa,2017,57635162.0
South Africa,2018,58613001.0
South Africa,2019,59587885.0
South Africa,2020,60562381.0
South Africa,2021,61502603.0
South Africa,2022,62378410.0
South Africa,2023,63212384.0
Spain,2000,40567864.0
Spain,2001,40850412.0
Spain,2002,41431558.0
Spain,2003,42187645.0
Spain,2004,42921895.0
Spain,2005,43653155.0
Spain,2006,44397319.0
Spain,2007,45226803.0
Spain,2008,45954106.0
Spain,2009,46362946.0
Spain,2010,46576897.0
Spain,2011,46742697.0
Spain,2012,46773055.0
Spain,2013,46620045.0
Spain,2014,46480882.0
Spain,2015,46444832.0
Spain,2016,46484062.0
Spain,2017,46593236.0
Spain,2018,46797754.0
Spain,2019,47134837.0
Spain,2020,47365655.0
Spain,2021,47415794.0
Spain,2022,47759127.0
Spain,2023,48347910.0
Sri Lanka,2000,19293054.0
Sri Lanka,2001,19600362.0
Sri Lanka,2002,19805752.0
Sri Lanka,2003,19951521.0
Sri Lanka,2004,20087605.0
Sri Lanka,2005,20216524.0
Sri Lanka,2006,20352411.0
Sri Lanka,2007,20492545.0
Sri Lanka,2008,20629378.0
Sri Lanka,2009,20756435.0
Sri Lanka,2010,20879089.0
Sri Lanka,2011,21009048.0
Sri Lanka,2012,21169458.0
Sri Lanka,2013,20585000.0
Sri Lanka,2014,20778000.0
Sri Lanka,2015,20970000.0
Sri Lanka,2016,21209000.0
Sri Lanka,2017,21444000.0
Sri Lanka,2018,21670000.0
Sri Lanka,2019,21803000.0
Sri Lanka,2020,21919000.0
Sri Lanka,2021,22156000.0
Sri Lanka,2022,22181000.0
Sri Lanka,2023,22037000.0
St. Lucia,2000,158616.0
St. Lucia,2001,160237.0
St. Lucia,2002,161641.0
St. Lucia,2003,162976.0
St. Lucia,2004,164239.0
St. Lucia,2005,165450.0
St. Lucia,2006,166639.0
St. Lucia,2007,167758.0
St. Lucia,2008,168808.0
St. Lucia,2009,169869.0
St. Lucia,2010,170906.0
St. Lucia,2011,171801.0
St. Lucia,2012,172587.0
St. Lucia,2013,173369.0
St. Lucia,2014,174138.0
St. Lucia,2015,174905.0
St. Lucia,2016,175646.0
St. Lucia,2017,176342.0
St. Lucia,2018,177017.0
St. Lucia,2019,177661.0
St. Lucia,2020,178250.0
St. Lucia,2021,178522.0
St. Lucia,2022,178781.0
St. Lucia,2023,179285.0
Sudan,2000,27816745.0
Sudan,2001,28516770.0
Sudan,2002,29228727.0
Sudan,2003,29896035.0
Sudan,2004,30556637.0
Sudan,2005,31262444.0
Sudan,2006,31992435.0
Sudan,2007,32764135.0
Sudan,2008,33623980.0
Sudan,2009,34569113.0
Sudan,2010,35414399.0
Sudan,2011,36140806.0
Sudan,2012,36923178.0
Sudan,2013,37785849.0
Sudan,2014,38823318.0
Sudan,2015,40024431.0
Sudan,2016,41259892.0
Sudan,2017,42714306.0
Sudan,2018,44230596.0
Sudan,2019,45548175.0
Sudan,2020,46789231.0
Sudan,2021,48066924.0
Sudan,2022,49383346.0
Sudan,2023,50042791.0
Sweden,2000,8872109.0
Sweden,2001,8895960.0
Sweden,2002,8924958.0
Sweden,2003,8958229.0
Sweden,2004,8993531.0
Sweden,2005,9029572.0
Sweden,2006,9080505.0
Sweden,2007,9148092.0
Sweden,2008,9219637.0
Sweden,2009,9298515.0
Sweden,2010,9378126.0
Sweden,2011,9449213.0
Sweden,2012,9519374.0
Sweden,2013,9600379.0
Sweden,2014,9696110.0
Sweden,2015,9799186.0
Sweden,2016,9923085.0
Sweden,2017,10057698.0
Sweden,2018,10175214.0
Sweden,2019,10278887.0
Sweden,2020,10353442.0
Sweden,2021,10415811.0
Sweden,2022,10486941.0
Sweden,2023,10536632.0
Switzerland,2000,7184250.0
Switzerland,2001,7229854.0
Switzerland,2002,7284753.0
Switzerland,2003,7339001.0
Switzerland,2004,7389625.0
Switzerland,2005,7437115.0
Switzerland,2006,7483934.0
Switzerland,2007,7551117.0
Switzerland,2008,7647675.0
Switzerland,2009,7743831.0
Switzerland,2010,7824909.0
Switzerland,2011,7912398.0
Switzerland,2012,7996861.0
Switzerland,2013,8089346.0
Switzerland,2014,8188649.0
Switzerland,2015,8282396.0
Switzerland,2016,8373338.0
Switzerland,2017,8451840.0
Switzerland,2018,8514329.0
Switzerland,2019,8575280.0
Switzerland,2020,8638167.0
Switzerland,2021,8704546.0
Switzerland,2022,8777088.0
Switzerland,2023,8888093.0
Syrian Arab Republic,2000,16637888.0
Syrian Arab Republic,2001,17051338.0
Syrian Arab Republic,2002,17468332.0
Syrian Arab Republic,2003,17889296.0
Syrian Arab Republic,2004,18336875.0
Syrian Arab Republic,2005,18814091.0
Syrian Arab Republic,2006,19637022.0
Syrian Arab Republic,2007,20884125.0
Syrian Arab Republic,2008,21636564.0
Syrian Arab Republic,2009,21976969.0
Syrian Arab Republic,2010,22482421.0
Syrian Arab Republic,2011,22878098.0
Syrian Arab Republic,2012,22759763.0
Syrian Arab Republic,2013,21666917.0
Syrian Arab Republic,2014,20273659.0
Syrian Arab Republic,2015,19424618.0
Syrian Arab Republic,2016,19193834.0
Syrian Arab Republic,2017,19224668.0
Syrian Arab Republic,2018,19577845.0
Syrian Arab Republic,2019,20353534.0
Syrian Arab Republic,2020,21049429.0
Syrian Arab Republic,2021,21628839.0
Syrian Arab Republic,2022,22462173.0
Syrian Arab Republic,2023,23594623.0
Tajikistan,2000,6284735.0
Tajikistan,2001,6407377.0
Tajikistan,2002,6531669.0
Tajikistan,2003,6658575.0
Tajikistan,2004,6790547.0
Tajikistan,2005,6924720.0
Tajikistan,2006,7057566.0
Tajikistan,2007,7194477.0
Tajikistan,2008,7338403.0
Tajikistan,2009,7490230.0
Tajikistan,2010,7652141.0
Tajikistan,2011,7824785.0
Tajikistan,2012,8014084.0
Tajikistan,2013,8216724.0
Tajikistan,2014,8425552.0
Tajikistan,2015,8643840.0
Tajikistan,2016,8865631.0
Tajikistan,2017,9085946.0
Tajikistan,2018,9307333.0
Tajikistan,2019,9529966.0
Tajikistan,2020,9749310.0
Tajikistan,2021,9966908.0
Tajikistan,2022,10182222.0
Tajikistan,2023,10389799.0
Thailand,2000,63007815.0
Thailand,2001,63651141.0
Thailand,2002,64266437.0
Thailand,2003,64868166.0
Thailand,2004,65452047.0
Thailand,2005,66017420.0
Thailand,2006,66567687.0
Thailand,2007,67102394.0
Thailand,2008,67619830.0
Thailand,2009,68121080.0
Thailand,2010,68579447.0
Thailand,2011,69007208.0
Thailand,2012,69436098.0
Thailand,2013,69845114.0
Thailand,2014,70216367.0
Thailand,2015,70540795.0
Thailand,2016,70859841.0
Thailand,2017,71160187.0
Thailand,2018,71376079.0
Thailand,2019,71522271.0
Thailand,2020,71641484.0
Thailand,2021,71727332.0
Thailand,2022,71735329.0
Thailand,2023,71702435.0
Togo,2000,5140037.0
Togo,2001,5277382.0
Togo,2002,5413274.0
Togo,2003,5552167.0
Togo,2004,5696508.0
Togo,2005,5844631.0
Togo,2006,6010668.0
Togo,2007,6188344.0
Togo,2008,6368812.0
Togo,2009,6551865.0
Togo,2010,6732590.0
Togo,2011,6916474.0
Togo,2012,7100736.0
Togo,2013,7285442.0
Togo,2014,7472450.0
Togo,2015,7663195.0
Togo,2016,7858289.0
Togo,2017,8057140.0
Togo,2018,8258778.0
Togo,2019,8463068.0
Togo,2020,8669720.0
Togo,2021,8878379.0
Togo,2022,9089738.0
Togo,2023,9304337.0
Trinidad and Tobago,2000,1319774.0
Trinidad and Tobago,2001,1325567.0
Trinidad and Tobago,2002,1332011.0
Trinidad and Tobago,2003,1338709.0
Trinidad and Tobago,2004,1345380.0
Trinidad and Tobago,2005,1294494.0
Trinidad and Tobago,2006,1297944.0
Trinidad and Tobago,2007,1303188.0
Trinidad and Tobago,2008,1308587.0
Trinidad and Tobago,2009,1310106.0
Trinidad and Tobago,2010,1317714.0
Trinidad and Tobago,2011,1328019.0
Trinidad and Tobago,2012,1335194.0
Trinidad and Tobago,2013,1340557.0
Trinidad and Tobago,2014,1345343.0
Trinidad and Tobago,2015,1349667.0
Trinidad and Tobago,2016,1353895.0
Trinidad and Tobago,2017,1356633.0
Trinidad and Tobago,2018,1359193.0
Trinidad and Tobago,2019,1363985.0
Trinidad and Tobago,2020,1366725.0
Trinidad and Tobago,2021,1367558.0
Trinidad and Tobago,2022,1365805.0
Trinidad and Tobago,2023,1367510.0
Tunisia,2000,9764935.0
Tunisia,2001,9869677.0
Tunisia,2002,9971515.0
Tunisia,2003,10071632.0
Tunisia,2004,10166163.0
Tunisia,2005,10255472.0
Tunisia,2006,10346410.0
Tunisia,2007,10441702.0
Tunisia,2008,10542635.0
Tunisia,2009,10650681.0
Tunisia,2010,10765980.0
Tunisia,2011,10886035.0
Tunisia,2012,11009647.0
Tunisia,2013,11141361.0
Tunisia,2014,11274288.0
Tunisia,2015,11402264.0
Tunisia,2016,11528674.0
Tunisia,2017,11650498.0
Tunisia,2018,11765514.0
Tunisia,2019,11875081.0
Tunisia,2020,11974057.0
Tunisia,2021,12048622.0
Tunisia,2022,12119334.0
Tunisia,2023,12200431.0
Turkiye,2000,65425961.0
Turkiye,2001,66245128.0
Turkiye,2002,67048795.0
Turkiye,2003,67831730.0
Turkiye,2004,68592617.0
Turkiye,2005,69329557.0
Turkiye,2006,70045349.0
Turkiye,2007,70158112.0
Turkiye,2008,71051678.0
Turkiye,2009,72039206.0
Turkiye,2010,73142150.0
Turkiye,2011,74223629.0
Turkiye,2012,75175827.0
Turkiye,2013,76147624.0
Turkiye,2014,77181884.0
Turkiye,2015,78218479.0
Turkiye,2016,79277962.0
Turkiye,2017,80312698.0
Turkiye,2018,81407204.0
Turkiye,2019,82579440.0
Turkiye,2020,83384680.0
Turkiye,2021,84147318.0
Turkiye,2022,84979913.0
Turkiye,2023,85325965.0
Turkmenistan,2000,4582677.0
Turkmenistan,2001,4675409.0
Turkmenistan,2002,4769465.0
Turkmenistan,2003,4863865.0
Turkmenistan,2004,4958093.0
Turkmenistan,2005,5052257.0
Turkmenistan,2006,5147105.0
Turkmenistan,2007,5244046.0
Turkmenistan,2008,5345029.0
Turkmenistan,2009,5451592.0
Turkmenistan,2010,5564356.0
Turkmenistan,2011,5683417.0
Turkmenistan,2012,5808546.0
Turkmenistan,2013,5939341.0
Turkmenistan,2014,6075283.0
Turkmenistan,2015,6215770.0
Turkmenistan,2016,6360041.0
Turkmenistan,2017,6507061.0
Turkmenistan,2018,6655524.0
Turkmenistan,2019,6803944.0
Turkmenistan,2020,6949912.0
Turkmenistan,2021,7092043.0
Turkmenistan,2022,7230193.0
Turkmenistan,2023,7364438.0
Uganda,2000,24000150.0
Uganda,2001,24745676.0
Uganda,2002,25532870.0
Uganda,2003,26352124.0
Uganda,2004,27154515.0
Uganda,2005,27963289.0
Uganda,2006,28794003.0
Uganda,2007,29653430.0
Uganda,2008,30539553.0
Uganda,2009,31451151.0
Uganda,2010,32390802.0
Uganda,2011,33354543.0
Uganda,2012,34337438.0
Uganda,2013,35337042.0
Uganda,2014,36395539.0
Uganda,2015,37531446.0
Uganda,2016,38799152.0
Uganda,2017,40177388.0
Uganda,2018,41565831.0
Uganda,2019,42999637.0
Uganda,2020,44457152.0
Uganda,2021,45910930.0
Uganda,2022,47312719.0
Uganda,2023,48656601.0
Ukraine,2000,49556660.0
Ukraine,2001,49106855.0
Ukraine,2002,48677281.0
Ukraine,2003,48315136.0
Ukraine,2004,47979507.0
Ukraine,2005,47585556.0
Ukraine,2006,47278694.0
Ukraine,2007,47062798.0
Ukraine,2008,46819175.0
Ukraine,2009,46623731.0
Ukraine,2010,46456003.0
Ukraine,2011,46307853.0
Ukraine,2012,46210056.0
Ukraine,2013,46126770.0
Ukraine,2014,45972380.0
Ukraine,2015,45784896.0
Ukraine,2016,45616832.0
Ukraine,2017,45436041.0
Ukraine,2018,45208907.0
Ukraine,2019,44957458.0
Ukraine,2020,44680014.0
Ukraine,2021,44298640.0
Ukraine,2022,41048766.0
Ukraine,2023,37732836.0
United Arab Emirates,2000,3493575.0
United Arab Emirates,2001,3723590.0
United Arab Emirates,2002,3956826.0
United Arab Emirates,2003,4192457.0
United Arab Emirates,2004,4428967.0
United Arab Emirates,2005,4664790.0
United Arab Emirates,2006,5009100.0
United Arab Emirates,2007,5624635.0
United Arab Emirates,2008,6302664.0
United Arab Emirates,2009,6707058.0
United Arab Emirates,2010,6869838.0
United Arab Emirates,2011,7104538.0
United Arab Emirates,2012,7391448.0
United Arab Emirates,2013,7693031.0
United Arab Emirates,2014,8059440.0
United Arab Emirates,2015,8505237.0
United Arab Emirates,2016,8935095.0
United Arab Emirates,2017,9223225.0
United Arab Emirates,2018,9346701.0
United Arab Emirates,2019,9445785.0
United Arab Emirates,2020,9401038.0
United Arab Emirates,2021,9575152.0
United Arab Emirates,2022,10074977.0
United Arab Emirates,2023,10483751.0
United Kingdom,2000,58892514.0
United Kingdom,2001,59119673.0
United Kingdom,2002,59370479.0
United Kingdom,2003,59647577.0
United Kingdom,2004,59987905.0
United Kingdom,2005,60401206.0
United Kingdom,2006,60846820.0
United Kingdom,2007,61322463.0
United Kingdom,2008,61806995.0
United Kingdom,2009,62276270.0
United Kingdom,2010,62766365.0
United Kingdom,2011,63258810.0
United Kingdom,2012,63700215.0
United Kingdom,2013,64128273.0
United Kingdom,2014,64602298.0
United Kingdom,2015,65116219.0
United Kingdom,2016,65611593.0
United Kingdom,2017,66058859.0
United Kingdom,2018,66460344.0
United Kingdom,2019,66836327.0
United Kingdom,2020,67081234.0
United Kingdom,2021,67026292.0
United Kingdom,2022,67791000.0
United Kingdom,2023,68350000.0
United States,2000,282162411.0
United States,2001,284968955.0
United States,2002,287625193.0
United States,2003,290107933.0
United States,2004,292805298.0
United States,2005,295516599.0
United States,2006,298379912.0
United States,2007,301231207.0
United States,2008,304093966.0
United States,2009,306771529.0
United States,2010,309327143.0
United States,2011,311583481.0
United States,2012,313877662.0
United States,2013,316059947.0
United States,2014,318386329.0
United States,2015,320738994.0
United States,2016,323071755.0
United States,2017,325122128.0
United States,2018,326838199.0
United States,2019,328329953.0
United States,2020,331526933.0
United States,2021,332048977.0
United States,2022,333271411.0
United States,2023,334914895.0
Uruguay,2000,3266206.0
Uruguay,2001,3274251.0
Uruguay,2002,3278867.0
Uruguay,2003,3281186.0
Uruguay,2004,3283148.0
Uruguay,2005,3285771.0
Uruguay,2006,3289506.0
Uruguay,2007,3295153.0
Uruguay,2008,3302177.0
Uruguay,2009,3310091.0
Uruguay,2010,3318580.0
Uruguay,2011,3326825.0
Uruguay,2012,3335401.0
Uruguay,2013,3345337.0
Uruguay,2014,3356334.0
Uruguay,2015,3368017.0
Uruguay,2016,3379283.0
Uruguay,2017,3388438.0
Uruguay,2018,3394534.0
Uruguay,2019,3397206.0
Uruguay,2020,3398968.0
Uruguay,2021,3396695.0
Uruguay,2022,3390913.0
Uruguay,2023,3388081.0
Uzbekistan,2000,24787054.0
Uzbekistan,2001,25090283.0
Uzbekistan,2002,25399980.0
Uzbekistan,2003,25711259.0
Uzbekistan,2004,26029350.0
Uzbekistan,2005,26356975.0
Uzbekistan,2006,26699043.0
Uzbekistan,2007,27076008.0
Uzbekistan,2008,27494774.0
Uzbekistan,2009,27939328.0
Uzbekistan,2010,28385506.0
Uzbekistan,2011,28823196.0
Uzbekistan,2012,29261903.0
Uzbekistan,2013,29724065.0
Uzbekistan,2014,30222994.0
Uzbekistan,2015,30749346.0
Uzbekistan,2016,31284568.0
Uzbekistan,2017,31819178.0
Uzbekistan,2018,32373490.0
Uzbekistan,2019,32964701.0
Uzbekistan,2020,33586372.0
Uzbekistan,2021,34243696.0
Uzbekistan,2022,34938955.0
Uzbekistan,2023,35652307.0
"Venezuela, RB",2000,24526708.0
"Venezuela, RB",2001,24979922.0
"Venezuela, RB",2002,25435671.0
"Venezuela, RB",2003,25892703.0
"Venezuela, RB",2004,26340838.0
"Venezuela, RB",2005,26785804.0
"Venezuela, RB",2006,27224686.0
"Venezuela, RB",2007,27649363.0
"Venezuela, RB",2008,28053696.0
"Venezuela, RB",2009,28438298.0
"Venezuela, RB",2010,28813101.0
"Venezuela, RB",2011,29185212.0
"Venezuela, RB",2012,29553826.0
"Venezuela, RB",2013,29912198.0
"Venezuela, RB",2014,30254079.0
"Venezuela, RB",2015,30573972.0
"Venezuela, RB",2016,30765720.0
"Venezuela, RB",2017,30565323.0
"Venezuela, RB",2018,29807592.0
"Venezuela, RB",2019,28938098.0
"Venezuela, RB",2020,28444077.0
"Venezuela, RB",2021,28237826.0
"Venezuela, RB",2022,28213017.0
"Venezuela, RB",2023,28300854.0
Zambia,2000,10017631.0
Zambia,2001,10325185.0
Zambia,2002,10647949.0
Zambia,2003,10983595.0
Zambia,2004,11338198.0
Zambia,2005,11718819.0
Zambia,2006,12129553.0
Zambia,2007,12565085.0
Zambia,2008,13021324.0
Zambia,2009,13490389.0
Zambia,2010,13965594.0
Zambia,2011,14437796.0
Zambia,2012,14913629.0
Zambia,2013,15398997.0
Zambia,2014,15895315.0
Zambia,2015,16399089.0
Zambia,2016,16914423.0
Zambia,2017,17441320.0
Zambia,2018,17973569.0
Zambia,2019,18513839.0
Zambia,2020,19059395.0
Zambia,2021,19603607.0
Zambia,2022,20152938.0
Zambia,2023,20723965.0
Zimbabwe,2000,11892055.0
Zimbabwe,2001,11971901.0
Zimbabwe,2002,12087653.0
Zimbabwe,2003,12232323.0
Zimbabwe,2004,12365896.0
Zimbabwe,2005,12483432.0
Zimbabwe,2006,12636445.0
Zimbabwe,2007,12804058.0
Zimbabwe,2008,12959149.0
Zimbabwe,2009,13142790.0
Zimbabwe,2010,13356548.0
Zimbabwe,2011,13595424.0
Zimbabwe,2012,13817887.0
Zimbabwe,2013,14013808.0
Zimbabwe,2014,14207359.0
Zimbabwe,2015,14399013.0
Zimbabwe,2016,14600294.0
Zimbabwe,2017,14812482.0
Zimbabwe,2018,15034452.0
Zimbabwe,2019,15271368.0
Zimbabwe,2020,15526888.0
Zimbabwe,2021,15797210.0
Zimbabwe,2022,16069056.0
Zimbabwe,2023,16340822.0
