Country Name,Year,GDP per capita,ISO3
Afghanistan,2000,174.9309914,AFG
Afghanistan,2001,138.7068217,AFG
Afghanistan,2002,178.9540884,AFG
Afghanistan,2003,198.8711157,AFG
Afghanistan,2004,221.7636539,AFG
Afghanistan,2005,254.1842491,AFG
Afghanistan,2006,274.2185536,AFG
Afghanistan,2007,376.223152,AFG
Afghanistan,2008,381.733238,AFG
Afghanistan,2009,452.0537055,AFG
Afghanistan,2010,560.6215055,AFG
Afghanistan,2011,606.6946763,AFG
Afghanistan,2012,651.4171345,AFG
Afghanistan,2013,637.0870991,AFG
Afghanistan,2014,625.0549418,AFG
Afghanistan,2015,565.5697304,AFG
Afghanistan,2016,522.0822156,AFG
Afghanistan,2017,525.4697709,AFG
Afghanistan,2018,491.3372214,AFG
Afghanistan,2019,496.6025043,AFG
Afghanistan,2020,510.7870634,AFG
Afghanistan,2021,356.4962141,AFG
Afghanistan,2022,357.2611528,AFG
Afghanistan,2023,415.7074171,AFG
Albania,2000,1126.68334,ALB
Albania,2001,1281.659826,ALB
Albania,2002,1425.124219,ALB
Albania,2003,1846.120121,ALB
Albania,2004,2373.581292,ALB
Albania,2005,2673.787816,ALB
Albania,2006,2972.743621,ALB
Albania,2007,3595.038295,ALB
Albania,2008,4370.539716,ALB
Albania,2009,4114.134033,ALB
Albania,2010,4094.349686,ALB
Albania,2011,4437.141161,ALB
Albania,2012,4247.631343,ALB
Albania,2013,4413.063383,ALB
Albania,2014,4578.633208,ALB
Albania,2015,3952.803574,ALB
Albania,2016,4124.05539,ALB
Albania,2017,4531.032207,ALB
Albania,2018,5365.489347,ALB
Albania,2019,5460.428237,ALB
Albania,2020,5370.778623,ALB
Albania,2021,6413.283286,ALB
Albania,2022,6846.426143,ALB
Albania,2023,8575.171134,ALB
Algeria,2000,1772.928691,DZA
Algeria,2001,1896.300209,DZA
Algeria,2002,1937.464114,DZA
Algeria,2003,2283.772993,DZA
Algeria,2004,2816.99385,DZA
Algeria,2005,3233.133396,DZA
Algeria,2006,3660.661047,DZA
Algeria,2007,4167.451699,DZA
Algeria,2008,5180.918815,DZA
Algeria,2009,4235.429905,DZA
Algeria,2010,4912.785855,DZA
Algeria,2011,5916.313644,DZA
Algeria,2012,6033.648847,DZA
Algeria,2013,5979.60139,DZA
Algeria,2014,6094.693923,DZA
Algeria,2015,4685.059027,DZA
Algeria,2016,4424.98529,DZA
Algeria,2017,4554.66754,DZA
Algeria,2018,4577.210292,DZA
Algeria,2019,4468.453419,DZA
Algeria,2020,3743.541952,DZA
Algeria,2021,4160.559267,DZA
Algeria,2022,4961.552577,DZA
Algeria,2023,5364.02795,DZA
Argentina,2000,7637.014892,ARG
Argentina,2001,7141.475077,ARG
Argentina,2002,2569.699635,ARG
Argentina,2003,3320.477751,ARG
Argentina,2004,4242.020991,ARG
Argentina,2005,5067.653423,ARG
Argentina,2006,5869.38029,ARG
Argentina,2007,7185.251551,ARG
Argentina,2008,8944.110266,ARG
Argentina,2009,8150.23527,ARG
Argentina,2010,10260.13131,ARG
Argentina,2011,12704.28318,ARG
Argentina,2012,12949.71749,ARG
Argentina,2013,12963.67577,ARG
Argentina,2014,12233.14441,ARG
Argentina,2015,13679.6265,ARG
Argentina,2016,12699.96231,ARG
Argentina,2017,14532.50093,ARG
Argentina,2018,11752.79989,ARG
Argentina,2019,9955.974787,ARG
Argentina,2020,8535.59938,ARG
Argentina,2021,10738.01792,ARG
Argentina,2022,13935.68111,ARG
Argentina,2023,14187.48273,ARG
Armenia,2000,593.4505817,ARM
Armenia,2001,659.5889885,ARM
Armenia,2002,742.6511183,ARM
Armenia,2003,882.0301677,ARM
Armenia,2004,1130.087914,ARM
Armenia,2005,1557.484589,ARM
Armenia,2006,2041.652671,ARM
Armenia,2007,2962.702346,ARM
Armenia,2008,3777.668593,ARM
Armenia,2009,2820.592655,ARM
Armenia,2010,3041.344507,ARM
Armenia,2011,3349.553098,ARM
Armenia,2012,3511.563997,ARM
Armenia,2013,3680.166922,ARM
Armenia,2014,3852.118006,ARM
Armenia,2015,3512.393503,ARM
Armenia,2016,3524.424769,ARM
Armenia,2017,3869.053739,ARM
Armenia,2018,4196.005623,ARM
Armenia,2019,4597.228874,ARM
Armenia,2020,4268.680933,ARM
Armenia,2021,4685.179971,ARM
Armenia,2022,6571.974455,ARM
Armenia,2023,8053.010663,ARM
Australia,2000,21870.41597,AUS
Australia,2001,19695.72974,AUS
Australia,2002,20301.84317,AUS
Australia,2003,23718.13385,AUS
Australia,2004,30836.73068,AUS
Australia,2005,34479.76793,AUS
Australia,2006,36595.70715,AUS
Australia,2007,41051.61207,AUS
Australia,2008,49701.28178,AUS
Australia,2009,42816.5674,AUS
Australia,2010,52144.66547,AUS
Australia,2011,62605.60046,AUS
Australia,2012,68072.87323,AUS
Australia,2013,68190.701,AUS
Australia,2014,62544.08738,AUS
Australia,2015,56739.02653,AUS
Australia,2016,49888.04108,AUS
Australia,2017,53901.71454,AUS
Australia,2018,57196.42208,AUS
Australia,2019,54972.70179,AUS
Australia,2020,51791.54018,AUS
Australia,2021,60607.77886,AUS
Australia,2022,64997.01365,AUS
Australia,2023,64820.91179,AUS
Austria,2000,24487.29747,AUT
Austria,2001,24430.49598,AUT
Austria,2002,26334.86222,AUT
Austria,2003,32110.11597,AUT
Austria,2004,36614.25065,AUT
Austria,2005,38157.37023,AUT
Austria,2006,40382.20783,AUT
Austria,2007,46622.96229,AUT
Austria,2008,51581.39824,AUT
Austria,2009,47857.44466,AUT
Austria,2010,46611.13934,AUT
Austria,2011,51116.89535,AUT
Austria,2012,48250.40591,AUT
Austria,2013,50305.35458,AUT
Austria,2014,51314.97226,AUT
Austria,2015,43915.22802,AUT
Austria,2016,45061.49939,AUT
Austria,2017,47163.74258,AUT
Austria,2018,51194.07498,AUT
Austria,2019,49885.99474,AUT
Austria,2020,48716.40989,AUT
Austria,2021,53648.71907,AUT
Austria,2022,52176.66491,AUT
Austria,2023,56033.57379,AUT
Azerbaijan,2000,655.0972496,AZE
Azerbaijan,2001,703.6709986,AZE
Azerbaijan,2002,763.1088955,AZE
Azerbaijan,2003,883.6925807,AZE
Azerbaijan,2004,1045.013633,AZE
Azerbaijan,2005,1578.36733,AZE
Azerbaijan,2006,2472.957257,AZE
Azerbaijan,2007,3851.330152,AZE
Azerbaijan,2008,5574.468104,AZE
Azerbaijan,2009,4950.39949,AZE
Azerbaijan,2010,5843.533768,AZE
Azerbaijan,2011,7189.818692,AZE
Azerbaijan,2012,7495.865277,AZE
Azerbaijan,2013,7875.345367,AZE
Azerbaijan,2014,7890.840281,AZE
Azerbaijan,2015,5500.503646,AZE
Azerbaijan,2016,3880.685228,AZE
Azerbaijan,2017,4147.198142,AZE
Azerbaijan,2018,4739.794312,AZE
Azerbaijan,2019,4805.753718,AZE
Azerbaijan,2020,4229.910649,AZE
Azerbaijan,2021,5408.045352,AZE
Azerbaijan,2022,7770.594223,AZE
Azerbaijan,2023,7125.908584,AZE
Bahamas,2000,24940.07751,BHS
Bahamas,2001,25371.92377,BHS
Bahamas,2002,26781.61959,BHS
Bahamas,2003,26429.12478,BHS
Bahamas,2004,26650.29342,BHS
Bahamas,2005,28602.41819,BHS
Bahamas,2006,29184.78651,BHS
Bahamas,2007,30051.84896,BHS
Bahamas,2008,29392.38244,BHS
Bahamas,2009,27512.9131,BHS
Bahamas,2010,27473.10043,BHS
Bahamas,2011,27090.83768,BHS
Bahamas,2012,28552.02427,BHS
Bahamas,2013,27432.95343,BHS
Bahamas,2014,28705.61708,BHS
Bahamas,2015,30289.40225,BHS
Bahamas,2016,30266.58592,BHS
Bahamas,2017,31337.18325,BHS
Bahamas,2018,32124.40511,BHS
Bahamas,2019,32979.54013,BHS
Bahamas,2020,25155.67254,BHS
Bahamas,2021,28682.327,BHS
Bahamas,2022,33044.38821,BHS
Bahamas,2023,35896.50511,BHS
Bahrain,2000,14214.48368,BHR
Bahrain,2001,13573.23399,BHR
Bahrain,2002,13501.47088,BHR
Bahrain,2003,14486.0269,BHR
Bahrain,2004,15963.94932,BHR
Bahrain,2005,17966.16578,BHR
Bahrain,2006,19267.28262,BHR
Bahrain,2007,20908.40425,BHR
Bahrain,2008,23299.49928,BHR
Bahrain,2009,19465.31407,BHR
Bahrain,2010,21819.32911,BHR
Bahrain,2011,25032.78677,BHR
Bahrain,2012,26438.67332,BHR
Bahrain,2013,26989.76011,BHR
Bahrain,2014,26451.79656,BHR
Bahrain,2015,23734.05511,BHR
Bahrain,2016,23800.00144,BHR
Bahrain,2017,24784.76935,BHR
Bahrain,2018,26324.40665,BHR
Bahrain,2019,27259.74386,BHR
Bahrain,2020,24342.84446,BHR
Bahrain,2021,27147.80839,BHR
Bahrain,2022,30616.26107,BHR
Bahrain,2023,29218.86056,BHR
Barbados,2000,11674.67365,BRB
Barbados,2001,11639.51605,BRB
Barbados,2002,11760.45247,BRB
Barbados,2003,12075.9587,BRB
Barbados,2004,12886.36653,BRB
Barbados,2005,14214.42022,BRB
Barbados,2006,15619.6006,BRB
Barbados,2007,17235.43964,BRB
Barbados,2008,17565.693,BRB
Barbados,2009,16294.90995,BRB
Barbados,2010,18860.38337,BRB
Barbados,2011,19345.99531,BRB
Barbados,2012,19034.0708,BRB
Barbados,2013,19308.00911,BRB
Barbados,2014,19277.94236,BRB
Barbados,2015,18954.29137,BRB
Barbados,2016,19065.80698,BRB
Barbados,2017,19692.76067,BRB
Barbados,2018,20055.91587,BRB
Barbados,2019,20583.72658,BRB
Barbados,2020,18347.11091,BRB
Barbados,2021,18696.7859,BRB
Barbados,2022,22164.02603,BRB
Barbados,2023,23804.02499,BRB
Belarus,2000,1276.280381,BLR
Belarus,2001,1244.373185,BLR
Belarus,2002,1479.380663,BLR
Belarus,2003,1819.526531,BLR
Belarus,2004,2378.337005,BLR
Belarus,2005,3126.071767,BLR
Belarus,2006,3848.223503,BLR
Belarus,2007,4735.481076,BLR
Belarus,2008,6376.175692,BLR
Belarus,2009,5352.488092,BLR
Belarus,2010,6034.678852,BLR
Belarus,2011,6527.659343,BLR
Belarus,2012,6953.215917,BLR
Belarus,2013,7998.080205,BLR
Belarus,2014,8341.290143,BLR
Belarus,2015,5967.06856,BLR
Belarus,2016,5039.775609,BLR
Belarus,2017,5785.533977,BLR
Belarus,2018,6360.053101,BLR
Belarus,2019,6837.768321,BLR
Belarus,2020,6542.86454,BLR
Belarus,2021,7489.718947,BLR
Belarus,2022,7994.648061,BLR
Belarus,2023,7829.053137,BLR
Belgium,2000,23098.88651,BEL
Belgium,2001,23015.07126,BEL
Belgium,2002,25006.1914,BEL
Belgium,2003,30655.20927,BEL
Belgium,2004,35429.40779,BEL
Belgium,2005,36809.70134,BEL
Belgium,2006,38705.1068,BEL
Belgium,2007,44319.16545,BEL
Belgium,2008,48303.39796,BEL
Belgium,2009,44923.34001,BEL
Belgium,2010,44197.39367,BEL
Belgium,2011,47760.82988,BEL
Belgium,2012,44874.17092,BEL
Belgium,2013,46964.59468,BEL
Belgium,2014,47995.7787,BEL
Belgium,2015,40893.80454,BEL
Belgium,2016,41854.54983,BEL
Belgium,2017,44035.32394,BEL
Belgium,2018,47487.21004,BEL
Belgium,2019,46716.62275,BEL
Belgium,2020,45906.28758,BEL
Belgium,2021,51655.78833,BEL
Belgium,2022,50807.20471,BEL
Belgium,2023,54700.90932,BEL
Bermuda,2000,56542.95695,BMU
Bermuda,2001,59490.2452,BMU
Bermuda,2002,63358.56587,BMU
Bermuda,2003,67106.80281,BMU
Bermuda,2004,71692.1589,BMU
Bermuda,2005,77628.10352,BMU
Bermuda,2006,97781.4559,BMU
Bermuda,2007,107395.6515,BMU
Bermuda,2008,110268.5624,BMU
Bermuda,2009,104711.7124,BMU
Bermuda,2010,104111.8242,BMU
Bermuda,2011,99049.01699,BMU
Bermuda,2012,100213.4934,BMU
Bermuda,2013,101704.4075,BMU
Bermuda,2014,100961.5766,BMU
Bermuda,2015,104855.3668,BMU
Bermuda,2016,108747.3561,BMU
Bermuda,2017,112339.4256,BMU
Bermuda,2018,113204.8221,BMU
Bermuda,2019,115798.0408,BMU
Bermuda,2020,106973.1757,BMU
Bermuda,2021,112712.0251,BMU
Bermuda,2022,120897.3112,BMU
Bermuda,2023,125841.6025,BMU
Botswana,2000,3450.811806,BWA
Botswana,2001,3206.071237,BWA
Botswana,2002,3117.250872,BWA
Botswana,2003,4230.123269,BWA
Botswana,2004,4956.692877,BWA
Botswana,2005,5391.070766,BWA
Botswana,2006,5291.583791,BWA
Botswana,2007,5529.125746,BWA
Botswana,2008,5503.073953,BWA
Botswana,2009,5082.933883,BWA
Botswana,2010,6215.732161,BWA
Botswana,2011,7287.382953,BWA
Botswana,2012,6595.53845,BWA
Botswana,2013,6666.912196,BWA
Botswana,2014,7122.364234,BWA
Botswana,2015,6141.203947,BWA
Botswana,2016,6749.059943,BWA
Botswana,2017,7104.964011,BWA
Botswana,2018,7407.959401,BWA
Botswana,2019,7172.089565,BWA
Botswana,2020,6323.314192,BWA
Botswana,2021,7808.20624,BWA
Botswana,2022,8329.040322,BWA
Botswana,2023,7820.232404,BWA
Brazil,2000,3766.548115,BRA
Brazil,2001,3176.289357,BRA
Brazil,2002,2855.940189,BRA
Brazil,2003,3090.60701,BRA
Brazil,2004,3663.823188,BRA
Brazil,2005,4827.781731,BRA
Brazil,2006,5934.144711,BRA
Brazil,2007,7409.691307,BRA
Brazil,2008,8908.331766,BRA
Brazil,2009,8678.659225,BRA
Brazil,2010,11403.28213,BRA
Brazil,2011,13396.62436,BRA
Brazil,2012,12521.72135,BRA
Brazil,2013,12458.89121,BRA
Brazil,2014,12274.99397,BRA
Brazil,2015,8936.196618,BRA
Brazil,2016,8836.286526,BRA
Brazil,2017,10080.50928,BRA
Brazil,2018,9300.661649,BRA
Brazil,2019,9029.833267,BRA
Brazil,2020,7074.193783,BRA
Brazil,2021,7972.53665,BRA
Brazil,2022,9281.333344,BRA
Brazil,2023,10294.86668,BRA
Bulgaria,2000,1621.262107,BGR
Bulgaria,2001,1770.907049,BGR
Bulgaria,2002,2092.982886,BGR
Bulgaria,2003,2719.494369,BGR
Bulgaria,2004,3389.687434,BGR
Bulgaria,2005,3899.825963,BGR
Bulgaria,2006,4523.146558,BGR
Bulgaria,2007,5888.776852,BGR
Bulgaria,2008,7271.303389,BGR
Bulgaria,2009,6988.273163,BGR
Bulgaria,2010,6863.667068,BGR
Bulgaria,2011,7857.16707,BGR
Bulgaria,2012,7430.73738,BGR
Bulgaria,2013,7687.713682,BGR
Bulgaria,2014,7912.274844,BGR
Bulgaria,2015,7078.860323,BGR
Bulgaria,2016,7570.931655,BGR
Bulgaria,2017,8381.881346,BGR
Bulgaria,2018,9436.144799,BGR
Bulgaria,2019,9838.60059,BGR
Bulgaria,2020,10198.53883,BGR
Bulgaria,2021,12274.0776,BGR
Bulgaria,2022,13644.20158,BGR
Bulgaria,2023,15885.53913,BGR
Burkina Faso,2000,248.9085269,BFA
Burkina Faso,2001,259.4852234,BFA
Burkina Faso,2002,285.6540876,BFA
Burkina Faso,2003,362.3739,BFA
Burkina Faso,2004,403.8128374,BFA
Burkina Faso,2005,441.164148,BFA
Burkina Faso,2006,455.5136556,BFA
Burkina Faso,2007,514.6844512,BFA
Burkina Faso,2008,619.4375333,BFA
Burkina Faso,2009,601.5695207,BFA
Burkina Faso,2010,624.9572522,BFA
Burkina Faso,2011,725.0247677,BFA
Burkina Faso,2012,731.4701389,BFA
Burkina Faso,2013,759.7620652,BFA
Burkina Faso,2014,764.8616751,BFA
Burkina Faso,2015,630.1247508,BFA
Burkina Faso,2016,663.7423648,BFA
Burkina Faso,2017,709.0915359,BFA
Burkina Faso,2018,777.4656185,BFA
Burkina Faso,2019,764.8530778,BFA
Burkina Faso,2020,825.2370388,BFA
Burkina Faso,2021,895.5352884,BFA
Burkina Faso,2022,836.1183046,BFA
Burkina Faso,2023,882.6898101,BFA
Burundi,2000,134.5378618,BDI
Burundi,2001,132.1595545,BDI
Burundi,2002,120.9523086,BDI
Burundi,2003,111.4066828,BDI
Burundi,2004,125.1949652,BDI
Burundi,2005,147.2346193,BDI
Burundi,2006,161.8927556,BDI
Burundi,2007,166.1627449,BDI
Burundi,2008,189.5020746,BDI
Burundi,2009,199.097633,BDI
Burundi,2010,216.7277053,BDI
Burundi,2011,230.0705774,BDI
Burundi,2012,231.6884964,BDI
Burundi,2013,234.8430454,BDI
Burundi,2014,250.5404811,BDI
Burundi,2015,280.9668313,BDI
Burundi,2016,235.2862054,BDI
Burundi,2017,236.6944726,BDI
Burundi,2018,224.8993924,BDI
Burundi,2019,210.2364945,BDI
Burundi,2020,210.0081399,BDI
Burundi,2021,214.0914554,BDI
Burundi,2022,250.6342254,BDI
Burundi,2023,193.0071456,BDI
Cameroon,2000,708.5657316,CMR
Cameroon,2001,715.4702965,CMR
Cameroon,2002,789.6238111,CMR
Cameroon,2003,988.2412768,CMR
Cameroon,2004,1133.393267,CMR
Cameroon,2005,1142.624663,CMR
Cameroon,2006,1191.45459,CMR
Cameroon,2007,1325.672482,CMR
Cameroon,2008,1492.142698,CMR
Cameroon,2009,1461.389992,CMR
Cameroon,2010,1398.58702,CMR
Cameroon,2011,1513.96057,CMR
Cameroon,2012,1449.098744,CMR
Cameroon,2013,1575.928821,CMR
Cameroon,2014,1649.443391,CMR
Cameroon,2015,1415.000097,CMR
Cameroon,2016,1441.720173,CMR
Cameroon,2017,1496.089518,CMR
Cameroon,2018,1610.696416,CMR
Cameroon,2019,1555.226605,CMR
Cameroon,2020,1555.603707,CMR
Cameroon,2021,1672.326573,CMR
Cameroon,2022,1604.87727,CMR
Cameroon,2023,1736.860911,CMR
Canada,2000,24271.00206,CAN
Canada,2001,23822.09621,CAN
Canada,2002,24256.01923,CAN
Canada,2003,28301.86459,CAN
Canada,2004,32145.54126,CAN
Canada,2005,36383.66001,CAN
Canada,2006,40504.0371,CAN
Canada,2007,44660.08389,CAN
Canada,2008,46710.25269,CAN
Canada,2009,40874.88319,CAN
Canada,2010,47560.6666,CAN
Canada,2011,52223.85884,CAN
Canada,2012,52670.34473,CAN
Canada,2013,52638.11872,CAN
Canada,2014,50960.84312,CAN
Canada,2015,43594.1941,CAN
Canada,2016,42314.06158,CAN
Canada,2017,45129.62812,CAN
Canada,2018,46539.17616,CAN
Canada,2019,46352.86934,CAN
Canada,2020,43537.8393,CAN
Canada,2021,52496.84417,CAN
Canada,2022,55509.39318,CAN
Canada,2023,53431.18571,CAN
Cape Verde,2000,1189.514793,CPV
Cape Verde,2001,1223.330553,CPV
Cape Verde,2002,1328.578743,CPV
Cape Verde,2003,1717.975654,CPV
Cape Verde,2004,1929.490815,CPV
Cape Verde,2005,2004.146804,CPV
Cape Verde,2006,2256.996662,CPV
Cape Verde,2007,3324.576752,CPV
Cape Verde,2008,3908.648858,CPV
Cape Verde,2009,3659.720464,CPV
Cape Verde,2010,3579.460061,CPV
Cape Verde,2011,4002.013869,CPV
Cape Verde,2012,3736.81517,CPV
Cape Verde,2013,3960.975968,CPV
Cape Verde,2014,3985.607065,CPV
Cape Verde,2015,3415.062667,CPV
Cape Verde,2016,3608.966066,CPV
Cape Verde,2017,3893.095723,CPV
Cape Verde,2018,4294.965105,CPV
Cape Verde,2019,4380.781192,CPV
Cape Verde,2020,3539.22662,CPV
Cape Verde,2021,3971.444074,CPV
Cape Verde,2022,4323.313627,CPV
Cape Verde,2023,4850.984158,CPV
Chile,2000,5052.992458,CHL
Chile,2001,4563.595299,CHL
Chile,2002,4430.847412,CHL
Chile,2003,4773.401775,CHL
Chile,2004,6120.591521,CHL
Chile,2005,7480.32331,CHL
Chile,2006,9318.656553,CHL
Chile,2007,10346.41382,CHL
Chile,2008,10683.21888,CHL
Chile,2009,10098.80172,CHL
Chile,2010,12632.87047,CHL
Chile,2011,14487.39278,CHL
Chile,2012,15241.907,CHL
Chile,2013,15683.54864,CHL
Chile,2014,14529.67672,CHL
Chile,2015,13433.9203,CHL
Chile,2016,13649.85205,CHL
Chile,2017,14879.90862,CHL
Chile,2018,15659.48087,CHL
Chile,2019,14495.71672,CHL
Chile,2020,13114.81547,CHL
Chile,2021,16216.57065,CHL
Chile,2022,15451.13196,CHL
Chile,2023,17067.81362,CHL
China,2000,959.3604314,CHN
China,2001,1053.112314,CHN
China,2002,1148.514257,CHN
China,2003,1288.637491,CHN
China,2004,1508.667916,CHN
China,2005,1753.414192,CHN
China,2006,2099.21943,CHN
China,2007,2693.958732,CHN
China,2008,3468.327063,CHN
China,2009,3832.227457,CHN
China,2010,4550.473944,CHN
China,2011,5614.386022,CHN
China,2012,6300.58218,CHN
China,2013,7020.386074,CHN
China,2014,7636.07434,CHN
China,2015,8016.445595,CHN
China,2016,8094.390167,CHN
China,2017,8817.045608,CHN
China,2018,9905.406383,CHN
China,2019,10143.86022,CHN
China,2020,10408.71955,CHN
China,2021,12617.5051,CHN
China,2022,12662.58267,CHN
China,2023,12614.06174,CHN
Colombia,2000,2555.00751,COL
Colombia,2001,2472.99084,COL
Colombia,2002,2428.929698,COL
Colombia,2003,2311.942188,COL
Colombia,2004,2818.571954,COL
Colombia,2005,3456.066109,COL
Colombia,2006,3789.853612,COL
Colombia,2007,4769.926147,COL
Colombia,2008,5541.836297,COL
Colombia,2009,5250.972924,COL
Colombia,2010,6398.295845,COL
Colombia,2011,7400.99407,COL
Colombia,2012,8108.598382,COL
Colombia,2013,8279.102556,COL
Colombia,2014,8187.208249,COL
Colombia,2015,6248.514905,COL
Colombia,2016,5959.842504,COL
Colombia,2017,6479.532313,COL
Colombia,2018,6816.968183,COL
Colombia,2019,6472.545449,COL
Colombia,2020,5339.687114,COL
Colombia,2021,6222.621644,COL
Colombia,2022,6674.596019,COL
Colombia,2023,6947.359287,COL
Costa Rica,2000,3812.753883,CRI
Costa Rica,2001,3985.129845,CRI
Costa Rica,2002,4067.718514,CRI
Costa Rica,2003,4173.148564,CRI
Costa Rica,2004,4431.011721,CRI
Costa Rica,2005,4703.007218,CRI
Costa Rica,2006,5256.596409,CRI
Costa Rica,2007,6137.711999,CRI
Costa Rica,2008,6937.242616,CRI
Costa Rica,2009,6832.698299,CRI
Costa Rica,2010,8265.788203,CRI
Costa Rica,2011,9276.391075,CRI
Costa Rica,2012,10126.9991,CRI
Costa Rica,2013,10803.2402,CRI
Costa Rica,2014,10911.49788,CRI
Costa Rica,2015,11714.7106,CRI
Costa Rica,2016,12091.03016,CRI
Costa Rica,2017,12317.09028,CRI
Costa Rica,2018,12590.24938,CRI
Costa Rica,2019,12884.686,CRI
Costa Rica,2020,12394.0494,CRI
Costa Rica,2021,12838.11854,CRI
Costa Rica,2022,13625.90085,CRI
Costa Rica,2023,16942.02681,CRI
Croatia,2000,4953.651588,HRV
Croatia,2001,5364.838247,HRV
Croatia,2002,6219.581641,HRV
Croatia,2003,8190.111352,HRV
Croatia,2004,9718.973228,HRV
Croatia,2005,10443.52784,HRV
Croatia,2006,11502.75312,HRV
Croatia,2007,13757.60565,HRV
Croatia,2008,15889.43471,HRV
Croatia,2009,14475.96329,HRV
Croatia,2010,13731.28652,HRV
Croatia,2011,14694.99932,HRV
Croatia,2012,13508.6837,HRV
Croatia,2013,14136.39677,HRV
Croatia,2014,14187.96945,HRV
Croatia,2015,12285.30326,HRV
Croatia,2016,12821.17381,HRV
Croatia,2017,13902.63105,HRV
Croatia,2018,15460.41833,HRV
Croatia,2019,15563.81674,HRV
Croatia,2020,14808.46202,HRV
Croatia,2021,17789.93047,HRV
Croatia,2022,18466.09555,HRV
Croatia,2023,21865.45628,HRV
Cuba,2000,2751.381771,CUB
Cuba,2001,2842.967043,CUB
Cuba,2002,3005.211042,CUB
Cuba,2003,3202.781099,CUB
Cuba,2004,3399.219629,CUB
Cuba,2005,3786.337992,CUB
Cuba,2006,4329.98266,CUB
Cuba,2007,4807.43889,CUB
Cuba,2008,4986.124365,CUB
Cuba,2009,5089.235198,CUB
Cuba,2010,5272.267558,CUB
Cuba,2011,6104.461052,CUB
Cuba,2012,6470.836734,CUB
Cuba,2013,6828.364282,CUB
Cuba,2014,7146.704591,CUB
Cuba,2015,7727.919972,CUB
Cuba,2016,8110.55874,CUB
Cuba,2017,8610.608295,CUB
Cuba,2018,8911.46206,CUB
Cuba,2019,9232.261159,CUB
Cuba,2020,9605.261251,CUB
Cyprus,2000,14388.35254,CYP
Cyprus,2001,14821.44922,CYP
Cyprus,2002,16093.21582,CYP
Cyprus,2003,20252.24609,CYP
Cyprus,2004,23792.61914,CYP
Cyprus,2005,24959.26172,CYP
Cyprus,2006,26729.28125,CYP
Cyprus,2007,31244.87891,CYP
Cyprus,2008,35397.29688,CYP
Cyprus,2009,32236.44922,CYP
Cyprus,2010,31105.02734,CYP
Cyprus,2011,32485.79688,CYP
Cyprus,2012,28991.93555,CYP
Cyprus,2013,27797.45703,CYP
Cyprus,2014,27244.35156,CYP
Cyprus,2015,23487.22852,CYP
Cyprus,2016,24715.1543,CYP
Cyprus,2017,26696.99023,CYP
Cyprus,2018,29599.98633,CYP
Cyprus,2019,29703.05273,CYP
Cyprus,2020,28649.01563,CYP
Cyprus,2021,33734.29297,CYP
Cyprus,2022,33938.94531,CYP
Cyprus,2023,36551.41797,CYP
Czech Republic,2000,6062.921528,CZE
Czech Republic,2001,6669.074948,CZE
Czech Republic,2002,8101.260186,CZE
Czech Republic,2003,9852.456779,CZE
Czech Republic,2004,11782.55467,CZE
Czech Republic,2005,13442.49163,CZE
Czech Republic,2006,15259.07882,CZE
Czech Republic,2007,18452.65328,CZE
Czech Republic,2008,22774.70451,CZE
Czech Republic,2009,19817.42158,CZE
Czech Republic,2010,20160.43551,CZE
Czech Republic,2011,22049.10808,CZE
Czech Republic,2012,20014.0354,CZE
Czech Republic,2013,20260.4955,CZE
Czech Republic,2014,20038.41632,CZE
Czech Republic,2015,17931.59877,CZE
Czech Republic,2016,18753.96867,CZE
Czech Republic,2017,20913.19763,CZE
Czech Republic,2018,23705.93298,CZE
Czech Republic,2019,24062.719,CZE
Czech Republic,2020,23472.89155,CZE
Czech Republic,2021,27696.46195,CZE
Czech Republic,2022,28282.22367,CZE
Czech Republic,2023,31591.17707,CZE
Denmark,2000,30722.02518,DNK
Denmark,2001,30768.47755,DNK
Denmark,2002,33257.16226,DNK
Denmark,2003,40519.09749,DNK
Denmark,2004,46625.0501,DNK
Denmark,2005,48925.80767,DNK
Denmark,2006,52119.1788,DNK
Denmark,2007,58631.65664,DNK
Denmark,2008,64616.66576,DNK
Denmark,2009,58412.74724,DNK
Denmark,2010,58104.54456,DNK
Denmark,2011,61809.7379,DNK
Denmark,2012,58443.77471,DNK
Denmark,2013,61377.59406,DNK
Denmark,2014,62520.45097,DNK
Denmark,2015,53094.01336,DNK
Denmark,2016,54500.92604,DNK
Denmark,2017,57521.5515,DNK
Denmark,2018,61324.7665,DNK
Denmark,2019,59404.26632,DNK
Denmark,2020,60985.48856,DNK
Denmark,2021,69727.98737,DNK
Denmark,2022,68091.31911,DNK
Denmark,2023,68453.87693,DNK
Dominica,2000,4867.398963,DMA
Dominica,2001,4981.895849,DMA
Dominica,2002,4873.6422,DMA
Dominica,2003,5009.573932,DMA
Dominica,2004,5348.949001,DMA
Dominica,2005,5299.495964,DMA
Dominica,2006,5671.770657,DMA
Dominica,2007,6120.442054,DMA
Dominica,2008,6654.499214,DMA
Dominica,2009,7102.02826,DMA
Dominica,2010,7171.552389,DMA
Dominica,2011,7255.672106,DMA
Dominica,2012,7031.399871,DMA
Dominica,2013,7147.619541,DMA
Dominica,2014,7395.302597,DMA
Dominica,2015,7679.832936,DMA
Dominica,2016,8278.447686,DMA
Dominica,2017,7614.34028,DMA
Dominica,2018,8137.565206,DMA
Dominica,2019,9009.090115,DMA
Dominica,2020,7461.779332,DMA
Dominica,2021,8262.650913,DMA
Dominica,2022,9085.674128,DMA
Dominica,2023,9832.996431,DMA
Dominican Republic,2000,2831.458836,DOM
Dominican Republic,2001,2935.893673,DOM
Dominican Republic,2002,3065.603295,DOM
Dominican Republic,2003,2383.261718,DOM
Dominican Republic,2004,2451.691616,DOM
Dominican Republic,2005,3878.312067,DOM
Dominican Republic,2006,4055.142703,DOM
Dominican Republic,2007,4649.645589,DOM
Dominican Republic,2008,5026.840911,DOM
Dominican Republic,2009,4977.798844,DOM
Dominican Republic,2010,5484.646379,DOM
Dominican Republic,2011,5834.705907,DOM
Dominican Republic,2012,6025.725827,DOM
Dominican Republic,2013,6149.027489,DOM
Dominican Republic,2014,6512.507714,DOM
Dominican Republic,2015,6819.932252,DOM
Dominican Republic,2016,7174.823496,DOM
Dominican Republic,2017,7499.692862,DOM
Dominican Republic,2018,7934.981412,DOM
Dominican Republic,2019,8164.220809,DOM
Dominican Republic,2020,7162.291752,DOM
Dominican Republic,2021,8472.47982,DOM
Dominican Republic,2022,10109.5234,DOM
Dominican Republic,2023,10717.62767,DOM
Ecuador,2000,1382.234218,ECU
Ecuador,2001,1791.303597,ECU
Ecuador,2002,2059.158554,ECU
Ecuador,2003,2315.622152,ECU
Ecuador,2004,2586.209147,ECU
Ecuador,2005,2909.02606,ECU
Ecuador,2006,3243.670104,ECU
Ecuador,2007,3478.924888,ECU
Ecuador,2008,4194.757507,ECU
Ecuador,2009,4053.363311,ECU
Ecuador,2010,4520.30959,ECU
Ecuador,2011,5153.691642,ECU
Ecuador,2012,5634.083932,ECU
Ecuador,2013,6109.290315,ECU
Ecuador,2014,6405.799793,ECU
Ecuador,2015,5976.159681,ECU
Ecuador,2016,5917.637713,ECU
Ecuador,2017,6233.322448,ECU
Ecuador,2018,6303.918925,ECU
Ecuador,2019,6205.057595,ECU
Ecuador,2020,5463.645096,ECU
Ecuador,2021,6075.802657,ECU
Ecuador,2022,6540.998245,ECU
Ecuador,2023,6609.804082,ECU
Egypt,2000,1366.092744,EGY
Egypt,2001,1295.137418,EGY
Egypt,2002,1116.828846,EGY
Egypt,2003,1031.275563,EGY
Egypt,2004,991.2556891,EGY
Egypt,2005,1104.803407,EGY
Egypt,2006,1298.979002,EGY
Egypt,2007,1547.741707,EGY
Egypt,2008,1896.215943,EGY
Egypt,2009,2161.639646,EGY
Egypt,2010,2455.081946,EGY
Egypt,2011,2590.643849,EGY
Egypt,2012,2996.067707,EGY
Egypt,2013,3025.525636,EGY
Egypt,2014,3133.391023,EGY
Egypt,2015,3306.981594,EGY
Egypt,2016,3270.628777,EGY
Egypt,2017,2395.103333,EGY
Egypt,2018,2484.703156,EGY
Egypt,2019,2962.98892,EGY
Egypt,2020,3511.11381,EGY
Egypt,2021,3827.354154,EGY
Egypt,2022,4233.307837,EGY
Egypt,2023,3457.456916,EGY
Eritrea,2000,314.3573968,ERI
Eritrea,2001,325.4091615,ERI
Eritrea,2002,304.7757565,ERI
Eritrea,2003,348.9503271,ERI
Eritrea,2004,426.8409479,ERI
Eritrea,2005,412.7530792,ERI
Eritrea,2006,447.9974047,ERI
Eritrea,2007,480.4476237,ERI
Eritrea,2008,490.066956,ERI
Eritrea,2009,642.9257229,ERI
Eritrea,2010,539.6995121,ERI
Eritrea,2011,688.6816596,ERI
Estonia,2000,4070.609024,EST
Estonia,2001,4502.66615,EST
Estonia,2002,5343.183108,EST
Estonia,2003,7205.407033,EST
Estonia,2004,8916.072827,EST
Estonia,2005,10414.63812,EST
Estonia,2006,12641.4801,EST
Estonia,2007,16745.4308,EST
Estonia,2008,18205.90641,EST
Estonia,2009,14712.44942,EST
Estonia,2010,14663.7041,EST
Estonia,2011,17555.54552,EST
Estonia,2012,17568.2138,EST
Estonia,2013,19310.38749,EST
Estonia,2014,20581.7899,EST
Estonia,2015,17722.15577,EST
Estonia,2016,18666.37365,EST
Estonia,2017,20851.52235,EST
Estonia,2018,23618.13613,EST
Estonia,2019,24021.25014,EST
Estonia,2020,23933.99394,EST
Estonia,2021,27953.76702,EST
Estonia,2022,28451.14778,EST
Estonia,2023,30133.30445,EST
Ethiopia,2000,122.2692026,ETH
Ethiopia,2001,118.4572043,ETH
Ethiopia,2002,109.5938136,ETH
Ethiopia,2003,116.8004911,ETH
Ethiopia,2004,133.1698125,ETH
Ethiopia,2005,158.2434581,ETH
Ethiopia,2006,189.3457375,ETH
Ethiopia,2007,237.146256,ETH
Ethiopia,2008,316.4104751,ETH
Ethiopia,2009,368.5747123,ETH
Ethiopia,2010,330.6194128,ETH
Ethiopia,2011,343.0249424,ETH
Ethiopia,2012,452.1010319,ETH
Ethiopia,2013,484.0398331,ETH
Ethiopia,2014,549.9865771,ETH
Ethiopia,2015,621.8456738,ETH
Ethiopia,2016,696.1958847,ETH
Ethiopia,2017,745.6324492,ETH
Ethiopia,2018,747.9681436,ETH
Ethiopia,2019,828.7089723,ETH
Ethiopia,2020,905.3131758,ETH
Ethiopia,2021,910.9478403,ETH
Ethiopia,2022,1011.073286,ETH
Ethiopia,2023,1272.016282,ETH
Fiji,2000,1995.720712,FJI
Fiji,2001,1944.997415,FJI
Fiji,2002,2136.567941,FJI
Fiji,2003,2655.580796,FJI
Fiji,2004,3097.190967,FJI
Fiji,2005,3377.69127,FJI
Fiji,2006,3455.105999,FJI
Fiji,2007,3762.746928,FJI
Fiji,2008,3899.922315,FJI
Fiji,2009,3164.132754,FJI
Fiji,2010,3449.144529,FJI
Fiji,2011,4139.602886,FJI
Fiji,2012,4341.403387,FJI
Fiji,2013,4572.443775,FJI
Fiji,2014,5293.356791,FJI
Fiji,2015,5097.531088,FJI
Fiji,2016,5363.790256,FJI
Fiji,2017,5826.848141,FJI
Fiji,2018,6085.419792,FJI
Fiji,2019,5950.828686,FJI
Fiji,2020,4844.42129,FJI
Fiji,2021,4696.171019,FJI
Fiji,2022,5405.030074,FJI
Fiji,2023,5888.736686,FJI
Finland,2000,24335.92251,FIN
Finland,2001,24965.203,FIN
Finland,2002,26989.38926,FIN
Finland,2003,32920.08572,FIN
Finland,2004,37768.13342,FIN
Finland,2005,39049.87038,FIN
Finland,2006,41214.01878,FIN
Finland,2007,48473.02401,FIN
Finland,2008,53769.47262,FIN
Finland,2009,47478.34953,FIN
Finland,2010,46506.2919,FIN
Finland,2011,51060.32426,FIN
Finland,2012,47551.67408,FIN
Finland,2013,49691.01452,FIN
Finland,2014,50073.77608,FIN
Finland,2015,42560.34568,FIN
Finland,2016,43451.25624,FIN
Finland,2017,46085.01747,FIN
Finland,2018,49654.2497,FIN
Finland,2019,48358.18078,FIN
Finland,2020,48828.68469,FIN
Finland,2021,53099.13514,FIN
Finland,2022,50438.4754,FIN
Finland,2023,52925.68976,FIN
France,2000,22340.59395,FRA
France,2001,22331.79483,FRA
France,2002,24144.5727,FRA
France,2003,29479.52221,FRA
France,2004,33644.92822,FRA
France,2005,34696.37183,FRA
France,2006,36431.56589,FRA
France,2007,41486.19078,FRA
France,2008,45464.81814,FRA
France,2009,41728.08842,FRA
France,2010,40694.82117,FRA
France,2011,43929.78409,FRA
France,2012,40863.58144,FRA
France,2013,42669.17951,FRA
France,2014,43148.04593,FRA
France,2015,36702.43237,FRA
France,2016,37024.21571,FRA
France,2017,38687.16264,FRA
France,2018,41418.17665,FRA
France,2019,40408.28486,FRA
France,2020,39169.8606,FRA
France,2021,43725.09995,FRA
France,2022,41082.81193,FRA
France,2023,44690.93454,FRA
Gabon,2000,3982.906201,GAB
Gabon,2001,3835.757183,GAB
Gabon,2002,3966.480019,GAB
Gabon,2003,4710.748628,GAB
Gabon,2004,5465.791936,GAB
Gabon,2005,6547.87614,GAB
Gabon,2006,6847.009857,GAB
Gabon,2007,8003.542897,GAB
Gabon,2008,9688.645197,GAB
Gabon,2009,7290.575261,GAB
Gabon,2010,8356.74662,GAB
Gabon,2011,10219.11393,GAB
Gabon,2012,9296.965879,GAB
Gabon,2013,9197.701063,GAB
Gabon,2014,9201.362766,GAB
Gabon,2015,7047.126546,GAB
Gabon,2016,6677.070039,GAB
Gabon,2017,6921.733731,GAB
Gabon,2018,7624.277523,GAB
Gabon,2019,7441.178647,GAB
Gabon,2020,6605.803461,GAB
Gabon,2021,8181.409141,GAB
Gabon,2022,8409.207415,GAB
Gabon,2023,7802.836596,GAB
Georgia,2000,749.908535,GEO
Georgia,2001,801.9838371,GEO
Georgia,2002,853.5261719,GEO
Georgia,2003,1010.031516,GEO
Georgia,2004,1305.047486,GEO
Georgia,2005,1642.783594,GEO
Georgia,2006,1996.020133,GEO
Georgia,2007,2635.366503,GEO
Georgia,2008,3324.753721,GEO
Georgia,2009,2822.689397,GEO
Georgia,2010,3281.729309,GEO
Georgia,2011,4119.668183,GEO
Georgia,2012,4530.695334,GEO
Georgia,2013,4712.002294,GEO
Georgia,2014,4830.334862,GEO
Georgia,2015,4086.622347,GEO
Georgia,2016,4143.401257,GEO
Georgia,2017,4418.752065,GEO
Georgia,2018,4804.054604,GEO
Georgia,2019,4741.283272,GEO
Georgia,2020,4300.857013,GEO
Georgia,2021,5083.606955,GEO
Georgia,2022,6729.846599,GEO
Georgia,2023,8283.669602,GEO
Germany,2000,23925.85599,DEU
Germany,2001,23878.36415,DEU
Germany,2002,25486.5942,DEU
Germany,2003,30711.10225,DEU
Germany,2004,34566.73591,DEU
Germany,2005,35084.43635,DEU
Germany,2006,36980.33499,DEU
Germany,2007,42350.92172,DEU
Germany,2008,46386.32959,DEU
Germany,2009,42487.21371,DEU
Germany,2010,42409.9357,DEU
Germany,2011,47646.58204,DEU
Germany,2012,44735.58823,DEU
Germany,2013,47220.01021,DEU
Germany,2014,48971.08247,DEU
Germany,2015,41911.01099,DEU
Germany,2016,42961.03569,DEU
Germany,2017,45526.59996,DEU
Germany,2018,48874.8595,DEU
Germany,2019,47623.86561,DEU
Germany,2020,47379.76519,DEU
Germany,2021,52265.65416,DEU
Germany,2022,49686.11546,DEU
Germany,2023,54343.22651,DEU
Ghana,2000,253.7469362,GHA
Ghana,2001,263.5421565,GHA
Ghana,2002,297.4616447,GHA
Ghana,2003,358.3992714,GHA
Ghana,2004,406.1321053,GHA
Ghana,2005,478.6119092,GHA
Ghana,2006,906.4410276,GHA
Ghana,2007,1050.124615,GHA
Ghana,2008,1182.657613,GHA
Ghana,2009,1047.704301,GHA
Ghana,2010,1263.892518,GHA
Ghana,2011,1507.435732,GHA
Ghana,2012,1543.775242,GHA
Ghana,2013,2294.025645,GHA
Ghana,2014,1953.645136,GHA
Ghana,2015,1721.699644,GHA
Ghana,2016,1913.186733,GHA
Ghana,2017,2012.970258,GHA
Ghana,2018,2196.612906,GHA
Ghana,2019,2186.189241,GHA
Ghana,2020,2196.547893,GHA
Ghana,2021,2445.500818,GHA
Ghana,2022,2240.279451,GHA
Ghana,2023,2260.287413,GHA
Great Britain,2000,28280.92679,GBR
Great Britain,2001,27906.5695,GBR
Great Britain,2002,30077.74143,GBR
Great Britain,2003,34442.68754,GBR
Great Britain,2004,40366.88867,GBR
Great Britain,2005,42104.78844,GBR
Great Britain,2006,44512.45903,GBR
Great Britain,2007,50397.6855,GBR
Great Britain,2008,47396.12021,GBR
Great Britain,2009,38744.13169,GBR
Great Britain,2010,39598.95712,GBR
Great Britain,2011,42109.64188,GBR
Great Britain,2012,42497.3405,GBR
Great Britain,2013,43426.29814,GBR
Great Britain,2014,47439.61659,GBR
Great Britain,2015,44964.39114,GBR
Great Britain,2016,40985.23514,GBR
Great Britain,2017,40572.12148,GBR
Great Britain,2018,43203.81411,GBR
Great Britain,2019,42662.53537,GBR
Great Britain,2020,40201.68124,GBR
Great Britain,2021,46896.86624,GBR
Great Britain,2022,45935.92765,GBR
Great Britain,2023,49463.85546,GBR
Greece,2000,11638.20107,GRC
Greece,2001,12156.95728,GRC
Greece,2002,13782.19564,GRC
Greece,2003,18020.61204,GRC
Greece,2004,21449.25528,GRC
Greece,2005,22054.13158,GRC
Greece,2006,24416.0233,GRC
Greece,2007,28440.76253,GRC
Greece,2008,31695.83311,GRC
Greece,2009,29425.45732,GRC
Greece,2010,26653.0488,GRC
Greece,2011,25504.78665,GRC
Greece,2012,21624.34605,GRC
Greece,2013,21573.34498,GRC
Greece,2014,21474.72571,GRC
Greece,2015,17980.72982,GRC
Greece,2016,17919.24264,GRC
Greece,2017,18631.99301,GRC
Greece,2018,19873.40152,GRC
Greece,2019,19335.3602,GRC
Greece,2020,17886.73317,GRC
Greece,2021,20654.7002,GRC
Greece,2022,20971.83493,GRC
Greece,2023,23400.72788,GRC
Grenada,2000,4839.828111,GRD
Grenada,2001,4819.507767,GRD
Grenada,2002,4984.474059,GRD
Grenada,2003,5427.963773,GRD
Grenada,2004,5480.261176,GRD
Grenada,2005,6338.560114,GRD
Grenada,2006,6344.038377,GRD
Grenada,2007,6864.548168,GRD
Grenada,2008,7448.204056,GRD
Grenada,2009,6932.564722,GRD
Grenada,2010,6909.601696,GRD
Grenada,2011,6947.381361,GRD
Grenada,2012,7092.719854,GRD
Grenada,2013,7424.802123,GRD
Grenada,2014,7986.334212,GRD
Grenada,2015,8694.12438,GRD
Grenada,2016,9221.234611,GRD
Grenada,2017,9751.426612,GRD
Grenada,2018,10083.02128,GRD
Grenada,2019,10462.79292,GRD
Grenada,2020,8968.558901,GRD
Grenada,2021,9622.240505,GRD
Grenada,2022,10474.26529,GRD
Grenada,2023,11246.34512,GRD
Guatemala,2000,1648.96579,GTM
Guatemala,2001,1537.686636,GTM
Guatemala,2002,1669.335175,GTM
Guatemala,2003,1722.547019,GTM
Guatemala,2004,1840.911849,GTM
Guatemala,2005,2046.466117,GTM
Guatemala,2006,2225.123475,GTM
Guatemala,2007,2458.815739,GTM
Guatemala,2008,2763.059882,GTM
Guatemala,2009,2611.646328,GTM
Guatemala,2010,2805.259602,GTM
Guatemala,2011,3168.983706,GTM
Guatemala,2012,3286.619593,GTM
Guatemala,2013,3444.159718,GTM
Guatemala,2014,3689.144725,GTM
Guatemala,2015,3893.505218,GTM
Guatemala,2016,4060.137556,GTM
Guatemala,2017,4324.996079,GTM
Guatemala,2018,4352.946518,GTM
Guatemala,2019,4511.997552,GTM
Guatemala,2020,4477.617618,GTM
Guatemala,2021,4913.947129,GTM
Guatemala,2022,5358.089638,GTM
Guatemala,2023,5762.821746,GTM
Hong Kong,2000,25756.77287,HKG
Hong Kong,2001,25230.37809,HKG
Hong Kong,2002,24665.83623,HKG
Hong Kong,2003,23977.17341,HKG
Hong Kong,2004,24928.10037,HKG
Hong Kong,2005,26649.63772,HKG
Hong Kong,2006,28224.09516,HKG
Hong Kong,2007,30593.95117,HKG
Hong Kong,2008,31515.52921,HKG
Hong Kong,2009,30697.53839,HKG
Hong Kong,2010,32550.13649,HKG
Hong Kong,2011,35142.48793,HKG
Hong Kong,2012,36730.7962,HKG
Hong Kong,2013,38403.77771,HKG
Hong Kong,2014,40315.37395,HKG
Hong Kong,2015,42432.16197,HKG
Hong Kong,2016,43734.19807,HKG
Hong Kong,2017,46160.42979,HKG
Hong Kong,2018,48537.56689,HKG
Hong Kong,2019,48359.0012,HKG
Hong Kong,2020,46109.22999,HKG
Hong Kong,2021,49770.56424,HKG
Hong Kong,2022,48826.05277,HKG
Hong Kong,2023,50531.73854,HKG
Hungary,2000,4624.281657,HUN
Hungary,2001,5276.033189,HUN
Hungary,2002,6655.333009,HUN
Hungary,2003,8419.430871,HUN
Hungary,2004,10301.70339,HUN
Hungary,2005,11223.3993,HUN
Hungary,2006,11489.56087,HUN
Hungary,2007,13940.90928,HUN
Hungary,2008,15772.33008,HUN
Hungary,2009,13077.30547,HUN
Hungary,2010,13217.5046,HUN
Hungary,2011,14234.47158,HUN
Hungary,2012,12984.83657,HUN
Hungary,2013,13715.07036,HUN
Hungary,2014,14294.25842,HUN
Hungary,2015,12717.0386,HUN
Hungary,2016,13104.69955,HUN
Hungary,2017,14621.2396,HUN
Hungary,2018,16425.20503,HUN
Hungary,2019,16786.21364,HUN
Hungary,2020,16131.95404,HUN
Hungary,2021,18755.10235,HUN
Hungary,2022,18353.29836,HUN
Hungary,2023,22141.86698,HUN
Iceland,2000,32096.37226,ISL
Iceland,2001,28897.44394,ISL
Iceland,2002,32409.21615,ISL
Iceland,2003,39476.69785,ISL
Iceland,2004,47334.93065,ISL
Iceland,2005,56794.85016,ISL
Iceland,2006,57492.93425,ISL
Iceland,2007,69495.72674,ISL
Iceland,2008,56943.37045,ISL
Iceland,2009,41301.27322,ISL
Iceland,2010,43237.07295,ISL
Iceland,2011,47714.59223,ISL
Iceland,2012,45995.54788,ISL
Iceland,2013,49804.983,ISL
Iceland,2014,54576.74481,ISL
Iceland,2015,52951.68151,ISL
Iceland,2016,61987.92636,ISL
Iceland,2017,72010.14903,ISL
Iceland,2018,74452.18907,ISL
Iceland,2019,68452.23622,ISL
Iceland,2020,59023.56635,ISL
Iceland,2021,69325.90783,ISL
Iceland,2022,75314.08556,ISL
Iceland,2023,79636.95486,ISL
India,2000,442.7502189,IND
India,2001,450.3579005,IND
India,2002,469.149929,IND
India,2003,544.1431335,IND
India,2004,624.2588265,IND
India,2005,710.4880804,IND
India,2006,801.6683537,IND
India,2007,1021.887077,IND
India,2008,992.5195849,IND
India,2009,1094.949746,IND
India,2010,1347.519391,IND
India,2011,1445.461275,IND
India,2012,1429.321995,IND
India,2013,1432.843975,IND
India,2014,1553.883961,IND
India,2015,1583.998159,IND
India,2016,1707.508929,IND
India,2017,1950.104683,IND
India,2018,1966.254552,IND
India,2019,2041.428637,IND
India,2020,1907.042516,IND
India,2021,2239.613844,IND
India,2022,2352.613925,IND
India,2023,2480.792087,IND
Indonesia,2000,763.711125,IDN
Indonesia,2001,732.3070934,IDN
Indonesia,2002,881.0029136,IDN
Indonesia,2003,1043.210584,IDN
Indonesia,2004,1126.840044,IDN
Indonesia,2005,1238.214476,IDN
Indonesia,2006,1558.315628,IDN
Indonesia,2007,1823.219763,IDN
Indonesia,2008,2124.554839,IDN
Indonesia,2009,2218.485419,IDN
Indonesia,2010,3065.683484,IDN
Indonesia,2011,3579.464425,IDN
Indonesia,2012,3632.27254,IDN
Indonesia,2013,3566.602845,IDN
Indonesia,2014,3441.068085,IDN
Indonesia,2015,3288.222697,IDN
Indonesia,2016,3521.469435,IDN
Indonesia,2017,3798.883262,IDN
Indonesia,2018,3860.953531,IDN
Indonesia,2019,4106.948562,IDN
Indonesia,2020,3853.702888,IDN
Indonesia,2021,4287.17314,IDN
Indonesia,2022,4730.745489,IDN
Indonesia,2023,4876.314327,IDN
Iran,2000,1650.013858,IRN
Iran,2001,1881.022666,IRN
Iran,2002,1891.257561,IRN
Iran,2003,2208.996366,IRN
Iran,2004,2672.422665,IRN
Iran,2005,3132.050819,IRN
Iran,2006,3618.916014,IRN
Iran,2007,4687.991663,IRN
Iran,2008,5377.411507,IRN
Iran,2009,5415.522806,IRN
Iran,2010,6291.194437,IRN
Iran,2011,8025.687434,IRN
Iran,2012,8114.080998,IRN
Iran,2013,6222.741948,IRN
Iran,2014,5672.063729,IRN
Iran,2015,4952.733555,IRN
Iran,2016,5477.037124,IRN
Iran,2017,5753.115447,IRN
Iran,2018,4631.78709,IRN
Iran,2019,3831.278948,IRN
Iran,2020,2988.781224,IRN
Iran,2021,4334.792686,IRN
Iran,2022,4405.092915,IRN
Iran,2023,4465.63767,IRN
Ireland,2000,26334.56721,IRL
Ireland,2001,28282.40988,IRL
Ireland,2002,32705.43456,IRL
Ireland,2003,41203.52958,IRL
Ireland,2004,47754.20232,IRL
Ireland,2005,50933.02161,IRL
Ireland,2006,54329.16186,IRL
Ireland,2007,61396.41746,IRL
Ireland,2008,61353.10656,IRL
Ireland,2009,52133.09092,IRL
Ireland,2010,48679.40268,IRL
Ireland,2011,52692.78131,IRL
Ireland,2012,49411.73875,IRL
Ireland,2013,52619.21237,IRL
Ireland,2014,57278.25909,IRL
Ireland,2015,64311.82347,IRL
Ireland,2016,64292.65997,IRL
Ireland,2017,72499.32687,IRL
Ireland,2018,81248.31354,IRL
Ireland,2019,82508.46599,IRL
Ireland,2020,87567.1149,IRL
Ireland,2021,105561.1375,IRL
Ireland,2022,106194.7559,IRL
Ireland,2023,103887.8004,IRL
Israel,2000,21660.84038,ISR
Israel,2001,20907.1143,ISR
Israel,2002,19034.31757,ISR
Israel,2003,19629.41451,ISR
Israel,2004,20546.22917,ISR
Israel,2005,21226.72139,ISR
Israel,2006,22502.07222,ISR
Israel,2007,25635.92684,ISR
Israel,2008,30176.28651,ISR
Israel,2009,28381.64494,ISR
Israel,2010,31338.55689,ISR
Israel,2011,34433.82261,ISR
Israel,2012,33236.57312,ISR
Israel,2013,36929.60422,ISR
Israel,2014,38230.4954,ISR
Israel,2015,36123.99079,ISR
Israel,2016,37556.62729,ISR
Israel,2017,40997.91102,ISR
Israel,2018,42233.26103,ISR
Israel,2019,44140.82894,ISR
Israel,2020,44679.77158,ISR
Israel,2021,52255.61591,ISR
Israel,2022,54930.72616,ISR
Israel,2023,52642.42675,ISR
Italy,2000,20190.00356,ITA
Italy,2001,20571.47877,ITA
Italy,2002,22463.52221,ITA
Italy,2003,27618.94177,ITA
Italy,2004,31425.82087,ITA
Italy,2005,32171.79337,ITA
Italy,2006,33684.72004,ITA
Italy,2007,38031.97095,ITA
Italy,2008,41095.40634,ITA
Italy,2009,37388.45371,ITA
Italy,2010,36184.71187,ITA
Italy,2011,38851.38813,ITA
Italy,2012,35235.79891,ITA
Italy,2013,35747.70795,ITA
Italy,2014,35750.71975,ITA
Italy,2015,30387.12932,ITA
Italy,2016,31126.32469,ITA
Italy,2017,32554.14668,ITA
Italy,2018,34746.34414,ITA
Italy,2019,33812.78872,ITA
Italy,2020,32091.48666,ITA
Italy,2021,36852.54254,ITA
Italy,2022,35635.74422,ITA
Italy,2023,39003.3161,ITA
Ivory Coast,2000,936.6365413,CIV
Ivory Coast,2001,924.727295,CIV
Ivory Coast,2002,967.8158644,CIV
Ivory Coast,2003,1111.171351,CIV
Ivory Coast,2004,1199.825245,CIV
Ivory Coast,2005,1197.74617,CIV
Ivory Coast,2006,1230.430568,CIV
Ivory Coast,2007,1367.538177,CIV
Ivory Coast,2008,1583.970667,CIV
Ivory Coast,2009,1540.453936,CIV
Ivory Coast,2010,1553.54887,CIV
Ivory Coast,2011,1596.628266,CIV
Ivory Coast,2012,1546.946018,CIV
Ivory Coast,2013,1786.15862,CIV
Ivory Coast,2014,1991.365394,CIV
Ivory Coast,2015,1814.718551,CIV
Ivory Coast,2016,1862.595971,CIV
Ivory Coast,2017,1964.299303,CIV
Ivory Coast,2018,2130.866194,CIV
Ivory Coast,2019,2141.768362,CIV
Ivory Coast,2020,2179.729348,CIV
Ivory Coast,2021,2455.981276,CIV
Ivory Coast,2022,2308.706547,CIV
Ivory Coast,2023,2530.846593,CIV
Jamaica,2000,3453.092528,JAM
Jamaica,2001,3503.550267,JAM
Jamaica,2002,3680.645517,JAM
Jamaica,2003,3549.707584,JAM
Jamaica,2004,3807.562931,JAM
Jamaica,2005,4184.439749,JAM
Jamaica,2006,4417.001271,JAM
Jamaica,2007,4716.486125,JAM
Jamaica,2008,5029.800953,JAM
Jamaica,2009,4428.381533,JAM
Jamaica,2010,4809.97738,JAM
Jamaica,2011,5232.636449,JAM
Jamaica,2012,5340.833332,JAM
Jamaica,2013,5124.213014,JAM
Jamaica,2014,4975.11327,JAM
Jamaica,2015,5062.895565,JAM
Jamaica,2016,5009.794501,JAM
Jamaica,2017,5259.313341,JAM
Jamaica,2018,5578.103461,JAM
Jamaica,2019,5607.243007,JAM
Jamaica,2020,4879.440246,JAM
Jamaica,2021,5165.33781,JAM
Jamaica,2022,6022.153411,JAM
Jamaica,2023,6839.725039,JAM
Japan,2000,39169.35957,JPN
Japan,2001,34406.18246,JPN
Japan,2002,32820.79364,JPN
Japan,2003,35387.03742,JPN
Japan,2004,38298.98017,JPN
Japan,2005,37812.89502,JPN
Japan,2006,35991.546,JPN
Japan,2007,35779.02454,JPN
Japan,2008,39876.30397,JPN
Japan,2009,41308.99684,JPN
Japan,2010,44968.15623,JPN
Japan,2011,48760.07895,JPN
Japan,2012,49145.28043,JPN
Japan,2013,40898.6479,JPN
Japan,2014,38475.39525,JPN
Japan,2015,34960.63938,JPN
Japan,2016,39375.47316,JPN
Japan,2017,38834.05293,JPN
Japan,2018,39751.1331,JPN
Japan,2019,40415.95676,JPN
Japan,2020,40040.76551,JPN
Japan,2021,40058.53733,JPN
Japan,2022,34017.27181,JPN
Japan,2023,33766.52683,JPN
Jordan,2000,1570.610029,JOR
Jordan,2001,1632.29454,JOR
Jordan,2002,1706.267444,JOR
Jordan,2003,1775.676256,JOR
Jordan,2004,1940.086413,JOR
Jordan,2005,2087.870793,JOR
Jordan,2006,2342.634596,JOR
Jordan,2007,2506.205995,JOR
Jordan,2008,3241.652414,JOR
Jordan,2009,3435.833759,JOR
Jordan,2010,3718.465716,JOR
Jordan,2011,3946.855039,JOR
Jordan,2012,4169.504701,JOR
Jordan,2013,4311.219167,JOR
Jordan,2014,4191.180501,JOR
Jordan,2015,4042.756781,JOR
Jordan,2016,3986.71677,JOR
Jordan,2017,4065.616287,JOR
Jordan,2018,4145.439897,JOR
Jordan,2019,4170.1144,JOR
Jordan,2020,4022.040136,JOR
Jordan,2021,4183.499983,JOR
Jordan,2022,4332.251599,JOR
Jordan,2023,4455.505405,JOR
Kazakhstan,2000,1180.044456,KAZ
Kazakhstan,2001,1422.273318,KAZ
Kazakhstan,2002,1573.552199,KAZ
Kazakhstan,2003,1958.020502,KAZ
Kazakhstan,2004,2722.474078,KAZ
Kazakhstan,2005,3577.35804,KAZ
Kazakhstan,2006,5030.134947,KAZ
Kazakhstan,2007,6449.439311,KAZ
Kazakhstan,2008,8123.547059,KAZ
Kazakhstan,2009,6938.011757,KAZ
Kazakhstan,2010,8793.0759,KAZ
Kazakhstan,2011,11287.14649,KAZ
Kazakhstan,2012,12018.79665,KAZ
Kazakhstan,2013,13478.45963,KAZ
Kazakhstan,2014,12427.70946,KAZ
Kazakhstan,2015,10196.12263,KAZ
Kazakhstan,2016,7475.566887,KAZ
Kazakhstan,2017,8943.084168,KAZ
Kazakhstan,2018,9472.485273,KAZ
Kazakhstan,2019,9457.126147,KAZ
Kazakhstan,2020,8781.507978,KAZ
Kazakhstan,2021,9983.601036,KAZ
Kazakhstan,2022,11255.33964,KAZ
Kazakhstan,2023,12918.86613,KAZ
Kenya,2000,414.6263651,KEN
Kenya,2001,410.7004525,KEN
Kenya,2002,402.9363856,KEN
Kenya,2003,442.8984573,KEN
Kenya,2004,463.6627813,KEN
Kenya,2005,523.4563124,KEN
Kenya,2006,699.8023706,KEN
Kenya,2007,840.2014395,KEN
Kenya,2008,915.5443547,KEN
Kenya,2009,1047.967832,KEN
Kenya,2010,1091.518731,KEN
Kenya,2011,1096.144998,KEN
Kenya,2012,1285.005362,KEN
Kenya,2013,1370.878852,KEN
Kenya,2014,1482.815663,KEN
Kenya,2015,1489.119598,KEN
Kenya,2016,1554.126103,KEN
Kenya,2017,1667.484472,KEN
Kenya,2018,1836.452755,KEN
Kenya,2019,1960.408089,KEN
Kenya,2020,1927.66459,KEN
Kenya,2021,2061.356221,KEN
Kenya,2022,2109.562885,KEN
Kenya,2023,1952.304579,KEN
Kosovo,2008,2877.393314,KOS
Kosovo,2009,2794.866995,KOS
Kosovo,2010,2987.545196,KOS
Kosovo,2011,3538.947598,KOS
Kosovo,2012,3410.655507,KOS
Kosovo,2013,3704.558728,KOS
Kosovo,2014,3902.494244,KOS
Kosovo,2015,3520.628507,KOS
Kosovo,2016,3759.449591,KOS
Kosovo,2017,4009.317993,KOS
Kosovo,2018,4384.186241,KOS
Kosovo,2019,4415.997161,KOS
Kosovo,2020,4310.888247,KOS
Kosovo,2021,5270.426702,KOS
Kosovo,2022,5290.947472,KOS
Kosovo,2023,5960.158205,KOS
Kuwait,2000,19296.34717,KWT
Kuwait,2001,17374.23187,KWT
Kuwait,2002,18512.7523,KWT
Kuwait,2003,22690.65518,KWT
Kuwait,2004,27552.28274,KWT
Kuwait,2005,36122.61427,KWT
Kuwait,2006,42946.63741,KWT
Kuwait,2007,45709.41329,KWT
Kuwait,2008,55585.18893,KWT
Kuwait,2009,37907.10013,KWT
Kuwait,2010,39212.27267,KWT
Kuwait,2011,49169.6064,KWT
Kuwait,2012,52155.22255,KWT
Kuwait,2013,49651.04397,KWT
Kuwait,2014,44368.78137,KWT
Kuwait,2015,29882.21269,KWT
Kuwait,2016,27323.68906,KWT
Kuwait,2017,29047.65358,KWT
Kuwait,2018,32067.96237,KWT
Kuwait,2019,31707.87375,KWT
Kuwait,2020,25236.07555,KWT
Kuwait,2021,34043.54215,KWT
Kuwait,2022,40077.23805,KWT
Kuwait,2023,33729.79855,KWT
Kyrgyzstan,2000,279.621767,KGZ
Kyrgyzstan,2001,308.4113267,KGZ
Kyrgyzstan,2002,321.7267754,KGZ
Kyrgyzstan,2003,380.5058288,KGZ
Kyrgyzstan,2004,433.2339157,KGZ
Kyrgyzstan,2005,476.5482398,KGZ
Kyrgyzstan,2006,543.1135125,KGZ
Kyrgyzstan,2007,721.771646,KGZ
Kyrgyzstan,2008,966.3885694,KGZ
Kyrgyzstan,2009,870.1988945,KGZ
Kyrgyzstan,2010,876.9544764,KGZ
Kyrgyzstan,2011,1117.401844,KGZ
Kyrgyzstan,2012,1168.622447,KGZ
Kyrgyzstan,2013,1269.663035,KGZ
Kyrgyzstan,2014,1264.526795,KGZ
Kyrgyzstan,2015,1105.65203,KGZ
Kyrgyzstan,2016,1103.274984,KGZ
Kyrgyzstan,2017,1221.390565,KGZ
Kyrgyzstan,2018,1283.520403,KGZ
Kyrgyzstan,2019,1421.999275,KGZ
Kyrgyzstan,2020,1229.517757,KGZ
Kyrgyzstan,2021,1349.997307,KGZ
Kyrgyzstan,2022,1739.720308,KGZ
Kyrgyzstan,2023,1970.15781,KGZ
Latvia,2000,3278.178964,LVA
Latvia,2001,3504.618295,LVA
Latvia,2002,4003.609358,LVA
Latvia,2003,4914.579928,LVA
Latvia,2004,6109.732652,LVA
Latvia,2005,7283.787381,LVA
Latvia,2006,9211.737447,LVA
Latvia,2007,13370.97895,LVA
Latvia,2008,15677.60809,LVA
Latvia,2009,11996.03227,LVA
Latvia,2010,11188.41917,LVA
Latvia,2011,12902.57405,LVA
Latvia,2012,13329.34999,LVA
Latvia,2013,14484.47153,LVA
Latvia,2014,15185.81458,LVA
Latvia,2015,13321.97531,LVA
Latvia,2016,13838.52668,LVA
Latvia,2017,15132.49583,LVA
Latvia,2018,17252.17104,LVA
Latvia,2019,17294.97516,LVA
Latvia,2020,17564.23215,LVA
Latvia,2021,20262.84339,LVA
Latvia,2022,20229.46136,LVA
Latvia,2023,22502.84299,LVA
Liechtenstein,2000,76087.91111,LIE
Liechtenstein,2001,75067.80017,LIE
Liechtenstein,2002,79795.17859,LIE
Liechtenstein,2003,90108.36736,LIE
Liechtenstein,2004,100280.8314,LIE
Liechtenstein,2005,105295.057,LIE
Liechtenstein,2006,114167.9392,LIE
Liechtenstein,2007,130492.5953,LIE
Liechtenstein,2008,143249.2273,LIE
Liechtenstein,2009,126024.7146,LIE
Liechtenstein,2010,141089.8128,LIE
Liechtenstein,2011,158066.3694,LIE
Liechtenstein,2012,148842.0351,LIE
Liechtenstein,2013,172823.6078,LIE
Liechtenstein,2014,178735.153,LIE
Liechtenstein,2015,167187.1573,LIE
Liechtenstein,2016,165375.4914,LIE
Liechtenstein,2017,170547.0923,LIE
Liechtenstein,2018,174988.7751,LIE
Liechtenstein,2019,166907.8393,LIE
Liechtenstein,2020,164671.0936,LIE
Liechtenstein,2021,196783.7294,LIE
Liechtenstein,2022,186400.2338,LIE
Lithuania,2000,3300.636349,LTU
Lithuania,2001,3532.527874,LTU
Lithuania,2002,4148.130915,LTU
Lithuania,2003,5507.474342,LTU
Lithuania,2004,6734.574871,LTU
Lithuania,2005,7857.031488,LTU
Lithuania,2006,9210.101182,LTU
Lithuania,2007,12295.12128,LTU
Lithuania,2008,14955.53455,LTU
Lithuania,2009,11854.37111,LTU
Lithuania,2010,11829.12261,LTU
Lithuania,2011,14261.84338,LTU
Lithuania,2012,14294.71786,LTU
Lithuania,2013,15655.35133,LTU
Lithuania,2014,16473.56782,LTU
Lithuania,2015,14300.25537,LTU
Lithuania,2016,14981.62081,LTU
Lithuania,2017,16884.71003,LTU
Lithuania,2018,19368.5391,LTU
Lithuania,2019,19727.76075,LTU
Lithuania,2020,20541.82499,LTU
Lithuania,2021,23934.72849,LTU
Lithuania,2022,25085.78406,LTU
Lithuania,2023,27786.00578,LTU
Malaysia,2000,4083.528745,MYS
Malaysia,2001,3943.799439,MYS
Malaysia,2002,4184.031638,MYS
Malaysia,2003,4465.321946,MYS
Malaysia,2004,4939.248519,MYS
Malaysia,2005,5555.5818,MYS
Malaysia,2006,6158.407855,MYS
Malaysia,2007,7168.930319,MYS
Malaysia,2008,8371.821561,MYS
Malaysia,2009,7191.432872,MYS
Malaysia,2010,8899.345055,MYS
Malaysia,2011,10217.10686,MYS
Malaysia,2012,10600.57442,MYS
Malaysia,2013,10713.64076,MYS
Malaysia,2014,11013.31073,MYS
Malaysia,2015,9648.679794,MYS
Malaysia,2016,9476.534098,MYS
Malaysia,2017,9862.548066,MYS
Malaysia,2018,10901.802,MYS
Malaysia,2019,10920.19176,MYS
Malaysia,2020,9957.526267,MYS
Malaysia,2021,10903.11164,MYS
Malaysia,2022,11748.09193,MYS
Malaysia,2023,11379.0861,MYS
Mauritius,2000,3981.983432,MUS
Mauritius,2001,3908.556949,MUS
Mauritius,2002,4073.060531,MUS
Mauritius,2003,4858.265755,MUS
Mauritius,2004,5460.608002,MUS
Mauritius,2005,5354.029743,MUS
Mauritius,2006,5695.975255,MUS
Mauritius,2007,6574.663576,MUS
Mauritius,2008,8030.052281,MUS
Mauritius,2009,7318.12641,MUS
Mauritius,2010,8000.376432,MUS
Mauritius,2011,9197.042991,MUS
Mauritius,2012,9291.236276,MUS
Mauritius,2013,9764.644131,MUS
Mauritius,2014,10366.35508,MUS
Mauritius,2015,9507.871337,MUS
Mauritius,2016,9965.725311,MUS
Mauritius,2017,10841.68478,MUS
Mauritius,2018,11643.4606,MUS
Mauritius,2019,11403.25279,MUS
Mauritius,2020,9011.042884,MUS
Mauritius,2021,9068.973002,MUS
Mauritius,2022,10239.79705,MUS
Mauritius,2023,11613.04416,MUS
Mexico,2000,7524.027137,MEX
Mexico,2001,7952.764796,MEX
Mexico,2002,7983.033985,MEX
Mexico,2003,7434.074649,MEX
Mexico,2004,7849.667596,MEX
Mexico,2005,8671.758919,MEX
Mexico,2006,9512.635753,MEX
Mexico,2007,10134.33271,MEX
Mexico,2008,10523.76854,MEX
Mexico,2009,8423.569332,MEX
Mexico,2010,9728.800784,MEX
Mexico,2011,10664.4944,MEX
Mexico,2012,10744.13352,MEX
Mexico,2013,11216.80085,MEX
Mexico,2014,11391.37735,MEX
Mexico,2015,10021.23861,MEX
Mexico,2016,9097.923977,MEX
Mexico,2017,9649.278168,MEX
Mexico,2018,10084.79376,MEX
Mexico,2019,10369.55536,MEX
Mexico,2020,8841.27075,MEX
Mexico,2021,10314.05067,MEX
Mexico,2022,11385.40708,MEX
Mexico,2023,13790.02434,MEX
Moldova,2000,440.538684,MDA
Moldova,2001,507.4040763,MDA
Moldova,2002,570.7998662,MDA
Moldova,2003,682.319096,MDA
Moldova,2004,897.1784947,MDA
Moldova,2005,1034.391977,MDA
Moldova,2006,1183.024814,MDA
Moldova,2007,1531.216186,MDA
Moldova,2008,2110.553054,MDA
Moldova,2009,1898.439757,MDA
Moldova,2010,2436.799351,MDA
Moldova,2011,2941.362241,MDA
Moldova,2012,3044.808432,MDA
Moldova,2013,3321.043978,MDA
Moldova,2014,3289.957586,MDA
Moldova,2015,2749.551371,MDA
Moldova,2016,2847.087948,MDA
Moldova,2017,3453.267277,MDA
Moldova,2018,4156.44982,MDA
Moldova,2019,4405.334182,MDA
Moldova,2020,4375.778893,MDA
Moldova,2021,5274.605822,MDA
Moldova,2022,5738.424735,MDA
Moldova,2023,6729.412868,MDA
Mongolia,2000,476.0275508,MNG
Mongolia,2001,524.4534836,MNG
Mongolia,2002,570.2492132,MNG
Mongolia,2003,643.1680689,MNG
Mongolia,2004,794.154552,MNG
Mongolia,2005,994.9001091,MNG
Mongolia,2006,1329.891796,MNG
Mongolia,2007,1627.687877,MNG
Mongolia,2008,2127.426786,MNG
Mongolia,2009,1703.327568,MNG
Mongolia,2010,2625.218814,MNG
Mongolia,2011,3736.042015,MNG
Mongolia,2012,4328.890019,MNG
Mongolia,2013,4340.143105,MNG
Mongolia,2014,4126.239758,MNG
Mongolia,2015,3838.92127,MNG
Mongolia,2016,3619.900264,MNG
Mongolia,2017,3645.967087,MNG
Mongolia,2018,4107.642885,MNG
Mongolia,2019,4347.546103,MNG
Mongolia,2020,4001.251931,MNG
Mongolia,2021,4517.61578,MNG
Mongolia,2022,4993.514875,MNG
Mongolia,2023,5838.631081,MNG
Montenegro,2000,1627.065119,MNE
Montenegro,2001,1909.598702,MNE
Montenegro,2002,2106.635068,MNE
Montenegro,2003,2789.159065,MNE
Montenegro,2004,3380.165121,MNE
Montenegro,2005,3674.617924,MNE
Montenegro,2006,4425.678873,MNE
Montenegro,2007,5976.394145,MNE
Montenegro,2008,7367.751909,MNE
Montenegro,2009,6727.107767,MNE
Montenegro,2010,6688.402596,MNE
Montenegro,2011,7328.789431,MNE
Montenegro,2012,6586.399703,MNE
Montenegro,2013,7188.863616,MNE
Montenegro,2014,7387.872969,MNE
Montenegro,2015,6517.192675,MNE
Montenegro,2016,7033.439624,MNE
Montenegro,2017,7803.358245,MNE
Montenegro,2018,8850.374925,MNE
Montenegro,2019,8909.653876,MNE
Montenegro,2020,7677.371321,MNE
Montenegro,2021,9465.96153,MNE
Montenegro,2022,10093.4387,MNE
Montenegro,2023,12221.47755,MNE
Morocco,2000,1499.107422,MAR
Morocco,2001,1506.245239,MAR
Morocco,2002,1596.02063,MAR
Morocco,2003,1941.872559,MAR
Morocco,2004,2183.55542,MAR
Morocco,2005,2242.988281,MAR
Morocco,2006,2438.126465,MAR
Morocco,2007,2755.585938,MAR
Morocco,2008,3183.200439,MAR
Morocco,2009,3119.588623,MAR
Morocco,2010,3067.985352,MAR
Morocco,2011,3301.98877,MAR
Morocco,2012,3164.177246,MAR
Morocco,2013,3379.743164,MAR
Morocco,2014,3435.406982,MAR
Morocco,2015,3146.247803,MAR
Morocco,2016,3140.855469,MAR
Morocco,2017,3296.526611,MAR
Morocco,2018,3501.697998,MAR
Morocco,2019,3508.097656,MAR
Morocco,2020,3268.030273,MAR
Morocco,2021,3785.936279,MAR
Morocco,2022,3455.39624,MAR
Morocco,2023,3771.446289,MAR
Mozambique,2000,327.1262398,MOZ
Mozambique,2001,304.7921386,MOZ
Mozambique,2002,313.8866617,MOZ
Mozambique,2003,339.4887378,MOZ
Mozambique,2004,400.0569732,MOZ
Mozambique,2005,436.7738562,MOZ
Mozambique,2006,457.4876478,MOZ
Mozambique,2007,507.8749239,MOZ
Mozambique,2008,592.1591112,MOZ
Mozambique,2009,547.6971442,MOZ
Mozambique,2010,496.1858394,MOZ
Mozambique,2011,618.1764929,MOZ
Mozambique,2012,685.6857482,MOZ
Mozambique,2013,686.5056725,MOZ
Mozambique,2014,697.1426804,MOZ
Mozambique,2015,610.5637747,MOZ
Mozambique,2016,441.4897348,MOZ
Mozambique,2017,470.9385631,MOZ
Mozambique,2018,517.5072603,MOZ
Mozambique,2019,519.0925509,MOZ
Mozambique,2020,462.4338765,MOZ
Mozambique,2021,509.9078295,MOZ
Mozambique,2022,578.2516638,MOZ
Mozambique,2023,622.9856193,MOZ
Namibia,2000,2156.675905,NAM
Namibia,2001,1915.589266,NAM
Namibia,2002,1772.075655,NAM
Namibia,2003,2569.247393,NAM
Namibia,2004,3403.154962,NAM
Namibia,2005,3685.773,NAM
Namibia,2006,4017.183472,NAM
Namibia,2007,4379.043137,NAM
Namibia,2008,4204.785554,NAM
Namibia,2009,4302.913741,NAM
Namibia,2010,5418.216334,NAM
Namibia,2011,5834.791768,NAM
Namibia,2012,5942.64681,NAM
Namibia,2013,5346.621311,NAM
Namibia,2014,5378.323262,NAM
Namibia,2015,4774.106509,NAM
Namibia,2016,4395.687762,NAM
Namibia,2017,5143.960723,NAM
Namibia,2018,5308.608134,NAM
Namibia,2019,4731.921032,NAM
Namibia,2020,3878.58983,NAM
Namibia,2021,4412.835569,NAM
Namibia,2022,4349.045322,NAM
Namibia,2023,4168.285211,NAM
Netherlands,2000,26225.16977,NLD
Netherlands,2001,26955.7128,NLD
Netherlands,2002,29446.53309,NLD
Netherlands,2003,35896.75046,NLD
Netherlands,2004,40611.34144,NLD
Netherlands,2005,42165.39617,NLD
Netherlands,2006,45123.54324,NLD
Netherlands,2007,52100.79963,NLD
Netherlands,2008,58246.70269,NLD
Netherlands,2009,53172.02616,NLD
Netherlands,2010,51305.73385,NLD
Netherlands,2011,54701.7728,NLD
Netherlands,2012,50473.9442,NLD
Netherlands,2013,52602.28605,NLD
Netherlands,2014,53457.22349,NLD
Netherlands,2015,45793.81354,NLD
Netherlands,2016,46808.52915,NLD
Netherlands,2017,49513.68173,NLD
Netherlands,2018,53955.077,NLD
Netherlands,2019,53554.90075,NLD
Netherlands,2020,53467.92774,NLD
Netherlands,2021,60141.98809,NLD
Netherlands,2022,59123.31856,NLD
Netherlands,2023,64572.00596,NLD
New Zealand,2000,13641.10272,NZL
New Zealand,2001,13882.85683,NZL
New Zealand,2002,16874.18749,NZL
New Zealand,2003,21913.70817,NZL
New Zealand,2004,25420.23488,NZL
New Zealand,2005,27751.06547,NZL
New Zealand,2006,26654.5932,NZL
New Zealand,2007,32479.98174,NZL
New Zealand,2008,31252.96256,NZL
New Zealand,2009,28209.36233,NZL
New Zealand,2010,33676.77412,NZL
New Zealand,2011,38388.52809,NZL
New Zealand,2012,39974.29973,NZL
New Zealand,2013,42977.38804,NZL
New Zealand,2014,44578.22539,NZL
New Zealand,2015,38639.35019,NZL
New Zealand,2016,40070.89566,NZL
New Zealand,2017,42913.18696,NZL
New Zealand,2018,43228.69765,NZL
New Zealand,2019,42747.20993,NZL
New Zealand,2020,41785.69229,NZL
New Zealand,2021,49624.18167,NZL
New Zealand,2022,48216.50958,NZL
New Zealand,2023,48280.81142,NZL
Niger,2000,194.7719599,NER
Niger,2001,205.4179361,NER
Niger,2002,225.2943911,NER
Niger,2003,265.2253635,NER
Niger,2004,283.4682818,NER
Niger,2005,318.6431219,NER
Niger,2006,333.3450784,NER
Niger,2007,387.1680659,NER
Niger,2008,475.0449554,NER
Niger,2009,461.131534,NER
Niger,2010,474.4256923,NER
Niger,2011,510.7595618,NER
Niger,2012,528.5101045,NER
Niger,2013,552.1033344,NER
Niger,2014,565.3098973,NER
Niger,2015,485.6625742,NER
Niger,2016,502.7064754,NER
Niger,2017,521.80413,NER
Niger,2018,578.5680357,NER
Niger,2019,561.6913043,NER
Niger,2020,579.5124958,NER
Niger,2021,608.7224396,NER
Niger,2022,609.7451476,NER
Niger,2023,642.9379179,NER
Nigeria,2000,547.3182989,NGA
Nigeria,2001,566.4282318,NGA
Nigeria,2002,712.1648521,NGA
Nigeria,2003,763.3887454,NGA
Nigeria,2004,962.4810419,NGA
Nigeria,2005,1211.377035,NGA
Nigeria,2006,1599.538916,NGA
Nigeria,2007,1815.526975,NGA
Nigeria,2008,2154.105435,NGA
Nigeria,2009,1820.486339,NGA
Nigeria,2010,2202.25673,NGA
Nigeria,2011,2418.41317,NGA
Nigeria,2012,2633.197347,NGA
Nigeria,2013,2872.790834,NGA
Nigeria,2014,3088.721313,NGA
Nigeria,2015,2585.733607,NGA
Nigeria,2016,2070.412734,NGA
Nigeria,2017,1876.340271,NGA
Nigeria,2018,2057.879446,NGA
Nigeria,2019,2265.155209,NGA
Nigeria,2020,2019.657063,NGA
Nigeria,2021,2017.274865,NGA
Nigeria,2022,2139.374785,NGA
Nigeria,2023,1596.636961,NGA
North Macedonia,2000,1861.898998,MKD
North Macedonia,2001,1823.022677,MKD
North Macedonia,2002,1989.135373,MKD
North Macedonia,2003,2445.362864,MKD
North Macedonia,2004,2818.581456,MKD
North Macedonia,2005,3120.984014,MKD
North Macedonia,2006,3440.441106,MKD
North Macedonia,2007,4204.113288,MKD
North Macedonia,2008,5026.420299,MKD
North Macedonia,2009,4799.787228,MKD
North Macedonia,2010,4833.365868,MKD
North Macedonia,2011,5416.866729,MKD
North Macedonia,2012,5049.826539,MKD
North Macedonia,2013,5626.261157,MKD
North Macedonia,2014,5925.385922,MKD
North Macedonia,2015,5262.686719,MKD
North Macedonia,2016,5598.486226,MKD
North Macedonia,2017,5955.297386,MKD
North Macedonia,2018,6713.989254,MKD
North Macedonia,2019,6718.858266,MKD
North Macedonia,2020,6659.596511,MKD
North Macedonia,2021,7620.80297,MKD
North Macedonia,2022,7606.237525,MKD
North Macedonia,2023,8624.293609,MKD
Norway,2000,38178.23688,NOR
Norway,2001,38601.89764,NOR
Norway,2002,43170.55717,NOR
Norway,2003,50250.32982,NOR
Norway,2004,57768.6981,NOR
Norway,2005,67047.17046,NOR
Norway,2006,74434.49968,NOR
Norway,2007,85502.26771,NOR
Norway,2008,97503.54078,NOR
Norway,2009,80347.57007,NOR
Norway,2010,88163.20859,NOR
Norway,2011,101221.8135,NOR
Norway,2012,102175.9193,NOR
Norway,2013,103553.8401,NOR
Norway,2014,97666.69518,NOR
Norway,2015,74809.9658,NOR
Norway,2016,70867.361,NOR
Norway,2017,76131.8384,NOR
Norway,2018,82792.84271,NOR
Norway,2019,76430.58895,NOR
Norway,2020,68340.0181,NOR
Norway,2021,93072.89251,NOR
Norway,2022,108798.4512,NOR
Norway,2023,87925.09442,NOR
Pakistan,2000,642.3383465,PAK
Pakistan,2001,609.9395069,PAK
Pakistan,2002,599.9373457,PAK
Pakistan,2003,672.4417867,PAK
Pakistan,2004,771.9022473,PAK
Pakistan,2005,827.6198612,PAK
Pakistan,2006,900.873565,PAK
Pakistan,2007,998.0901142,PAK
Pakistan,2008,1067.043246,PAK
Pakistan,2009,963.7880664,PAK
Pakistan,2010,987.3045711,PAK
Pakistan,2011,1131.735138,PAK
Pakistan,2012,1204.364755,PAK
Pakistan,2013,1225.434012,PAK
Pakistan,2014,1266.613408,PAK
Pakistan,2015,1380.470208,PAK
Pakistan,2016,1424.691612,PAK
Pakistan,2017,1519.234595,PAK
Pakistan,2018,1569.338146,PAK
Pakistan,2019,1390.41691,PAK
Pakistan,2020,1278.397352,PAK
Pakistan,2021,1455.319224,PAK
Pakistan,2022,1538.322813,PAK
Pakistan,2023,1365.277432,PAK
Panama,2000,3975.093087,PAN
Panama,2001,3991.776708,PAN
Panama,2002,4090.586174,PAN
Panama,2003,4264.664288,PAN
Panama,2004,4644.565824,PAN
Panama,2005,5017.741092,PAN
Panama,2006,5528.767055,PAN
Panama,2007,6317.817303,PAN
Panama,2008,7347.590503,PAN
Panama,2009,7796.92617,PAN
Panama,2010,8331.464214,PAN
Panama,2011,9662.295922,PAN
Panama,2012,11064.80636,PAN
Panama,2013,12273.3225,PAN
Panama,2014,13213.19896,PAN
Panama,2015,14082.65485,PAN
Panama,2016,14832.36116,PAN
Panama,2017,15694.62975,PAN
Panama,2018,16151.32735,PAN
Panama,2019,16477.90663,PAN
Panama,2020,13290.56083,PAN
Panama,2021,15509.80691,PAN
Panama,2022,17332.43607,PAN
Panama,2023,18686.4051,PAN
Paraguay,2000,1736.117292,PRY
Paraguay,2001,1637.686151,PRY
Paraguay,2002,1367.765069,PRY
Paraguay,2003,1443.998852,PRY
Paraguay,2004,1786.215339,PRY
Paraguay,2005,1970.871699,PRY
Paraguay,2006,2439.431247,PRY
Paraguay,2007,3211.936217,PRY
Paraguay,2008,4384.954694,PRY
Paraguay,2009,3941.848155,PRY
Paraguay,2010,4750.962737,PRY
Paraguay,2011,5805.401545,PRY
Paraguay,2012,5642.169917,PRY
Paraguay,2013,6435.683427,PRY
Paraguay,2014,6652.254789,PRY
Paraguay,2015,5879.337923,PRY
Paraguay,2016,5775.159634,PRY
Paraguay,2017,6152.267115,PRY
Paraguay,2018,6258.449916,PRY
Paraguay,2019,5821.181995,PRY
Paraguay,2020,5365.472207,PRY
Paraguay,2021,5976.931798,PRY
Paraguay,2022,6205.625954,PRY
Paraguay,2023,6276.351139,PRY
Peru,2000,1945.413385,PER
Peru,2001,1929.57273,PER
Peru,2002,2007.370196,PER
Peru,2003,2129.441142,PER
Peru,2004,2397.251473,PER
Peru,2005,2706.669473,PER
Peru,2006,3129.559965,PER
Peru,2007,3581.089308,PER
Peru,2008,4197.584446,PER
Peru,2009,4181.187555,PER
Peru,2010,5072.11494,PER
Peru,2011,5861.357936,PER
Peru,2012,6519.37853,PER
Peru,2013,6746.800257,PER
Peru,2014,6667.134104,PER
Peru,2015,6231.711503,PER
Peru,2016,6217.036,PER
Peru,2017,6736.166937,PER
Peru,2018,6978.491215,PER
Peru,2019,7037.008037,PER
Peru,2020,6133.325524,PER
Peru,2021,6826.972007,PER
Peru,2022,7363.272069,PER
Peru,2023,7906.585029,PER
Philippines,2000,1050.79273,PHL
Philippines,2001,969.5306117,PHL
Philippines,2002,1014.908793,PHL
Philippines,2003,1027.230119,PHL
Philippines,2004,1099.63013,PHL
Philippines,2005,1220.460186,PHL
Philippines,2006,1426.146492,PHL
Philippines,2007,1712.655433,PHL
Philippines,2008,1959.292335,PHL
Philippines,2009,1864.450434,PHL
Philippines,2010,2162.913759,PHL
Philippines,2011,2383.918925,PHL
Philippines,2012,2614.616444,PHL
Philippines,2013,2781.279577,PHL
Philippines,2014,2866.838038,PHL
Philippines,2015,2909.85818,PHL
Philippines,2016,2985.19564,PHL
Philippines,2017,3038.12125,PHL
Philippines,2018,3168.510366,PHL
Philippines,2019,3400.789498,PHL
Philippines,2020,3227.579102,PHL
Philippines,2021,3484.385939,PHL
Philippines,2022,3548.069306,PHL
Philippines,2023,3804.87258,PHL
Poland,2000,4520.641004,POL
Poland,2001,5015.2379,POL
Poland,2002,5223.45179,POL
Poland,2003,5720.813662,POL
Poland,2004,6711.727153,POL
Poland,2005,8043.923323,POL
Poland,2006,9068.855283,POL
Poland,2007,11272.52937,POL
Poland,2008,14048.56047,POL
Poland,2009,11556.30269,POL
Poland,2010,12567.73177,POL
Poland,2011,13867.66694,POL
Poland,2012,13087.42094,POL
Poland,2013,13621.90238,POL
Poland,2014,14262.28419,POL
Poland,2015,12637.52203,POL
Poland,2016,12464.01105,POL
Poland,2017,13913.34029,POL
Poland,2018,15658.21203,POL
Poland,2019,15874.52205,POL
Poland,2020,15987.57537,POL
Poland,2021,18635.51049,POL
Poland,2022,18891.21212,POL
Poland,2023,22056.66617,POL
Portugal,2000,11526.37207,PRT
Portugal,2001,11734.76497,PRT
Portugal,2002,12936.69282,PRT
Portugal,2003,15797.78213,PRT
Portugal,2004,18064.15809,PRT
Portugal,2005,18780.12751,PRT
Portugal,2006,19839.45405,PRT
Portugal,2007,22811.05648,PRT
Portugal,2008,24949.04136,PRT
Portugal,2009,23151.21541,PRT
Portugal,2010,22551.9351,PRT
Portugal,2011,23246.54254,PRT
Portugal,2012,20593.42742,PRT
Portugal,2013,21676.48596,PRT
Portugal,2014,22120.68501,PRT
Portugal,2015,19215.7813,PRT
Portugal,2016,19980.28089,PRT
Portugal,2017,21442.38428,PRT
Portugal,2018,23541.14011,PRT
Portugal,2019,23343.3629,PRT
Portugal,2020,22299.40441,PRT
Portugal,2021,24711.45101,PRT
Portugal,2022,24620.51956,PRT
Portugal,2023,27331.20949,PRT
Puerto Rico,2000,16192.12697,PRI
Puerto Rico,2001,18123.1987,PRI
Puerto Rico,2002,18731.45939,PRI
Puerto Rico,2003,19557.12025,PRI
Puerto Rico,2004,20988.99233,PRI
Puerto Rico,2005,21959.3227,PRI
Puerto Rico,2006,22935.94116,PRI
Puerto Rico,2007,23664.88235,PRI
Puerto Rico,2008,24898.33459,PRI
Puerto Rico,2009,25768.72589,PRI
Puerto Rico,2010,26435.74879,PRI
Puerto Rico,2011,27278.88305,PRI
Puerto Rico,2012,27944.73389,PRI
Puerto Rico,2013,28513.16574,PRI
Puerto Rico,2014,28981.45733,PRI
Puerto Rico,2015,29763.4883,PRI
Puerto Rico,2016,30627.1634,PRI
Puerto Rico,2017,31108.75275,PRI
Puerto Rico,2018,31615.06679,PRI
Puerto Rico,2019,32916.8668,PRI
Puerto Rico,2020,31427.42911,PRI
Puerto Rico,2021,32619.25042,PRI
Puerto Rico,2022,35268.0791,PRI
Puerto Rico,2023,36779.05949,PRI
Qatar,2000,27535.18294,QAT
Qatar,2001,25870.79919,QAT
Qatar,2002,27226.65935,QAT
Qatar,2003,31602.47087,QAT
Qatar,2004,41035.50084,QAT
Qatar,2005,53949.67641,QAT
Qatar,2006,62582.44531,QAT
Qatar,2007,65954.34195,QAT
Qatar,2008,80781.40392,QAT
Qatar,2009,60785.73516,QAT
Qatar,2010,77387.32679,QAT
Qatar,2011,103261.5065,QAT
Qatar,2012,108470.3788,QAT
Qatar,2013,103697.0084,QAT
Qatar,2014,95840.63101,QAT
Qatar,2015,68985.2947,QAT
Qatar,2016,61253.63755,QAT
Qatar,2017,63279.85569,QAT
Qatar,2018,71039.84906,QAT
Qatar,2019,66841.30135,QAT
Qatar,2020,51683.50544,QAT
Qatar,2021,71751.88312,QAT
Qatar,2022,88701.46335,QAT
Qatar,2023,80195.87465,QAT
Romania,2000,1659.929049,ROU
Romania,2001,1825.192994,ROU
Romania,2002,2119.855097,ROU
Romania,2003,2679.40626,ROU
Romania,2004,3494.990564,ROU
Romania,2005,4618.003508,ROU
Romania,2006,5757.531273,ROU
Romania,2007,8360.337759,ROU
Romania,2008,10435.15612,ROU
Romania,2009,8548.454341,ROU
Romania,2010,8399.537423,ROU
Romania,2011,9560.675528,ROU
Romania,2012,8929.953662,ROU
Romania,2013,9497.674116,ROU
Romania,2014,10031.77108,ROU
Romania,2015,8977.017482,ROU
Romania,2016,9404.540059,ROU
Romania,2017,10727.9822,ROU
Romania,2018,12502.26241,ROU
Romania,2019,12992.03261,ROU
Romania,2020,13082.30066,ROU
Romania,2021,14986.78549,ROU
Romania,2022,15557.88262,ROU
Romania,2023,18404.27309,ROU
Russian Olympic Committee,2000,1771.594116,RUS
Russian Olympic Committee,2001,2100.352539,RUS
Russian Olympic Committee,2002,2377.529541,RUS
Russian Olympic Committee,2003,2975.123047,RUS
Russian Olympic Committee,2004,4102.364746,RUS
Russian Olympic Committee,2005,5323.455078,RUS
Russian Olympic Committee,2006,6920.199707,RUS
Russian Olympic Committee,2007,9101.239258,RUS
Russian Olympic Committee,2008,11635.28418,RUS
Russian Olympic Committee,2009,8562.824219,RUS
Russian Olympic Committee,2010,10674.99023,RUS
Russian Olympic Committee,2011,14305.33203,RUS
Russian Olympic Committee,2012,15401.85156,RUS
Russian Olympic Committee,2013,15941.44824,RUS
Russian Olympic Committee,2014,14055.47266,RUS
Russian Olympic Committee,2015,9277.713867,RUS
Russian Olympic Committee,2016,8663.158203,RUS
Russian Olympic Committee,2017,10658.91309,RUS
Russian Olympic Committee,2018,11211.8877,RUS
Russian Olympic Committee,2019,11447.70117,RUS
Russian Olympic Committee,2020,10108.32715,RUS
Russian Olympic Committee,2021,12521.52246,RUS
Russian Olympic Committee,2022,15445.24219,RUS
Russian Olympic Committee,2023,13817.0459,RUS
Saint Lucia,2000,5879.561914,LCA
Saint Lucia,2001,5570.452471,LCA
Saint Lucia,2002,5567.894284,LCA
Saint Lucia,2003,6058.606221,LCA
Saint Lucia,2004,6494.600349,LCA
Saint Lucia,2005,6863.436419,LCA
Saint Lucia,2006,7611.178567,LCA
Saint Lucia,2007,7964.382115,LCA
Saint Lucia,2008,8516.960755,LCA
Saint Lucia,2009,8250.521807,LCA
Saint Lucia,2010,8673.687203,LCA
Saint Lucia,2011,9128.99442,LCA
Saint Lucia,2012,9260.300066,LCA
Saint Lucia,2013,9576.234634,LCA
Saint Lucia,2014,10044.82184,LCA
Saint Lucia,2015,10334.92256,LCA
Saint Lucia,2016,10638.1902,LCA
Saint Lucia,2017,11333.19639,LCA
Saint Lucia,2018,11642.74032,LCA
Saint Lucia,2019,11794.20565,LCA
Saint Lucia,2020,8411.199418,LCA
Saint Lucia,2021,10459.13212,LCA
Saint Lucia,2022,13103.76217,LCA
Saint Lucia,2023,13554.66519,LCA
Samoa,2000,1424.7524,WSM
Samoa,2001,1453.870213,WSM
Samoa,2002,1527.557905,WSM
Samoa,2003,1798.124297,WSM
Samoa,2004,2189.260426,WSM
Samoa,2005,2550.042214,WSM
Samoa,2006,2663.291359,WSM
Samoa,2007,3038.619041,WSM
Samoa,2008,3373.606399,WSM
Samoa,2009,3279.182695,WSM
Samoa,2010,3524.247925,WSM
Samoa,2011,3821.506783,WSM
Samoa,2012,3934.603208,WSM
Samoa,2013,4023.525401,WSM
Samoa,2014,3982.680802,WSM
Samoa,2015,4084.360838,WSM
Samoa,2016,4147.070977,WSM
Samoa,2017,4307.59382,WSM
Samoa,2018,4231.814095,WSM
Samoa,2019,4351.942349,WSM
Samoa,2020,4099.660091,WSM
Samoa,2021,3947.645179,WSM
Samoa,2022,3869.466395,WSM
Samoa,2023,4330.178405,WSM
San Marino,2000,37600.70774,SMR
San Marino,2001,39035.10343,SMR
San Marino,2002,41790.84327,SMR
San Marino,2003,52529.90937,SMR
San Marino,2004,58232.01762,SMR
San Marino,2005,59877.80058,SMR
San Marino,2006,63270.77808,SMR
San Marino,2007,70124.46344,SMR
San Marino,2008,75902.13205,SMR
San Marino,2009,62428.99433,SMR
San Marino,2010,56543.18982,SMR
San Marino,2011,55601.39297,SMR
San Marino,2012,47945.89917,SMR
San Marino,2013,50807.82891,SMR
San Marino,2014,51260.49383,SMR
San Marino,2015,43146.82404,SMR
San Marino,2016,44359.47977,SMR
San Marino,2017,45192.02798,SMR
San Marino,2018,47950.68806,SMR
San Marino,2019,46627.01224,SMR
San Marino,2020,44426.64634,SMR
San Marino,2021,54168.98283,SMR
San Marino,2022,54264.5705,SMR
Saudi Arabia,2000,11714.56237,SAU
Saudi Arabia,2001,10805.31133,SAU
Saudi Arabia,2002,10586.05435,SAU
Saudi Arabia,2003,11487.22041,SAU
Saudi Arabia,2004,13154.4979,SAU
Saudi Arabia,2005,15975.74738,SAU
Saudi Arabia,2006,17563.61454,SAU
Saudi Arabia,2007,18596.15026,SAU
Saudi Arabia,2008,22320.4889,SAU
Saudi Arabia,2009,17718.39116,SAU
Saudi Arabia,2010,22028.37902,SAU
Saudi Arabia,2011,26966.29416,SAU
Saudi Arabia,2012,28348.57301,SAU
Saudi Arabia,2013,27290.19781,SAU
Saudi Arabia,2014,27079.67339,SAU
Saudi Arabia,2015,22453.57155,SAU
Saudi Arabia,2016,21515.66001,SAU
Saudi Arabia,2017,23081.20453,SAU
Saudi Arabia,2018,28036.02647,SAU
Saudi Arabia,2019,27892.84215,SAU
Saudi Arabia,2020,23271.40376,SAU
Saudi Arabia,2021,28396.08642,SAU
Saudi Arabia,2022,34454.19577,SAU
Saudi Arabia,2023,32093.9623,SAU
Serbia,2000,974.7254693,SRB
Serbia,2001,1812.420883,SRB
Serbia,2002,2390.734594,SRB
Serbia,2003,3153.901131,SRB
Serbia,2004,3597.087981,SRB
Serbia,2005,3807.974173,SRB
Serbia,2006,4492.71367,SRB
Serbia,2007,6081.087657,SRB
Serbia,2008,7376.735179,SRB
Serbia,2009,6414.044846,SRB
Serbia,2010,5970.926609,SRB
Serbia,2011,7082.286167,SRB
Serbia,2012,6263.040861,SRB
Serbia,2013,7040.418121,SRB
Serbia,2014,6886.678091,SRB
Serbia,2015,5820.321558,SRB
Serbia,2016,5982.370301,SRB
Serbia,2017,6548.036538,SRB
Serbia,2018,7559.861657,SRB
Serbia,2019,7755.632986,SRB
Serbia,2020,8098.709557,SRB
Serbia,2021,9680.527981,SRB
Serbia,2022,10022.96885,SRB
Serbia,2023,12281.50585,SRB
Singapore,2000,23852.83895,SGP
Singapore,2001,21699.74149,SGP
Singapore,2002,22159.83737,SGP
Singapore,2003,23730.38401,SGP
Singapore,2004,27608.08001,SGP
Singapore,2005,29961.31728,SGP
Singapore,2006,33768.45282,SGP
Singapore,2007,39432.88602,SGP
Singapore,2008,40008.57205,SGP
Singapore,2009,38926.80544,SGP
Singapore,2010,47236.68308,SGP
Singapore,2011,53891.45703,SGP
Singapore,2012,55547.55531,SGP
Singapore,2013,56967.42579,SGP
Singapore,2014,57564.80231,SGP
Singapore,2015,55645.60686,SGP
Singapore,2016,56899.91818,SGP
Singapore,2017,61162.09739,SGP
Singapore,2018,66840.63734,SGP
Singapore,2019,66081.71992,SGP
Singapore,2020,61466.80368,SGP
Singapore,2021,79601.41296,SGP
Singapore,2022,88428.70242,SGP
Singapore,2023,84734.25592,SGP
Slovakia,2000,5421.644844,SVK
Slovakia,2001,5712.478028,SVK
Slovakia,2002,6554.628084,SVK
Slovakia,2003,8675.396337,SVK
Slovakia,2004,10650.12901,SVK
Slovakia,2005,11641.54103,SVK
Slovakia,2006,13167.89547,SVK
Slovakia,2007,16110.48173,SVK
Slovakia,2008,18744.31923,SVK
Slovakia,2009,16586.75278,SVK
Slovakia,2010,16899.44868,SVK
Slovakia,2011,18469.43543,SVK
Slovakia,2012,17516.96911,SVK
Slovakia,2013,18312.78051,SVK
Slovakia,2014,18770.92899,SVK
Slovakia,2015,16442.07609,SVK
Slovakia,2016,16636.07691,SVK
Slovakia,2017,17645.52987,SVK
Slovakia,2018,19573.3717,SVK
Slovakia,2019,19406.05897,SVK
Slovakia,2020,19735.48583,SVK
Slovakia,2021,22138.19498,SVK
Slovakia,2022,21342.76667,SVK
Slovakia,2023,24491.37719,SVK
Slovenia,2000,10135.72191,SVN
Slovenia,2001,10375.62559,SVN
Slovenia,2002,11639.12978,SVN
Slovenia,2003,14711.67487,SVN
Slovenia,2004,17103.82978,SVN
Slovenia,2005,17969.70959,SVN
Slovenia,2006,19563.00506,SVN
Slovenia,2007,23725.1596,SVN
Slovenia,2008,27461.97642,SVN
Slovenia,2009,24501.78973,SVN
Slovenia,2010,23329.84177,SVN
Slovenia,2011,24940.62848,SVN
Slovenia,2012,22442.14179,SVN
Slovenia,2013,23236.96553,SVN
Slovenia,2014,24013.06821,SVN
Slovenia,2015,20697.27485,SVN
Slovenia,2016,21447.83778,SVN
Slovenia,2017,23303.07771,SVN
Slovenia,2018,25888.04811,SVN
Slovenia,2019,25814.16872,SVN
Slovenia,2020,25392.06511,SVN
Slovenia,2021,29187.36938,SVN
Slovenia,2022,28373.83823,SVN
Slovenia,2023,32610.11092,SVN
South Africa,2000,3217.846934,ZAF
South Africa,2001,2847.151919,ZAF
South Africa,2002,2688.23676,ZAF
South Africa,2003,4062.21756,ZAF
South Africa,2004,5221.463337,ZAF
South Africa,2005,5836.876633,ZAF
South Africa,2006,6077.382934,ZAF
South Africa,2007,6591.85536,ZAF
South Africa,2008,6184.754743,ZAF
South Africa,2009,6374.7056,ZAF
South Africa,2010,7973.471958,ZAF
South Africa,2011,8646.055711,ZAF
South Africa,2012,8076.976785,ZAF
South Africa,2013,7331.654674,ZAF
South Africa,2014,6856.731371,ZAF
South Africa,2015,6112.273825,ZAF
South Africa,2016,5651.205852,ZAF
South Africa,2017,6618.335083,ZAF
South Africa,2018,6914.178032,ZAF
South Africa,2019,6533.71121,ZAF
South Africa,2020,5580.603831,ZAF
South Africa,2021,6843.399419,ZAF
South Africa,2022,6523.410978,ZAF
South Africa,2023,6022.542542,ZAF
South Korea,2000,12257.02066,KOR
South Korea,2001,11561.20717,KOR
South Korea,2002,13165.08362,KOR
South Korea,2003,14672.80575,KOR
South Korea,2004,16496.13162,KOR
South Korea,2005,19402.50263,KOR
South Korea,2006,21743.47745,KOR
South Korea,2007,24086.41044,KOR
South Korea,2008,21350.42798,KOR
South Korea,2009,19143.85161,KOR
South Korea,2010,23079.26013,KOR
South Korea,2011,25097.59543,KOR
South Korea,2012,25459.1689,KOR
South Korea,2013,27179.51701,KOR
South Korea,2014,29252.93124,KOR
South Korea,2015,28737.43917,KOR
South Korea,2016,29280.44032,KOR
South Korea,2017,31600.73587,KOR
South Korea,2018,33447.15628,KOR
South Korea,2019,31902.4169,KOR
South Korea,2020,31721.29891,KOR
South Korea,2021,35125.5225,KOR
South Korea,2022,32394.68337,KOR
South Korea,2023,33121.37129,KOR
Spain,2000,14743.2671,ESP
Spain,2001,15368.2338,ESP
Spain,2002,17111.06851,ESP
Spain,2003,21522.0171,ESP
Spain,2004,24925.02678,ESP
Spain,2005,26450.95301,ESP
Spain,2006,28421.68653,ESP
Spain,2007,32652.01559,ESP
Spain,2008,35603.24833,ESP
Spain,2009,32279.82085,ESP
Spain,2010,30658.74223,ESP
Spain,2011,31824.62191,ESP
Spain,2012,28456.44382,ESP
Spain,2013,29218.91052,ESP
Spain,2014,29694.88749,ESP
Spain,2015,25969.83831,ESP
Spain,2016,26740.68518,ESP
Spain,2017,28367.93926,ESP
Spain,2018,30592.12648,ESP
Spain,2019,29776.20115,ESP
Spain,2020,27230.35999,ESP
Spain,2021,30817.68286,ESP
Spain,2022,30287.36576,ESP
Spain,2023,33509.0128,ESP
Sri Lanka,2000,846.4608133,LKA
Sri Lanka,2001,803.5440266,LKA
Sri Lanka,2002,834.9360149,LKA
Sri Lanka,2003,946.3822551,LKA
Sri Lanka,2004,1028.620681,LKA
Sri Lanka,2005,1207.219948,LKA
Sri Lanka,2006,1389.506256,LKA
Sri Lanka,2007,1578.634511,LKA
Sri Lanka,2008,1973.584769,LKA
Sri Lanka,2009,2026.6594,LKA
Sri Lanka,2010,2808.367792,LKA
Sri Lanka,2011,3224.957363,LKA
Sri Lanka,2012,3327.776124,LKA
Sri Lanka,2013,3740.615893,LKA
Sri Lanka,2014,3971.919131,LKA
Sri Lanka,2015,4060.131397,LKA
Sri Lanka,2016,4149.761055,LKA
Sri Lanka,2017,4401.05567,LKA
Sri Lanka,2018,4360.584735,LKA
Sri Lanka,2019,4082.694049,LKA
Sri Lanka,2020,3846.174496,LKA
Sri Lanka,2021,3999.337647,LKA
Sri Lanka,2022,3342.719896,LKA
Sri Lanka,2023,3827.964956,LKA
Sudan,2000,362.1168823,SDN
Sudan,2001,451.2933044,SDN
Sudan,2002,506.2626343,SDN
Sudan,2003,580.3202515,SDN
Sudan,2004,705.1133423,SDN
Sudan,2005,905.5436401,SDN
Sudan,2006,1132.474609,SDN
Sudan,2007,1444.372192,SDN
Sudan,2008,1527.582397,SDN
Sudan,2009,1178.221802,SDN
Sudan,2010,1305.635986,SDN
Sudan,2011,1332.657227,SDN
Sudan,2012,1019.222107,SDN
Sudan,2013,1138.627808,SDN
Sudan,2014,1275.438354,SDN
Sudan,2015,1292.379639,SDN
Sudan,2016,1033.215942,SDN
Sudan,2017,966.5056763,SDN
Sudan,2018,731.0274658,SDN
Sudan,2019,709.9752808,SDN
Sudan,2020,577.7952271,SDN
Sudan,2021,712.1220093,SDN
Sudan,2022,1046.240845,SDN
Sudan,2023,2183.441406,SDN
Sweden,2000,29632.77361,SWE
Sweden,2001,27259.48067,SWE
Sweden,2002,29957.93877,SWE
Sweden,2003,37292.42143,SWE
Sweden,2004,42758.20155,SWE
Sweden,2005,43378.61521,SWE
Sweden,2006,46531.60011,SWE
Sweden,2007,53568.56455,SWE
Sweden,2008,55817.43927,SWE
Sweden,2009,46707.86732,SWE
Sweden,2010,52542.82741,SWE
Sweden,2011,60379.77482,SWE
Sweden,2012,57749.82513,SWE
Sweden,2013,60844.27671,SWE
Sweden,2014,59583.714,SWE
Sweden,2015,51197.95293,SWE
Sweden,2016,51820.39725,SWE
Sweden,2017,53300.85873,SWE
Sweden,2018,54181.90698,SWE
Sweden,2019,51773.04646,SWE
Sweden,2020,52653.75659,SWE
Sweden,2021,61174.96802,SWE
Sweden,2022,55296.93715,SWE
Sweden,2023,55516.83648,SWE
Switzerland,2000,38865.02194,CHE
Switzerland,2001,39638.79111,CHE
Switzerland,2002,42458.73847,CHE
Switzerland,2003,49335.74563,CHE
Switzerland,2004,54659.45715,CHE
Switzerland,2005,56242.89336,CHE
Switzerland,2006,59011.03246,CHE
Switzerland,2007,64989.15533,CHE
Switzerland,2008,74175.19279,CHE
Switzerland,2009,71568.31239,CHE
Switzerland,2010,76531.37294,CHE
Switzerland,2011,90476.75897,CHE
Switzerland,2012,85836.20768,CHE
Switzerland,2013,87304.33058,CHE
Switzerland,2014,88724.99094,CHE
Switzerland,2015,83806.4476,CHE
Switzerland,2016,82153.07454,CHE
Switzerland,2017,82254.37693,CHE
Switzerland,2018,85217.36915,CHE
Switzerland,2019,84121.93103,CHE
Switzerland,2020,85897.78433,CHE
Switzerland,2021,93446.43445,CHE
Switzerland,2022,93245.79521,CHE
Switzerland,2023,99564.71003,CHE
Syria,2000,1138.188485,SYR
Syria,2001,1186.829135,SYR
Syria,2002,1183.247345,SYR
Syria,2003,1220.179077,SYR
Syria,2004,1368.114823,SYR
Syria,2005,1533.901665,SYR
Syria,2006,1718.783472,SYR
Syria,2007,1937.611386,SYR
Syria,2008,2429.124771,SYR
Syria,2009,2462.201936,SYR
Syria,2010,2730.614771,SYR
Syria,2011,2952.143494,SYR
Syria,2012,1897.66115,SYR
Syria,2013,985.8926692,SYR
Syria,2014,1060.591059,SYR
Syria,2015,847.7316319,SYR
Syria,2016,656.3490586,SYR
Syria,2017,851.5020053,SYR
Syria,2018,1098.066864,SYR
Syria,2019,1109.53926,SYR
Syria,2020,572.3552898,SYR
Syria,2021,663.6142457,SYR
Syria,2022,1051.671496,SYR
Tajikistan,2000,136.9257164,TJK
Tajikistan,2001,168.6762854,TJK
Tajikistan,2002,186.9516383,TJK
Tajikistan,2003,233.5812485,TJK
Tajikistan,2004,305.7451586,TJK
Tajikistan,2005,333.9271509,TJK
Tajikistan,2006,401.0184033,TJK
Tajikistan,2007,516.9972106,TJK
Tajikistan,2008,703.3273759,TJK
Tajikistan,2009,664.7956557,TJK
Tajikistan,2010,737.3388832,TJK
Tajikistan,2011,833.6019782,TJK
Tajikistan,2012,952.4528197,TJK
Tajikistan,2013,1028.197043,TJK
Tajikistan,2014,1081.544029,TJK
Tajikistan,2015,956.9163109,TJK
Tajikistan,2016,788.7104817,TJK
Tajikistan,2017,829.4571476,TJK
Tajikistan,2018,834.2884046,TJK
Tajikistan,2019,871.0223729,TJK
Tajikistan,2020,834.3117155,TJK
Tajikistan,2021,896.7480534,TJK
Tajikistan,2022,1052.179495,TJK
Tajikistan,2023,1160.81187,TJK
Thailand,2000,2005.976945,THA
Thailand,2001,1889.934325,THA
Thailand,2002,2089.751831,THA
Thailand,2003,2347.540013,THA
Thailand,2004,2641.562687,THA
Thailand,2005,2867.703834,THA
Thailand,2006,3331.320435,THA
Thailand,2007,3918.528174,THA
Thailand,2008,4309.135093,THA
Thailand,2009,4135.43987,THA
Thailand,2010,4973.862888,THA
Thailand,2011,5373.623283,THA
Thailand,2012,5725.528028,THA
Thailand,2013,6018.082447,THA
Thailand,2014,5801.197892,THA
Thailand,2015,5688.853354,THA
Thailand,2016,5833.577156,THA
Thailand,2017,6413.091825,THA
Thailand,2018,7099.776501,THA
Thailand,2019,7605.696578,THA
Thailand,2020,6985.643939,THA
Thailand,2021,7058.0695,THA
Thailand,2022,6909.359975,THA
Thailand,2023,7182.025258,THA
Togo,2000,409.8898028,TGO
Togo,2001,396.6926545,TGO
Togo,2002,445.2386915,TGO
Togo,2003,538.1653778,TGO
Togo,2004,560.2663085,TGO
Togo,2005,551.25985,TGO
Togo,2006,552.5022713,TGO
Togo,2007,607.5882245,TGO
Togo,2008,718.9487864,TGO
Togo,2009,720.6941688,TGO
Togo,2010,704.9871642,TGO
Togo,2011,783.9893805,TGO
Togo,2012,762.3920476,TGO
Togo,2013,826.5432595,TGO
Togo,2014,855.5852849,TGO
Togo,2015,751.0524051,TGO
Togo,2016,772.5817871,TGO
Togo,2017,792.7654872,TGO
Togo,2018,851.1308069,TGO
Togo,2019,826.2606541,TGO
Togo,2020,853.5782203,TGO
Togo,2021,939.6133738,TGO
Togo,2022,898.7581544,TGO
Togo,2023,985.6975126,TGO
Trinidad and Tobago,2000,6178.589756,TTO
Trinidad and Tobago,2001,6657.414669,TTO
Trinidad and Tobago,2002,6762.930808,TTO
Trinidad and Tobago,2003,8445.046535,TTO
Trinidad and Tobago,2004,9871.034198,TTO
Trinidad and Tobago,2005,12346.43731,TTO
Trinidad and Tobago,2006,14152.66074,TTO
Trinidad and Tobago,2007,16606.67536,TTO
Trinidad and Tobago,2008,21298.99453,TTO
Trinidad and Tobago,2009,14634.0565,TTO
Trinidad and Tobago,2010,16815.42474,TTO
Trinidad and Tobago,2011,19151.08702,TTO
Trinidad and Tobago,2012,20472.35743,TTO
Trinidad and Tobago,2013,21416.36608,TTO
Trinidad and Tobago,2014,22074.42631,TTO
Trinidad and Tobago,2015,20024.75466,TTO
Trinidad and Tobago,2016,17521.80075,TTO
Trinidad and Tobago,2017,17720.49724,TTO
Trinidad and Tobago,2018,18076.35656,TTO
Trinidad and Tobago,2019,17431.02693,TTO
Trinidad and Tobago,2020,15224.50835,TTO
Trinidad and Tobago,2021,17912.51062,TTO
Trinidad and Tobago,2022,22004.19979,TTO
Trinidad and Tobago,2023,20016.1503,TTO
Tunisia,2000,2199.044659,TUN
Tunisia,2001,2235.719816,TUN
Tunisia,2002,2320.772381,TUN
Tunisia,2003,2725.864315,TUN
Tunisia,2004,3067.419364,TUN
Tunisia,2005,3146.826074,TUN
Tunisia,2006,3322.569336,TUN
Tunisia,2007,3726.916729,TUN
Tunisia,2008,4255.05008,TUN
Tunisia,2009,4080.090324,TUN
Tunisia,2010,4291.861209,TUN
Tunisia,2011,4420.647722,TUN
Tunisia,2012,4297.267825,TUN
Tunisia,2013,4369.793458,TUN
Tunisia,2014,4458.978955,TUN
Tunisia,2015,4014.947737,TUN
Tunisia,2016,3847.803544,TUN
Tunisia,2017,3619.032473,TUN
Tunisia,2018,3628.103665,TUN
Tunisia,2019,3528.872133,TUN
Tunisia,2020,3548.653637,TUN
Tunisia,2021,3885.281665,TUN
Tunisia,2022,3678.400234,TUN
Tunisia,2023,3977.695166,TUN
Turkey,2000,4192.443167,TUR
Turkey,2001,3045.55414,TUR
Turkey,2002,3583.197459,TUR
Turkey,2003,4637.882185,TUR
Turkey,2004,5960.778989,TUR
Turkey,2005,7303.013889,TUR
Turkey,2006,7953.07848,TUR
Turkey,2007,9711.223761,TUR
Turkey,2008,10843.50369,TUR
Turkey,2009,9012.999458,TUR
Turkey,2010,10622.70204,TUR
Turkey,2011,11300.78522,TUR
Turkey,2012,11713.28498,TUR
Turkey,2013,12578.18786,TUR
Turkey,2014,12165.22014,TUR
Turkey,2015,11049.99511,TUR
Turkey,2016,10970.04589,TUR
Turkey,2017,10695.5502,TUR
Turkey,2018,9568.835063,TUR
Turkey,2019,9215.440499,TUR
Turkey,2020,8638.739038,TUR
Turkey,2021,9743.212778,TUR
Turkey,2022,10674.50416,TUR
Turkey,2023,13105.65857,TUR
Turkmenistan,2000,633.8354876,TKM
Turkmenistan,2001,756.0349763,TKM
Turkmenistan,2002,935.5408015,TKM
Turkmenistan,2003,1228.948703,TKM
Turkmenistan,2004,1379.230097,TKM
Turkmenistan,2005,1604.016185,TKM
Turkmenistan,2006,1996.593107,TKM
Turkmenistan,2007,2414.96072,TKM
Turkmenistan,2008,3605.503951,TKM
Turkmenistan,2009,3707.978507,TKM
Turkmenistan,2010,4058.53937,TKM
Turkmenistan,2011,5143.619293,TKM
Turkmenistan,2012,6053.874847,TKM
Turkmenistan,2013,6599.645291,TKM
Turkmenistan,2014,7164.145362,TKM
Turkmenistan,2015,5759.497904,TKM
Turkmenistan,2016,5686.98041,TKM
Turkmenistan,2017,5828.481662,TKM
Turkmenistan,2018,6125.051697,TKM
Turkmenistan,2019,6648.034896,TKM
Turkmenistan,2020,6592.60146,TKM
Turkmenistan,2021,7051.202111,TKM
Turkmenistan,2022,8156.35212,TKM
Turkmenistan,2023,8232.65226,TKM
Uganda,2000,258.0503387,UGA
Uganda,2001,236.0211889,UGA
Uganda,2002,241.9846884,UGA
Uganda,2003,250.7154366,UGA
Uganda,2004,292.381858,UGA
Uganda,2005,330.4054027,UGA
Uganda,2006,346.5182553,UGA
Uganda,2007,401.3891309,UGA
Uganda,2008,472.8426815,UGA
Uganda,2009,798.9470899,UGA
Uganda,2010,823.4881443,UGA
Uganda,2011,835.6200606,UGA
Uganda,2012,795.2228676,UGA
Uganda,2013,818.2854274,UGA
Uganda,2014,896.0547955,UGA
Uganda,2015,862.9346104,UGA
Uganda,2016,752.6965717,UGA
Uganda,2017,765.2183323,UGA
Uganda,2018,792.1657002,UGA
Uganda,2019,822.0570582,UGA
Uganda,2020,845.7664639,UGA
Uganda,2021,882.7917175,UGA
Uganda,2022,963.0673141,UGA
Uganda,2023,1002.309139,UGA
Ukraine,2000,653.2943115,UKR
Ukraine,2001,800.4907227,UKR
Ukraine,2002,903.0119019,UKR
Ukraine,2003,1076.481567,UKR
Ukraine,2004,1401.018066,UKR
Ukraine,2005,1875.335083,UKR
Ukraine,2006,2366.494141,UKR
Ukraine,2007,3160.327637,UKR
Ukraine,2008,4017.806641,UKR
Ukraine,2009,2607.087646,UKR
Ukraine,2010,3039.632324,UKR
Ukraine,2011,3656.697998,UKR
Ukraine,2012,3951.342285,UKR
Ukraine,2013,4129.896973,UKR
Ukraine,2014,3054.908203,UKR
Ukraine,2015,2094.473877,UKR
Ukraine,2016,2158.461182,UKR
Ukraine,2017,2604.287598,UKR
Ukraine,2018,3059.051758,UKR
Ukraine,2019,3619.861572,UKR
Ukraine,2020,3709.769287,UKR
Ukraine,2021,4775.945801,UKR
Ukraine,2022,4199.670898,UKR
Ukraine,2023,5069.703125,UKR
United Arab Emirates,2000,29865.50235,ARE
United Arab Emirates,2001,27745.17081,ARE
United Arab Emirates,2002,27753.60895,ARE
United Arab Emirates,2003,29659.54286,ARE
United Arab Emirates,2004,33376.71523,ARE
United Arab Emirates,2005,38719.31383,ARE
United Arab Emirates,2006,44342.60483,ARE
United Arab Emirates,2007,45854.73252,ARE
United Arab Emirates,2008,50054.17007,ARE
United Arab Emirates,2009,37803.06637,ARE
United Arab Emirates,2010,43696.67126,ARE
United Arab Emirates,2011,50789.05054,ARE
United Arab Emirates,2012,52034.47625,ARE
United Arab Emirates,2013,52023.5171,ARE
United Arab Emirates,2014,51381.40699,ARE
United Arab Emirates,2015,43534.99727,ARE
United Arab Emirates,2016,41326.40182,ARE
United Arab Emirates,2017,42340.59171,ARE
United Arab Emirates,2018,45689.857,ARE
United Arab Emirates,2019,44251.45414,ARE
United Arab Emirates,2020,37173.87541,ARE
United Arab Emirates,2021,43360.0211,ARE
United Arab Emirates,2022,49899.0653,ARE
United Arab Emirates,2023,49040.69475,ARE
United States,2000,36329.97026,USA
United States,2001,37133.6204,USA
United States,2002,37997.74243,USA
United States,2003,39490.30239,USA
United States,2004,41724.6412,USA
United States,2005,44123.39965,USA
United States,2006,46301.98765,USA
United States,2007,48050.22741,USA
United States,2008,48570.05943,USA
United States,2009,47194.95009,USA
United States,2010,48650.66432,USA
United States,2011,50065.97895,USA
United States,2012,51784.41147,USA
United States,2013,53409.75078,USA
United States,2014,55304.31553,USA
United States,2015,57040.20821,USA
United States,2016,58206.61419,USA
United States,2017,60322.26142,USA
United States,2018,63201.04585,USA
United States,2019,65604.68152,USA
United States,2020,64411.37318,USA
United States,2021,71318.30736,USA
United States,2022,78035.17536,USA
United States,2023,82769.41221,USA
Uruguay,2000,6987.700988,URY
Uruguay,2001,6382.761047,URY
Uruguay,2002,4149.761403,URY
Uruguay,2003,3671.123293,URY
Uruguay,2004,4168.660654,URY
Uruguay,2005,5284.25678,URY
Uruguay,2006,6001.332948,URY
Uruguay,2007,7222.054036,URY
Uruguay,2008,9423.965626,URY
Uruguay,2009,9881.395731,URY
Uruguay,2010,12641.05768,URY
Uruguay,2011,15132.26757,URY
Uruguay,2012,16259.59408,URY
Uruguay,2013,18335.25948,URY
Uruguay,2014,18322.42768,URY
Uruguay,2015,17125.90168,URY
Uruguay,2016,17009.75869,URY
Uruguay,2017,19184.66267,URY
Uruguay,2018,19249.94015,URY
Uruguay,2019,18315.73529,URY
Uruguay,2020,15789.68574,URY
Uruguay,2021,17888.21151,URY
Uruguay,2022,20691.9739,URY
Uruguay,2023,22797.81117,URY
Uzbekistan,2000,555.1492311,UZB
Uzbekistan,2001,454.4158123,UZB
Uzbekistan,2002,381.4092969,UZB
Uzbekistan,2003,394.1640289,UZB
Uzbekistan,2004,462.1714929,UZB
Uzbekistan,2005,542.8358087,UZB
Uzbekistan,2006,649.118167,UZB
Uzbekistan,2007,824.0281923,UZB
Uzbekistan,2008,1074.729288,UZB
Uzbekistan,2009,1205.799355,UZB
Uzbekistan,2010,1753.207302,UZB
Uzbekistan,2011,2087.863861,UZB
Uzbekistan,2012,2307.346491,UZB
Uzbekistan,2013,2461.979474,UZB
Uzbekistan,2014,2674.962838,UZB
Uzbekistan,2015,2803.19018,UZB
Uzbekistan,2016,2753.379514,UZB
Uzbekistan,2017,2190.604116,UZB
Uzbekistan,2018,1813.085308,UZB
Uzbekistan,2019,2041.384807,UZB
Uzbekistan,2020,1978.280519,UZB
Uzbekistan,2021,2258.519641,UZB
Uzbekistan,2022,2578.666894,UZB
Uzbekistan,2023,2849.514611,UZB
Venezuela,2000,4776.281676,VEN
Venezuela,2001,4920.393136,VEN
Venezuela,2002,3652.098965,VEN
Venezuela,2003,3229.505571,VEN
Venezuela,2004,4269.089709,VEN
Venezuela,2005,5432.485418,VEN
Venezuela,2006,6739.380653,VEN
Venezuela,2007,8331.62097,VEN
Venezuela,2008,11262.45143,VEN
Venezuela,2009,11596.60219,VEN
Venezuela,2010,13646.30466,VEN
Venezuela,2011,10843.92297,VEN
Venezuela,2012,12901.41716,VEN
Venezuela,2013,12403.1467,VEN
Venezuela,2014,15943.61272,VEN
Vietnam,2000,404.0297841,VNM
Vietnam,2001,419.2056776,VNM
Vietnam,2002,445.1328618,VNM
Vietnam,2003,497.1170892,VNM
Vietnam,2004,565.4522846,VNM
Vietnam,2005,710.74676,VNM
Vietnam,2006,807.7566451,VNM
Vietnam,2007,925.6403383,VNM
Vietnam,2008,1163.831958,VNM
Vietnam,2009,1226.169761,VNM
Vietnam,2010,1683.161824,VNM
Vietnam,2011,1950.925042,VNM
Vietnam,2012,2185.117677,VNM
Vietnam,2013,2359.517365,VNM
Vietnam,2014,2546.384645,VNM
Vietnam,2015,2577.568853,VNM
Vietnam,2016,2735.060438,VNM
Vietnam,2017,2956.109921,VNM
Vietnam,2018,3222.310031,VNM
Vietnam,2019,3440.900254,VNM
Vietnam,2020,3534.039535,VNM
Vietnam,2021,3704.193559,VNM
Vietnam,2022,4116.385761,VNM
Vietnam,2023,4282.088517,VNM
Zambia,2000,359.429501,ZMB
Zambia,2001,396.548953,ZMB
Zambia,2002,393.8646255,ZMB
Zambia,2003,446.2901048,ZMB
Zambia,2004,548.6859746,ZMB
Zambia,2005,710.9820682,ZMB
Zambia,2006,1051.717149,ZMB
Zambia,2007,1118.731626,ZMB
Zambia,2008,1375.50211,ZMB
Zambia,2009,1136.241683,ZMB
Zambia,2010,1451.10616,ZMB
Zambia,2011,1624.868178,ZMB
Zambia,2012,1710.050613,ZMB
Zambia,2013,1820.718548,ZMB
Zambia,2014,1707.485731,ZMB
Zambia,2015,1295.877887,ZMB
Zambia,2016,1239.085279,ZMB
Zambia,2017,1483.465773,ZMB
Zambia,2018,1463.899979,ZMB
Zambia,2019,1258.986198,ZMB
Zambia,2020,951.6443167,ZMB
Zambia,2021,1127.160779,ZMB
Zambia,2022,1447.123101,ZMB
Zambia,2023,1330.727806,ZMB
Zimbabwe,2000,562.5569004,ZWE
Zimbabwe,2001,566.1076466,ZWE
Zimbabwe,2002,524.6772388,ZWE
Zimbabwe,2003,468.2341858,ZWE
Zimbabwe,2004,469.4846536,ZWE
Zimbabwe,2005,461.0282813,ZWE
Zimbabwe,2006,430.8091793,ZWE
Zimbabwe,2007,413.3025717,ZWE
Zimbabwe,2008,340.7401829,ZWE
Zimbabwe,2009,735.4445517,ZWE
Zimbabwe,2010,901.5544436,ZWE
Zimbabwe,2011,1037.25491,ZWE
Zimbabwe,2012,1238.60109,ZWE
Zimbabwe,2013,1362.300668,ZWE
Zimbabwe,2014,1372.212781,ZWE
Zimbabwe,2015,1386.422847,ZWE
Zimbabwe,2016,1407.415364,ZWE
Zimbabwe,2017,3448.082537,ZWE
Zimbabwe,2018,2271.853335,ZWE
Zimbabwe,2019,1684.027904,ZWE
Zimbabwe,2020,1730.413489,ZWE
Zimbabwe,2021,1724.387731,ZWE
Zimbabwe,2022,2040.552459,ZWE
Zimbabwe,2023,2156.034004,ZWE
